tipo_transacao,valor_brl,saldo_anterior_pagador,saldo_posterior_pagador,saldo_anterior_recebedor,saldo_posterior_recebedor,hora_dia,dia_util,horario_noturno,acima_limite_noturno,razao_saldo_residual,proporcao_valor_recebedor,fraude
dados_bancarios,399546.78,876902.02,477355.24,22290.5,421837.28,8,True,False,False,0.544366,0.947159,0
dados_bancarios,724804.64,4360543.66,3635739.02,100350.81,825155.45,15,False,False,False,0.833781,0.878386,0
dados_bancarios,227994.78,228222.77,227.99,268.52,228263.3,12,False,False,False,0.000999,0.998824,1
chave_pix,849945.81,17331260.36,16481314.55,0.01,849945.82,17,True,False,False,0.950959,1.0,0
chave_pix,1099000.47,6240121.94,5141121.47,1975.45,1100975.92,14,False,False,False,0.823882,0.998206,0
pix_copia_e_cola,400764.99,930626.09,529861.1,15257.53,416022.52,15,True,False,False,0.56936,0.963325,0
chave_pix,29473.67,56675.31,27201.64,357.88,29831.55,21,True,True,True,0.479956,0.988003,1
pix_copia_e_cola,133207.71,237146.15,103938.44,699.29,133907.0,21,False,True,True,0.438289,0.994778,1
chave_pix,2374863.91,5762738.52,3387874.61,5470.52,2380334.43,10,True,False,False,0.587893,0.997702,0
chave_pix,1547877.98,1549425.86,1547.88,727.63,1548605.61,12,True,False,False,0.000999,0.99953,1
dados_bancarios,245101.46,805768.13,560666.67,11462.9,256564.36,14,True,False,False,0.695816,0.955322,0
dados_bancarios,276400.36,3063569.54,2787169.18,65938.43,342338.79,18,False,False,False,0.909778,0.807388,0
chave_pix,52548.49,337789.87,285241.38,1032.97,53581.46,3,False,True,True,0.844434,0.980722,1
chave_pix,1161581.25,1298940.7,137359.45,86.46,1161667.71,17,True,False,False,0.105747,0.999926,1
pix_copia_e_cola,358672.71,1566260.18,1207587.47,17217.02,375889.73,16,True,False,False,0.771001,0.954197,0
chave_pix,556735.81,6399061.24,5842325.43,46507.96,603243.77,13,False,False,False,0.912997,0.922904,0
dados_bancarios,444458.27,4122556.77,3678098.5,12513.29,456971.56,14,True,False,False,0.892189,0.972617,0
chave_pix,533476.33,5379627.54,4846151.21,3266.96,536743.29,17,False,False,False,0.900834,0.993913,0
dados_bancarios,496719.82,763371.37,266651.55,120.9,496840.72,3,True,True,True,0.349308,0.999757,1
chave_pix,235066.55,235301.61654999998,235.07,348.84,235415.39,6,False,False,False,0.000999,0.998518,1
chave_pix,2818158.1,2820976.2580999997,2818.16,350.61,2818508.71,13,True,False,False,0.000999,0.999876,1
chave_pix,744197.02,1786343.59,1042146.57,70571.32,814768.34,20,False,True,True,0.583396,0.913385,0
chave_pix,286270.35,1584363.07,1298092.72,82631.98,368902.33,16,True,False,False,0.819315,0.776006,0
chave_pix,391215.7,3890740.93,3499525.23,17793.59,409009.29,13,True,False,False,0.89945,0.956496,0
chave_pix,702554.03,10613460.15,9910906.12,12180.07,714734.1,17,False,False,False,0.933805,0.982959,0
chave_pix,585495.83,1229514.77,644018.94,33237.94,618733.77,14,True,False,False,0.523799,0.946281,0
chave_pix,70529.45,70599.97944999998,70.53,0.01,70529.46,17,False,False,False,0.000999,1.0,0
chave_pix,1536664.35,3602117.71,2065453.36,7371.98,1544036.33,10,True,False,False,0.5734,0.995226,0
chave_pix,1290940.14,5482674.17,4191734.03,67142.09,1358082.23,11,False,False,False,0.764542,0.950561,0
chave_pix,302773.8,1080300.88,777527.08,82250.21,385024.01,16,False,False,False,0.719732,0.786376,0
chave_pix,1182786.53,5104053.16,3921266.63,12984.08,1195770.61,9,True,False,False,0.768265,0.989142,0
chave_pix,423159.95,1945631.34,1522471.39,13482.61,436642.56,18,False,False,False,0.782508,0.969122,0
chave_pix,780630.26,795522.06,14891.8,2919.65,783549.91,19,False,False,False,0.01872,0.996274,0
dados_bancarios,80614.88,505818.92,425204.04,7004.92,87619.8,8,False,False,False,0.840625,0.920053,0
chave_pix,171360.32,1623609.74,1452249.42,37740.12,209100.44,2,True,True,True,0.894457,0.819512,0
dados_bancarios,223730.4,223954.13,223.73,175.82,223906.22,23,True,True,True,0.000999,0.999215,1
chave_pix,1165060.16,3669441.53,2504381.37,34628.17,1199688.33,14,True,False,False,0.682497,0.971136,0
dados_bancarios,1164562.27,3882370.11,2717807.84,22137.34,1186699.61,6,True,False,False,0.700038,0.981345,0
chave_pix,635426.97,4761284.48,4125857.51,0.01,635426.98,8,True,False,False,0.866543,1.0,0
dados_bancarios,490660.38,2041105.37,1550444.99,31307.15,521967.53,19,True,False,False,0.75961,0.940021,0
dados_bancarios,0.01,278549.07,278549.06,10465.72,10465.73,21,False,True,False,1.0,1e-06,0
chave_pix,6807226.02,6814033.246019999,6807.23,858.39,6808084.41,3,True,True,True,0.000999,0.999874,1
dados_bancarios,405062.33,409050.29,3987.96,94.83,405157.16,19,True,False,False,0.009749,0.999766,1
pix_copia_e_cola,408521.74,408930.2617399999,408.52,68924.98,477446.72,16,True,False,False,0.000999,0.855638,0
pix_copia_e_cola,246703.57,1253019.11,1006315.54,2509.57,249213.14,14,False,False,False,0.803113,0.98993,0
pix_copia_e_cola,396888.81,2698543.16,2301654.35,16757.28,413646.09,13,False,False,False,0.852925,0.959489,0
chave_pix,226795.2,869214.01,642418.81,42163.35,268958.55,16,True,False,False,0.73908,0.843235,0
pix_copia_e_cola,320188.07,1963274.95,1643086.88,28991.11,349179.18,20,True,True,True,0.836911,0.916974,0
chave_pix,769922.55,2232193.83,1462271.28,13159.13,783081.68,15,True,False,False,0.655083,0.983196,0
chave_pix,10236227.21,11261069.96,1024842.75,179.83,10236407.04,9,False,False,False,0.091008,0.999982,1
chave_pix,2552150.34,2603232.03,51081.69,167.42,2552317.76,11,True,False,False,0.019622,0.999934,1
chave_pix,1398633.34,1485881.37,87248.03,139.53,1398772.87,13,True,False,False,0.058718,0.9999,1
chave_pix,175127.9,175303.0279,175.13,165.19,175293.09,5,True,True,True,0.000999,0.999058,1
chave_pix,8707315.68,60983211.3,52275895.62,23799.1,8731114.78,10,False,False,False,0.857218,0.997274,0
chave_pix,763888.31,2862852.45,2098964.14,28130.9,792019.21,0,True,True,True,0.733172,0.964482,0
chave_pix,147843.5,962676.56,814833.06,5997.53,153841.03,16,True,False,False,0.846425,0.961015,0
chave_pix,244418.94,2150858.75,1906439.81,6377.99,250796.93,14,False,False,False,0.886362,0.974569,0
chave_pix,413912.23,1873429.19,1459516.96,12204.09,426116.32,14,True,False,False,0.779062,0.97136,0
dados_bancarios,932695.58,17466079.57,16533383.99,15343.88,948039.46,7,False,False,False,0.9466,0.983815,0
chave_pix,667691.83,2233911.95,1566220.12,29431.74,697123.57,14,False,False,False,0.701111,0.957781,0
dados_bancarios,294723.39,2874312.98,2579589.59,11936.98,306660.37,16,True,False,False,0.897463,0.961074,0
chave_pix,368338.49,1284216.57,915878.08,87280.43,455618.92,20,True,True,True,0.71318,0.808435,0
chave_pix,1314720.23,6958046.66,5643326.43,21741.5,1336461.73,12,False,False,False,0.81105,0.983732,0
chave_pix,97315.1,1620193.03,1522877.93,16305.42,113620.52,17,True,False,False,0.939936,0.856492,0
pix_copia_e_cola,779064.7,5335961.92,4556897.22,8751.31,787816.01,14,True,False,False,0.853997,0.988892,0
pix_copia_e_cola,320175.18,389225.85,69050.67,46049.89,366225.07,9,False,False,False,0.177405,0.874258,0
chave_pix,407449.88,1142437.0,734987.12,22319.15,429769.03,20,True,True,True,0.64335,0.948067,0
chave_pix,668031.08,4608161.55,3940130.47,14712.88,682743.96,12,True,False,False,0.855033,0.97845,0
pix_copia_e_cola,541850.4,1922597.02,1380746.62,21604.96,563455.36,14,True,False,False,0.718167,0.961656,0
chave_pix,372168.56,372540.72855999996,372.17,0.01,372168.57,3,True,True,True,0.000999,1.0,1
chave_pix,825661.13,3144120.98,2318459.85,98451.2,924112.33,16,False,False,False,0.737395,0.893464,0
chave_pix,401908.49,3432472.57,3030564.08,9534.52,411443.01,18,False,False,False,0.88291,0.976827,0
dados_bancarios,241259.87,525028.88,283769.01,7859.41,249119.28,23,False,True,True,0.540483,0.968451,0
chave_pix,316521.69,3158755.34,2842233.65,9462.01,325983.7,11,False,False,False,0.899795,0.970974,0
chave_pix,517702.81,3397683.2,2879980.39,24186.98,541889.79,17,True,False,False,0.847631,0.955365,0
chave_pix,3832424.8,14563465.25,10731040.45,35920.62,3868345.42,15,True,False,False,0.736847,0.990714,0
chave_pix,603095.68,603698.77568,603.1,293.78,603389.46,22,True,True,True,0.000999,0.999513,1
chave_pix,2153055.36,2155208.42,2153.06,1309.98,2154365.34,6,True,False,False,0.000999,0.999392,1
chave_pix,710240.43,2972369.48,2262129.05,26377.77,736618.2,16,True,False,False,0.761052,0.964191,0
chave_pix,892213.56,1219237.48,327023.92,224.9,892438.46,5,False,True,True,0.26822,0.999748,1
pix_copia_e_cola,9595335.29,29319627.97,19724292.68,25066.06,9620401.35,23,False,True,True,0.672733,0.997394,0
chave_pix,158585.33,476177.33,317592.0,15307.37,173892.7,21,True,True,True,0.666962,0.911972,0
chave_pix,556767.46,2927856.73,2371089.27,4244.32,561011.78,9,False,False,False,0.809838,0.992435,0
dados_bancarios,667329.62,796874.71,129545.09,496.18,667825.8,11,True,False,False,0.162566,0.999257,1
chave_pix,206704.31,206911.01430999997,206.7,477.93,207182.24,17,True,False,False,0.000999,0.997693,1
chave_pix,462595.32,1732195.58,1269600.26,23768.72,486364.04,20,False,True,True,0.732943,0.95113,0
chave_pix,2190762.32,2192953.08,2190.76,59.75,2190822.07,6,True,False,False,0.000999,0.999973,1
chave_pix,64006.97,136568.82,72561.85,2309.47,66316.44,14,True,False,False,0.531321,0.965175,0
chave_pix,164215.72,528115.06,363899.34,76233.8,240449.52,11,True,False,False,0.689053,0.682953,0
chave_pix,2060208.9,16287611.63,14227402.73,74632.68,2134841.58,15,True,False,False,0.873511,0.965041,0
chave_pix,661102.97,3606880.95,2945777.98,42091.4,703194.37,17,True,False,False,0.816711,0.940143,0
chave_pix,240753.94,858038.7,617284.76,13354.75,254108.69,11,True,False,False,0.719414,0.947445,0
dados_bancarios,366245.22,2000681.82,1634436.6,47408.06,413653.28,19,False,False,False,0.81694,0.885392,0
chave_pix,10000000.0,11312352.02,1312352.02,195.91,10000195.91,21,True,True,True,0.116011,0.99998,1
dados_bancarios,0.01,144692.02,144692.01,34062.5,34062.51,1,False,True,False,1.0,0.0,1
chave_pix,1501079.91,7891505.32,6390425.41,31459.4,1532539.31,19,False,False,False,0.809785,0.979472,0
chave_pix,474963.71,774085.54,299121.83,87522.8,562486.51,13,True,False,False,0.38642,0.8444,0
chave_pix,692852.46,693545.3124599999,692.85,13475.73,706328.19,13,True,False,False,0.000999,0.980921,0
chave_pix,1023356.77,1082042.25,58685.48,469.05,1023825.82,13,True,False,False,0.054236,0.999542,1
chave_pix,44873.11,44917.983109999994,44.87,298.51,45171.62,17,True,False,False,0.000999,0.993392,1
chave_pix,186858.1,1386954.13,1200096.03,9259.03,196117.13,0,True,True,True,0.865274,0.952788,0
chave_pix,529390.43,529919.82043,529.39,80430.97,609821.4,20,True,True,True,0.000999,0.868107,0
chave_pix,223929.46,364193.07,140263.61,9197.43,233126.89,15,True,False,False,0.385135,0.960548,0
chave_pix,659872.18,2522050.37,1862178.19,47279.73,707151.91,18,True,False,False,0.738359,0.933141,0
dados_bancarios,547746.17,3297530.17,2749784.0,70812.02,618558.19,14,True,False,False,0.833892,0.885521,0
dados_bancarios,900320.39,2822357.87,1922037.48,65609.12,965929.51,19,False,False,False,0.681004,0.932077,0
chave_pix,100938.49,404827.21,303888.72,31101.95,132040.44,16,True,False,False,0.750663,0.764451,0
dados_bancarios,838753.21,6026622.97,5187869.76,21921.28,860674.49,13,False,False,False,0.860825,0.97453,0
dados_bancarios,569685.72,8400728.16,7831042.44,30489.84,600175.56,18,True,False,False,0.932186,0.949198,0
chave_pix,193775.05,922339.48,728564.43,10763.45,204538.5,14,False,False,False,0.789909,0.947377,0
chave_pix,581368.19,3338763.14,2757394.95,82829.69,664197.88,14,True,False,False,0.825873,0.875294,0
chave_pix,1556093.82,5507203.07,3951109.25,20126.57,1576220.39,11,False,False,False,0.717444,0.987231,0
chave_pix,776365.15,940109.88,163744.73,26243.98,802609.13,14,True,False,False,0.174176,0.967302,0
pix_copia_e_cola,1204316.07,2662049.85,1457733.78,10867.86,1215183.93,14,False,False,False,0.547598,0.991057,0
chave_pix,0.01,333555.52,333555.51,892.32,892.33,9,False,False,False,1.0,1.1e-05,1
pix_copia_e_cola,770416.94,1287822.25,517405.31,44584.36,815001.3,8,True,False,False,0.401768,0.945295,0
chave_pix,133901.59,306611.33,172709.74,133229.0,267130.59,9,False,False,False,0.563286,0.501259,1
chave_pix,458603.07,459061.67,458.6,34.94,458638.01,10,False,False,False,0.000999,0.999924,1
chave_pix,236894.95,664541.97,427647.02,7926.42,244821.37,20,True,True,True,0.643521,0.967624,0
chave_pix,218389.83,1029766.3,811376.47,4771.3,223161.13,15,False,False,False,0.787923,0.978619,0
pix_copia_e_cola,16275.6,114245.94,97970.34,13896.25,30171.85,16,True,False,False,0.857539,0.53943,0
dados_bancarios,298774.39,2171878.19,1873103.8,144121.85,442896.24,19,True,False,False,0.862435,0.674592,0
chave_pix,481838.17,1648106.72,1166268.55,37757.18,519595.35,10,False,False,False,0.707641,0.927333,0
chave_pix,33736.4,33770.136399999996,33.74,21872.54,55608.94,11,True,False,False,0.000999,0.606672,0
chave_pix,129774.21,452708.98,322934.77,18896.4,148670.61,19,True,False,False,0.713339,0.872898,0
chave_pix,0.01,0.01001,0.0,31988.77,31988.78,13,True,False,False,0.0,0.0,0
chave_pix,457829.19,1111388.12,653558.93,11382.46,469211.65,19,False,False,False,0.588056,0.975741,0
chave_pix,0.01,527684.33,527684.32,312.99,313.0,22,False,True,False,1.0,3.2e-05,1
chave_pix,480707.93,2617531.2,2136823.27,18226.2,498934.13,16,True,False,False,0.816351,0.96347,0
chave_pix,16595.01,29556.62,12961.61,135938.19,152533.2,17,True,False,False,0.438535,0.108796,0
dados_bancarios,1449950.91,2387697.25,937746.34,14585.52,1464536.43,18,True,False,False,0.392741,0.990041,0
chave_pix,1413577.73,11776248.7,10362670.97,75922.51,1489500.24,10,True,False,False,0.879964,0.949028,0
chave_pix,810846.04,2562641.42,1751795.38,403519.31,1214365.35,15,True,False,False,0.68359,0.667712,0
chave_pix,238878.14,1405579.24,1166701.1,37634.91,276513.05,13,True,False,False,0.83005,0.863895,0
pix_copia_e_cola,359106.81,3612036.3,3252929.49,29196.09,388302.9,19,True,False,False,0.900581,0.924811,0
chave_pix,280005.68,2781563.28,2501557.6,15198.51,295204.19,21,True,True,True,0.899335,0.948515,0
chave_pix,844650.11,8702859.9,7858209.79,29180.75,873830.86,13,False,False,False,0.902946,0.966606,0
chave_pix,1778520.7,2433059.04,654538.34,1434.3,1779955.0,3,True,True,True,0.269019,0.999194,1
chave_pix,313248.68,558471.61,245222.93,0.01,313248.69,9,True,False,False,0.439097,1.0,1
dados_bancarios,632470.99,5147974.06,4515503.07,4373.59,636844.58,17,True,False,False,0.877142,0.993132,0
pix_copia_e_cola,31323.2,112546.85,81223.65,27442.49,58765.69,9,False,False,False,0.721687,0.533019,0
chave_pix,44829.81,44874.64,44.83,3208.76,48038.57,1,True,True,True,0.000999,0.933205,1
chave_pix,962391.02,4755610.02,3793219.0,17326.6,979717.62,16,False,False,False,0.79763,0.982315,0
chave_pix,10724679.5,51522691.01,40798011.51,11396.0,10736075.5,15,False,False,False,0.791846,0.998939,0
chave_pix,1138522.66,4777428.72,3638906.06,20206.04,1158728.7,15,False,False,False,0.761687,0.982562,0
chave_pix,67692.41,67760.1,67.69,1144.44,68836.85,4,False,True,True,0.000999,0.983375,1
dados_bancarios,271193.97,735873.22,464679.25,33302.6,304496.57,10,False,False,False,0.631466,0.890631,0
chave_pix,329207.91,329537.1179099999,329.21,16536.93,345744.84,18,True,False,False,0.000999,0.95217,0
chave_pix,9277.3,400247.6,390970.3,312.59,9589.89,13,False,False,False,0.976821,0.967404,1
chave_pix,186635.8,696856.77,510220.97,190282.96,376918.76,10,True,False,False,0.732175,0.495162,0
chave_pix,156777.48,440143.52,283366.04,185678.37,342455.85,22,True,True,True,0.643804,0.457803,0
dados_bancarios,415660.86,3231695.44,2816034.58,33689.95,449350.81,23,True,True,True,0.87138,0.925025,0
chave_pix,71943.99,72015.93398999999,71.94,4089.6,76033.59,12,False,False,False,0.000999,0.946213,1
dados_bancarios,54400.06,54454.46005999999,54.4,19262.55,73662.61,19,False,False,False,0.000999,0.738503,0
pix_copia_e_cola,0.01,0.01001,0.0,24315.52,24315.53,20,False,True,False,0.0,0.0,0
pix_copia_e_cola,657891.67,3069421.01,2411529.34,136646.5,794538.17,12,True,False,False,0.785663,0.828018,0
chave_pix,327365.95,2498741.25,2171375.3,27088.23,354454.18,16,True,False,False,0.868988,0.923578,0
chave_pix,226976.02,825006.55,598030.53,21175.64,248151.66,19,True,False,False,0.72488,0.914667,0
chave_pix,0.01,58778.24,58778.23,364.32,364.33,12,True,False,False,1.0,2.7e-05,1
chave_pix,1298014.94,4968819.16,3670804.22,5553.08,1303568.02,8,False,False,False,0.738768,0.99574,0
dados_bancarios,2520977.0,13059544.55,10538567.55,3991.09,2524968.09,8,False,False,False,0.806963,0.998419,0
chave_pix,686320.84,687007.1608399999,686.32,14133.7,700454.54,14,False,False,False,0.000999,0.979822,0
chave_pix,898783.55,899682.33355,898.78,421.77,899205.32,11,False,False,False,0.000999,0.999531,1
dados_bancarios,735677.89,3205507.23,2469829.34,26606.41,762284.3,19,False,False,False,0.770496,0.965096,0
chave_pix,1487153.15,6349780.75,4862627.6,9803.01,1496956.16,12,False,False,False,0.765795,0.993451,0
dados_bancarios,139807.14,139946.94714,139.81,3238.1,143045.24,11,False,False,False,0.000999,0.977363,0
chave_pix,668863.08,1426349.43,757486.35,11906.24,680769.32,2,False,True,True,0.531066,0.982511,0
chave_pix,2520941.6,3483628.75,962687.15,276.05,2521217.65,11,False,False,False,0.276346,0.999891,1
pix_copia_e_cola,769130.94,2388249.16,1619118.22,27844.6,796975.54,12,True,False,False,0.677952,0.965062,0
chave_pix,0.01,396474.44,396474.43,130411.67,130411.68,11,False,False,False,1.0,0.0,0
chave_pix,541089.71,541630.7997099999,541.09,7859.28,548948.99,17,True,False,False,0.000999,0.985683,1
chave_pix,184008.17,335139.9,151131.73,129512.74,313520.91,9,False,False,False,0.450951,0.586909,0
pix_copia_e_cola,2417727.56,4765838.39,2348110.83,659.1,2418386.66,1,False,True,True,0.492696,0.999727,1
dados_bancarios,198560.86,1838864.11,1640303.25,6595.54,205156.4,19,False,False,False,0.89202,0.967851,0
chave_pix,333165.93,2530547.2,2197381.27,3123.89,336289.82,16,False,False,False,0.868342,0.990711,0
chave_pix,835147.53,10882394.41,10047246.88,5078.32,840225.85,13,True,False,False,0.923257,0.993956,0
dados_bancarios,41493.37,204202.26,162708.89,5190.84,46684.21,13,True,False,False,0.796803,0.88881,0
dados_bancarios,2508501.89,10437786.63,7929284.74,46793.53,2555295.42,18,True,False,False,0.759671,0.981688,0
chave_pix,2637273.08,14453093.87,11815820.79,116777.62,2754050.7,19,False,False,False,0.817529,0.957598,0
chave_pix,17907.92,980136.16,962228.24,38005.19,55913.11,10,False,False,False,0.981729,0.320281,0
chave_pix,9978611.81,10433357.14,454745.33,424.72,9979036.53,5,True,True,True,0.043586,0.999957,1
chave_pix,50871.18,110573.13,59701.95,19767.45,70638.63,22,True,True,True,0.539932,0.720161,0
dados_bancarios,531151.92,2560164.4,2029012.48,11656.65,542808.57,21,False,True,True,0.792532,0.978525,0
chave_pix,2339326.09,3442467.98,1103141.89,32552.52,2371878.61,11,False,False,False,0.320451,0.986276,0
chave_pix,705976.34,8897577.31,8191600.97,75739.82,781716.16,14,False,False,False,0.920655,0.903111,0
dados_bancarios,693025.26,2722217.52,2029192.26,6727.5,699752.76,13,False,False,False,0.745419,0.990386,0
chave_pix,1871201.33,6061176.42,4189975.09,35843.39,1907044.72,16,False,False,False,0.691281,0.981205,0
chave_pix,315799.95,2522565.41,2206765.46,56988.48,372788.43,21,False,True,True,0.87481,0.847129,0
dados_bancarios,1817027.08,7399950.39,5582923.31,9040.82,1826067.9,9,True,False,False,0.754454,0.995049,0
dados_bancarios,4981119.66,45958425.32,40977305.66,25523.61,5006643.27,13,True,False,False,0.891617,0.994902,0
chave_pix,173454.77,564572.52,391117.75,94860.4,268315.17,13,True,False,False,0.692768,0.646459,0
chave_pix,1098592.16,2163601.18,1065009.02,15492.53,1114084.69,16,True,False,False,0.492239,0.986094,0
chave_pix,0.01,886177.17,886177.16,21103.1,21103.11,16,False,False,False,1.0,0.0,0
dados_bancarios,595355.24,1900598.48,1305243.24,10755.25,606110.49,19,True,False,False,0.686754,0.982255,0
dados_bancarios,3780961.43,21126378.14,17345416.71,116837.19,3897798.62,9,False,False,False,0.821031,0.970025,0
chave_pix,388307.61,1703284.71,1314977.1,9970.48,398278.09,22,True,True,True,0.772024,0.974966,0
chave_pix,329857.26,2269319.7,1939462.44,45309.91,375167.17,19,False,False,False,0.854645,0.879227,0
chave_pix,652420.18,4979927.95,4327507.77,45214.82,697635.0,14,True,False,False,0.86899,0.935188,0
chave_pix,2270337.34,6879990.46,4609653.12,19318.06,2289655.4,21,True,True,True,0.670009,0.991563,0
dados_bancarios,175412.96,175588.37295999998,175.41,153713.61,329126.57,19,False,False,False,0.000999,0.532965,0
dados_bancarios,74132.83,374166.65,300033.82,193584.51,267717.34,18,False,False,False,0.801872,0.276907,0
chave_pix,0.01,0.01001,0.0,18367.95,18367.96,14,True,False,False,0.0,1e-06,0
chave_pix,33600.67,120440.1,86839.43,16439.3,50039.97,11,True,False,False,0.721018,0.671477,0
pix_copia_e_cola,0.01,687896.76,687896.75,33307.78,33307.79,22,True,True,False,1.0,0.0,0
chave_pix,2205580.99,13991892.36,11786311.37,35038.57,2240619.56,14,True,False,False,0.842367,0.984362,0
chave_pix,61513.09,1038573.34,977060.25,33880.25,95393.34,11,True,False,False,0.940772,0.644836,0
chave_pix,182438.06,410333.77,227895.71,19987.83,202425.89,22,False,True,True,0.555391,0.901259,0
dados_bancarios,36730.66,160085.94,123355.28,9832.65,46563.31,20,True,True,True,0.770557,0.788833,0
chave_pix,709947.4,9532486.05,8822538.65,12747.64,722695.04,10,True,False,False,0.925523,0.982361,0
pix_copia_e_cola,994376.66,1093811.33,99434.67,396.5,994773.16,18,True,False,False,0.090907,0.999601,1
chave_pix,274404.09,428515.7,154111.61,43009.8,317413.89,7,True,False,False,0.359641,0.864499,0
chave_pix,3582056.11,3756160.53,174104.42,209.42,3582265.53,16,True,False,False,0.046352,0.999942,1
dados_bancarios,5494862.93,5500357.79,5494.86,1047.25,5495910.18,2,True,True,True,0.000999,0.999809,1
chave_pix,226130.19,776201.85,550071.66,5312.35,231442.54,15,False,False,False,0.708671,0.977047,0
chave_pix,710122.04,3875420.42,3165298.38,89175.1,799297.14,11,False,False,False,0.816763,0.888433,0
chave_pix,128555.59,128684.14558999999,128.56,55089.56,183645.15,19,False,False,False,0.000999,0.700022,0
chave_pix,730115.17,3446527.64,2716412.47,10238.11,740353.28,13,False,False,False,0.788159,0.986171,0
dados_bancarios,651770.13,8627655.39,7975885.26,34116.65,685886.78,16,False,False,False,0.924456,0.950259,0
chave_pix,1281500.68,6618661.94,5337161.26,52239.57,1333740.25,21,True,True,True,0.806381,0.960832,0
pix_copia_e_cola,717158.99,945560.53,228401.54,15759.14,732918.13,22,False,True,True,0.241551,0.978498,0
chave_pix,386141.89,9005395.41,8619253.52,148384.85,534526.74,18,True,False,False,0.957121,0.7224,0
chave_pix,703070.65,895815.21,192744.56,557.53,703628.18,23,False,True,True,0.215161,0.999208,1
dados_bancarios,126135.72,342796.76,216661.04,3828.24,129963.96,18,True,False,False,0.632039,0.970544,0
chave_pix,983252.48,2398255.01,1415002.53,20986.59,1004239.07,12,False,False,False,0.590013,0.979102,0
chave_pix,1227731.73,3317801.15,2090069.42,26443.81,1254175.54,16,True,False,False,0.629956,0.978915,0
dados_bancarios,758752.17,4728281.23,3969529.06,34893.49,793645.66,23,True,True,True,0.839529,0.956034,0
dados_bancarios,126293.86,426761.15,300467.29,6156.77,132450.63,20,True,True,True,0.704064,0.953516,0
chave_pix,223737.66,223961.39766,223.74,12087.27,235824.93,11,True,False,False,0.000999,0.948745,0
chave_pix,243750.97,1321998.03,1078247.06,24731.88,268482.85,18,False,False,False,0.815619,0.907883,0
chave_pix,1937227.54,2274946.78,337719.24,1610.73,1938838.27,21,True,True,True,0.148451,0.999169,1
dados_bancarios,1121122.77,5948929.2,4827806.43,92497.37,1213620.14,11,True,False,False,0.811542,0.923784,0
dados_bancarios,1281573.07,6283410.5,5001837.43,24434.31,1306007.38,18,False,False,False,0.796039,0.981291,0
dados_bancarios,494961.63,12032999.7,11538038.07,251428.48,746390.11,10,False,False,False,0.958866,0.663141,0
chave_pix,4981355.26,15451623.8,10470268.54,37125.91,5018481.17,9,False,False,False,0.677616,0.992602,0
chave_pix,4321621.7,4325943.321699999,4321.62,457.81,4322079.51,18,False,False,False,0.000999,0.999894,1
chave_pix,1243644.22,9905806.84,8662162.62,17509.41,1261153.63,11,True,False,False,0.874453,0.986116,0
dados_bancarios,2016109.32,8308283.46,6292174.14,20584.72,2036694.04,8,True,False,False,0.757337,0.989893,0
chave_pix,76861.38,76938.24137999999,76.86,66155.36,143016.74,9,False,False,False,0.000999,0.537429,0
chave_pix,582484.58,7343460.76,6760976.18,67041.71,649526.29,14,True,False,False,0.92068,0.896784,0
chave_pix,1415118.98,3448961.35,2033842.37,5373.14,1420492.12,7,True,False,False,0.589697,0.996217,0
chave_pix,718046.93,6418549.5,5700502.57,31611.35,749658.28,1,True,True,True,0.888129,0.957832,0
chave_pix,108122.66,165203.84,57081.18,853.29,108975.95,1,False,True,True,0.34552,0.99217,1
chave_pix,350976.15,2247465.33,1896489.18,16255.41,367231.56,15,False,False,False,0.843835,0.955735,0
chave_pix,454120.5,458422.15,4301.65,359.5,454480.0,18,False,False,False,0.009384,0.999209,1
chave_pix,638688.42,2605762.23,1967073.81,5809.14,644497.56,19,True,False,False,0.754894,0.990987,0
dados_bancarios,318121.7,610376.75,292255.05,15523.79,333645.49,21,True,True,True,0.478811,0.953472,0
chave_pix,12400.23,23735.68,11335.45,0.01,12400.24,21,True,True,True,0.47757,0.999999,1
chave_pix,650464.55,1570998.64,920534.09,38255.73,688720.28,8,False,False,False,0.585955,0.944454,0
chave_pix,161695.02,700237.51,538542.49,34948.53,196643.55,16,False,False,False,0.769085,0.822275,0
chave_pix,4306969.82,17099520.16,12792550.34,23301.03,4330270.85,19,True,False,False,0.748123,0.994619,0
chave_pix,865678.52,4789483.13,3923804.61,55889.7,921568.22,20,False,True,True,0.819254,0.939354,0
chave_pix,929124.43,2769291.71,1840167.28,20534.65,949659.08,14,False,False,False,0.66449,0.978377,0
chave_pix,906829.01,5335730.48,4428901.47,11981.58,918810.59,11,False,False,False,0.830046,0.98696,0
chave_pix,282847.04,2338825.48,2055978.44,55278.81,338125.85,14,False,False,False,0.879064,0.836514,0
dados_bancarios,727322.82,5361735.6,4634412.78,79962.12,807284.94,18,False,False,False,0.864349,0.900949,0
chave_pix,2004819.34,5839436.29,3834616.95,56115.72,2060935.06,10,False,False,False,0.656676,0.972772,0
chave_pix,725906.42,726632.3264199999,725.91,1067.95,726974.37,17,False,False,False,0.000999,0.998531,1
chave_pix,237366.32,1217323.62,979957.3,6780.02,244146.34,10,False,False,False,0.80501,0.97223,0
chave_pix,4657.64,16150.18,11492.54,19364.32,24021.96,17,False,False,False,0.711604,0.193891,0
dados_bancarios,513743.51,604115.21,90371.7,48.9,513792.41,17,False,False,False,0.149593,0.999905,1
chave_pix,471509.33,2922059.89,2450550.56,71404.28,542913.61,20,True,True,True,0.838638,0.868479,0
pix_copia_e_cola,998327.05,2442993.61,1444666.56,4748.64,1003075.69,22,True,True,True,0.591351,0.995266,0
chave_pix,31993.85,187066.12,155072.27,2227.09,34220.94,1,True,True,True,0.82897,0.93492,1
chave_pix,1290619.25,1536289.73,245670.48,111.88,1290731.13,6,False,False,False,0.159912,0.999913,1
chave_pix,69044.19,69113.23418999999,69.04,281.73,69325.92,21,False,True,True,0.000999,0.995936,1
dados_bancarios,703579.6,7001326.88,6297747.28,16767.1,720346.7,23,True,True,True,0.899508,0.976724,0
chave_pix,110336.42,1544622.45,1434286.03,27300.18,137636.6,15,True,False,False,0.928567,0.80165,0
chave_pix,836149.65,2673265.56,1837115.91,9252.64,845402.29,13,True,False,False,0.687218,0.989055,0
chave_pix,1550322.01,1551872.3320099998,1550.32,40120.92,1590442.93,13,True,False,False,0.000999,0.974774,0
chave_pix,635603.54,6388438.36,5752834.82,63360.08,698963.62,22,True,True,True,0.900507,0.909351,0
chave_pix,634385.97,635020.36,634.39,1127.34,635513.31,15,False,False,False,0.000999,0.998226,1
chave_pix,292542.62,1527198.52,1234655.9,26876.64,319419.26,20,True,True,True,0.808445,0.915858,0
chave_pix,136514.51,889832.87,753318.36,24795.44,161309.95,12,True,False,False,0.846584,0.846287,0
chave_pix,99757.45,251140.19,151382.74,23792.57,123550.02,14,True,False,False,0.602782,0.807426,0
chave_pix,2857591.44,4337042.61,1479451.17,451.74,2858043.18,14,True,False,False,0.34112,0.999842,1
chave_pix,434699.93,435134.62992999994,434.7,7244.85,441944.78,11,True,False,False,0.000999,0.983607,0
chave_pix,640014.62,1653069.12,1013054.5,28920.25,668934.87,12,True,False,False,0.612833,0.956767,0
chave_pix,110404.75,299533.02,189128.27,7096.61,117501.36,0,True,True,True,0.63141,0.939604,1
dados_bancarios,205312.71,756674.49,551361.78,22374.28,227686.99,20,True,True,True,0.728664,0.901732,0
chave_pix,66680.6,244963.96,178283.36,655.44,67336.04,23,True,True,True,0.727794,0.990266,1
pix_copia_e_cola,606820.28,1334440.87,727620.59,13839.83,620660.11,12,True,False,False,0.545263,0.977701,0
chave_pix,743821.68,2398977.29,1655155.61,8137.53,751959.21,17,True,False,False,0.689942,0.989178,0
pix_copia_e_cola,905866.97,5908833.54,5002966.57,43699.29,949566.26,10,False,False,False,0.846693,0.95398,0
chave_pix,136404.43,136540.83443,136.4,87077.56,223481.99,15,True,False,False,0.000999,0.61036,0
chave_pix,525988.66,4374745.63,3848756.97,6894.79,532883.45,21,True,True,True,0.879767,0.987061,0
chave_pix,5863.97,5869.83,5.86,26.29,5890.26,3,False,True,True,0.000998,0.995537,1
chave_pix,0.01,0.01001,0.0,8221.69,8221.7,11,True,False,False,0.0,1e-06,0
dados_bancarios,24033.92,38457.1,14423.18,54502.62,78536.54,18,True,False,False,0.375046,0.306022,0
pix_copia_e_cola,506818.22,1709754.0,1202935.78,64440.33,571258.55,15,False,False,False,0.703572,0.887196,0
chave_pix,1246908.74,4453322.29,3206413.55,15635.66,1262544.4,15,True,False,False,0.720005,0.987616,0
chave_pix,485199.43,2404557.5,1919358.07,3312.77,488512.2,19,False,False,False,0.798217,0.993219,0
pix_copia_e_cola,864908.6,3036422.01,2171513.41,131655.96,996564.56,12,True,False,False,0.715155,0.86789,0
pix_copia_e_cola,1512510.1,2521296.5,1008786.4,586.59,1513096.69,13,False,False,False,0.400106,0.999612,1
chave_pix,0.01,0.01001,0.0,32989.4,32989.41,18,False,False,False,0.0,0.0,0
dados_bancarios,0.01,0.01001,0.0,105956.23,105956.24,14,True,False,False,0.0,0.0,0
chave_pix,53654.01,138164.06,84510.05,18516.38,72170.39,16,True,False,False,0.611664,0.743435,0
chave_pix,965829.32,4178021.76,3212192.44,16417.31,982246.63,16,True,False,False,0.768831,0.983286,0
chave_pix,319974.69,511935.72,191961.03,3409.47,323384.16,13,True,False,False,0.374971,0.989457,1
pix_copia_e_cola,46888.61,1655549.95,1608661.34,88769.53,135658.14,13,False,False,False,0.971678,0.345638,0
dados_bancarios,1938478.26,5414429.91,3475951.65,10326.08,1948804.34,11,False,False,False,0.641979,0.994701,0
chave_pix,387400.02,3169622.33,2782222.31,19224.1,406624.12,16,False,False,False,0.877777,0.952723,0
chave_pix,467949.73,11034955.64,10567005.91,5954.73,473904.46,20,True,True,True,0.957594,0.987435,0
pix_copia_e_cola,1391052.37,4873844.21,3482791.84,50909.39,1441961.76,13,True,False,False,0.714588,0.964694,0
dados_bancarios,298949.81,299248.75980999996,298.95,383.67,299333.48,7,True,False,False,0.000999,0.998718,1
chave_pix,1196530.47,10246924.94,9050394.47,84794.1,1281324.57,15,False,False,False,0.88323,0.933823,0
chave_pix,1719311.39,25605754.49,23886443.1,22025.38,1741336.77,20,True,True,True,0.932854,0.987351,0
pix_copia_e_cola,320950.84,7069904.81,6748953.97,83286.7,404237.54,8,True,False,False,0.954603,0.793966,0
chave_pix,782754.92,1590086.32,807331.4,17130.49,799885.41,20,False,True,True,0.507728,0.978584,0
chave_pix,2150415.49,14764790.58,12614375.09,13305.28,2163720.77,10,False,False,False,0.854355,0.993851,0
dados_bancarios,604867.15,7070051.02,6465183.87,14733.5,619600.65,12,True,False,False,0.914447,0.976221,0
chave_pix,270926.57,1522678.94,1251752.37,16343.89,287270.46,14,False,False,False,0.822072,0.943106,0
pix_copia_e_cola,461536.63,2523852.95,2062316.32,176667.77,638204.4,22,True,True,True,0.81713,0.72318,0
dados_bancarios,120738.87,155154.42,34415.55,17964.43,138703.3,14,True,False,False,0.221815,0.870483,0
pix_copia_e_cola,404460.6,404865.0605999999,404.46,17444.24,421904.84,5,False,True,True,0.000999,0.958654,1
chave_pix,202659.08,692287.28,489628.2,10610.97,213270.05,22,False,True,True,0.707262,0.950246,0
dados_bancarios,346096.06,466205.48,120109.42,22016.35,368112.41,16,False,False,False,0.257632,0.940191,0
chave_pix,3424092.39,3427516.48,3424.09,307.28,3424399.67,10,False,False,False,0.000999,0.99991,1
chave_pix,463265.8,2193834.29,1730568.49,38147.78,501413.58,16,False,False,False,0.788833,0.92392,0
chave_pix,124251.88,608981.33,484729.45,14534.47,138786.35,10,True,False,False,0.795968,0.895274,0
chave_pix,20657.84,20678.497839999996,20.66,54100.82,74758.66,13,True,False,False,0.000999,0.276327,0
dados_bancarios,1230246.38,11714698.73,10484452.35,25246.9,1255493.28,13,False,False,False,0.894983,0.979891,0
chave_pix,757199.67,7178357.99,6421158.32,52675.92,809875.59,22,False,True,True,0.894516,0.934958,0
chave_pix,139500.14,279294.68,139794.54,8793.56,148293.7,16,True,False,False,0.500527,0.940702,0
dados_bancarios,1249592.94,5578755.07,4329162.13,29185.08,1278778.02,14,True,False,False,0.776009,0.977177,0
chave_pix,3952459.38,16858509.09,12906049.71,24332.28,3976791.66,14,False,False,False,0.765551,0.993881,0
dados_bancarios,879874.3,1891423.5,1011549.2,39850.92,919725.22,11,True,False,False,0.534808,0.956671,0
chave_pix,2985156.2,3967408.21,982252.01,17.02,2985173.22,16,False,False,False,0.24758,0.999994,1
chave_pix,214547.18,214761.72717999996,214.55,17554.69,232101.87,17,True,False,False,0.000999,0.924366,0
chave_pix,347494.05,524276.42,176782.37,6759.27,354253.32,18,False,False,False,0.337193,0.98092,0
dados_bancarios,14847561.72,52971066.83,38123505.11,13657.62,14861219.34,16,False,False,False,0.719704,0.999081,0
dados_bancarios,244576.78,244821.35677999997,244.58,18900.49,263477.27,21,False,True,True,0.000999,0.928265,0
chave_pix,168722.68,2217197.25,2048474.57,21121.64,189844.32,19,True,False,False,0.923903,0.888742,0
chave_pix,0.01,417901.98,417901.97,95352.7,95352.71,14,True,False,False,1.0,0.0,0
chave_pix,743563.23,3775480.2,3031916.97,43425.18,786988.41,14,False,False,False,0.803055,0.944821,0
chave_pix,1258817.06,4430249.87,3171432.81,16379.85,1275196.91,16,True,False,False,0.715859,0.987155,0
chave_pix,3803.91,23714.75,19910.84,26010.31,29814.22,20,True,True,True,0.839597,0.127587,0
pix_copia_e_cola,362983.55,3518227.37,3155243.82,5461.96,368445.51,12,False,False,False,0.896828,0.985176,0
dados_bancarios,297465.74,369667.76,72202.02,292.74,297758.48,23,True,True,True,0.195316,0.999017,1
chave_pix,1057046.71,3301053.21,2244006.5,41067.69,1098114.4,10,True,False,False,0.679785,0.962602,0
chave_pix,472147.17,4533534.03,4061386.86,25234.8,497381.97,17,True,False,False,0.895854,0.949265,0
dados_bancarios,489514.32,490003.83,489.51,1128.36,490642.68,3,False,True,True,0.000999,0.9977,1
chave_pix,274147.05,2103203.56,1829056.51,17675.94,291822.99,8,True,False,False,0.869653,0.939429,0
chave_pix,446923.76,693434.14,246510.38,348.03,447271.79,23,True,True,True,0.355492,0.999222,1
pix_copia_e_cola,5220279.27,5302122.33,81843.06,3391.55,5223670.82,12,True,False,False,0.015436,0.999351,1
chave_pix,686240.18,4480324.31,3794084.13,14986.5,701226.68,16,False,False,False,0.846832,0.978628,0
chave_pix,3430495.39,3534775.25,104279.86,145354.68,3575850.07,13,False,False,False,0.029501,0.959351,0
chave_pix,137214.53,292589.59,155375.06,16299.17,153513.7,19,False,False,False,0.531034,0.893826,0
dados_bancarios,146032.29,1247678.04,1101645.75,40078.14,186110.43,17,True,False,False,0.882957,0.784654,0
chave_pix,108829.97,108938.79997,108.83,40154.15,148984.12,21,True,True,True,0.000999,0.73048,0
chave_pix,2656973.04,2659630.01,2656.97,2985.41,2659958.45,5,True,True,True,0.000999,0.998878,1
chave_pix,257670.84,910817.69,653146.85,13867.49,271538.33,10,False,False,False,0.717099,0.94893,0
chave_pix,1739860.48,26319031.67,24579171.19,24748.85,1764609.33,11,False,False,False,0.933893,0.985975,0
chave_pix,361191.7,2145456.2,1784264.5,19184.76,380376.46,15,True,False,False,0.831648,0.949564,0
pix_copia_e_cola,564029.93,5674677.01,5110647.08,49580.29,613610.22,20,True,True,True,0.900606,0.919199,0
dados_bancarios,361957.78,2327880.75,1965922.97,45351.91,407309.69,20,True,True,True,0.844512,0.888655,0
chave_pix,780698.17,3766572.94,2985874.77,13323.72,794021.89,13,True,False,False,0.79273,0.98322,0
chave_pix,1582752.39,6800701.37,5217948.98,47219.23,1629971.62,13,True,False,False,0.767266,0.971031,0
chave_pix,185519.61,185705.12960999997,185.52,9438.51,194958.12,9,True,False,False,0.000999,0.951587,0
chave_pix,103368.58,157708.08,54339.5,1301.85,104670.43,1,True,True,True,0.344557,0.987562,1
chave_pix,76835.39,377793.34,300957.95,19292.9,96128.29,14,False,False,False,0.796621,0.7993,0
pix_copia_e_cola,216517.93,1073732.89,857214.96,58877.41,275395.34,9,True,False,False,0.79835,0.786208,0
chave_pix,180599.7,268452.56,87852.86,76279.46,256879.16,7,True,False,False,0.327257,0.703053,0
chave_pix,1257101.36,4842391.68,3585290.32,36392.37,1293493.73,20,False,True,True,0.740397,0.971865,0
chave_pix,2597803.51,9436397.12,6838593.61,56614.47,2654417.98,16,True,False,False,0.724704,0.978672,0
chave_pix,177693.66,1141514.48,963820.82,88887.46,266581.12,18,True,False,False,0.844335,0.666565,0
dados_bancarios,157438.98,780165.49,622726.51,27430.02,184869.0,9,False,False,False,0.798198,0.851625,0
chave_pix,645353.99,4586144.43,3940790.44,11211.69,656565.68,15,False,False,False,0.859282,0.982924,0
chave_pix,807544.55,5754785.61,4947241.06,9857.79,817402.34,14,False,False,False,0.859674,0.98794,0
dados_bancarios,387251.8,2382699.68,1995447.88,48733.02,435984.82,0,False,True,True,0.837474,0.888223,0
chave_pix,287858.91,1583110.12,1295251.21,12124.99,299983.9,19,True,False,False,0.818169,0.959581,0
chave_pix,850919.13,3852125.1,3001205.97,21039.68,871958.81,19,False,False,False,0.779104,0.975871,0
dados_bancarios,607075.68,931621.47,324545.79,36983.21,644058.89,15,True,False,False,0.348367,0.942578,0
chave_pix,455145.04,2044439.82,1589294.78,141717.86,596862.9,21,True,True,True,0.777374,0.762562,0
dados_bancarios,0.01,365644.01,365644.0,78.08,78.09,17,True,False,False,1.0,0.000128,1
chave_pix,222231.4,455912.27,233680.87,12110.91,234342.31,20,False,True,True,0.512557,0.94832,0
chave_pix,349094.23,1519047.91,1169953.68,30186.88,379281.11,19,True,False,False,0.770189,0.92041,0
dados_bancarios,1668338.89,2339819.62,671480.73,35.97,1668374.86,14,True,False,False,0.28698,0.999978,1
chave_pix,627312.2,1928544.87,1301232.67,12913.12,640225.32,18,True,False,False,0.674723,0.97983,0
chave_pix,407310.87,407718.1808699999,407.31,35700.8,443011.67,16,False,False,False,0.000999,0.919413,0
chave_pix,2137941.89,35786250.79,33648308.9,12312.78,2150254.67,10,True,False,False,0.940258,0.994274,0
chave_pix,66247.2,169485.49,103238.29,11873.27,78120.47,12,True,False,False,0.609128,0.848013,0
dados_bancarios,2003428.11,4528887.32,2525459.21,19973.88,2023401.99,22,False,True,True,0.557633,0.990129,0
pix_copia_e_cola,1055038.31,1056093.34831,1055.04,56103.65,1111141.96,21,False,True,True,0.000999,0.949508,0
chave_pix,0.01,0.01001,0.0,20899.09,20899.1,18,True,False,False,0.0,0.0,0
chave_pix,2224464.34,5954477.16,3730012.82,391210.03,2615674.37,20,False,True,True,0.626422,0.850436,0
chave_pix,742391.25,3865447.44,3123056.19,15729.59,758120.84,17,False,False,False,0.807942,0.979252,0
chave_pix,76795.58,617409.34,540613.76,6888.57,83684.15,17,True,False,False,0.875616,0.917684,0
chave_pix,1800690.3,1802490.9903,1800.69,939.51,1801629.81,13,True,False,False,0.000999,0.999479,1
pix_copia_e_cola,519518.11,4048746.02,3529227.91,13334.58,532852.69,11,False,False,False,0.871684,0.974975,0
pix_copia_e_cola,279714.08,707107.87,427393.79,10138.93,289853.01,15,True,False,False,0.604425,0.96502,0
chave_pix,516956.73,1410325.41,893368.68,15903.25,532859.98,20,False,True,True,0.633449,0.970155,0
pix_copia_e_cola,612086.01,8880265.09,8268179.08,13933.3,626019.31,14,True,False,False,0.931073,0.977743,0
chave_pix,619296.89,2356937.02,1737640.13,104697.28,723994.17,13,True,False,False,0.737245,0.855389,0
chave_pix,0.01,83838.89,83838.88,51847.17,51847.18,12,True,False,False,1.0,0.0,0
chave_pix,1581752.93,6235200.16,4653447.23,39893.18,1621646.11,10,True,False,False,0.746319,0.9754,0
chave_pix,352921.76,2301755.63,1948833.87,29380.33,382302.09,19,True,False,False,0.846673,0.923149,0
chave_pix,206595.16,1392009.52,1185414.36,38401.48,244996.64,10,True,False,False,0.851585,0.843257,0
dados_bancarios,327773.15,328100.92,327.77,47.52,327820.67,4,True,True,True,0.000999,0.999855,1
chave_pix,273399.24,778147.21,504747.97,113349.87,386749.11,16,True,False,False,0.648654,0.706916,0
chave_pix,763786.13,5919291.4,5155505.27,16856.05,780642.18,10,True,False,False,0.870967,0.978407,0
pix_copia_e_cola,878586.82,14875305.33,13996718.51,10970.13,889556.95,7,False,False,False,0.940937,0.987668,0
chave_pix,66944.3,1011847.75,944903.45,93620.34,160564.64,19,True,False,False,0.93384,0.416931,0
pix_copia_e_cola,244858.64,1961229.98,1716371.34,20483.56,265342.2,18,True,False,False,0.87515,0.922803,0
chave_pix,984619.69,3618832.38,2634212.69,17754.67,1002374.36,14,False,False,False,0.727918,0.982287,0
chave_pix,518517.23,3931699.44,3413182.21,17736.93,536254.16,15,False,False,False,0.868119,0.966924,0
chave_pix,213965.89,1123120.82,909154.93,8671.68,222637.57,21,False,True,True,0.80949,0.96105,0
chave_pix,2000914.83,2240081.4,239166.57,24791.03,2025705.86,13,False,False,False,0.106767,0.987762,0
chave_pix,1774580.58,10651469.46,8876888.88,16093.46,1790674.04,11,True,False,False,0.833396,0.991013,0
dados_bancarios,1244418.22,2509216.1,1264797.88,20161.65,1264579.87,12,True,False,False,0.504061,0.984057,0
chave_pix,589878.36,2136951.2,1547072.84,9963.33,599841.69,18,True,False,False,0.723963,0.98339,0
chave_pix,4324560.32,59629650.84,55305090.52,14873.56,4339433.88,21,True,True,True,0.927476,0.996572,0
chave_pix,7492.9,496930.4,489437.5,0.01,7492.91,15,True,False,False,0.984922,0.999999,1
chave_pix,127801.87,416001.53,288199.66,139907.41,267709.28,23,False,True,True,0.692785,0.477391,0
chave_pix,1581837.49,6640656.61,5058819.12,39922.32,1621759.81,11,True,False,False,0.761795,0.975383,0
chave_pix,3335577.95,39899290.29,36563712.34,12655.33,3348233.28,11,False,False,False,0.9164,0.99622,0
pix_copia_e_cola,0.01,236765.83,236765.82,20864.43,20864.44,10,False,False,False,1.0,0.0,0
dados_bancarios,255054.38,255309.43437999996,255.05,8804.48,263858.86,12,False,False,False,0.000999,0.966632,0
chave_pix,3817696.15,9833593.6,6015897.45,59302.93,3876999.08,9,True,False,False,0.61177,0.984704,0
dados_bancarios,0.01,1275699.12,1275699.11,20259.98,20259.99,7,False,False,False,1.0,0.0,0
dados_bancarios,373543.06,3440241.89,3066698.83,97076.58,470619.64,15,True,False,False,0.89142,0.793726,0
chave_pix,0.01,1098179.01,1098179.0,52923.72,52923.73,20,True,True,False,1.0,0.0,0
chave_pix,70811.73,645023.86,574212.13,51919.03,122730.76,17,True,False,False,0.890218,0.576968,0
dados_bancarios,831725.76,905036.59,73310.83,561.8,832287.56,6,True,False,False,0.081003,0.999325,1
chave_pix,944934.39,2860625.36,1915690.97,31249.09,976183.48,10,True,False,False,0.669676,0.967989,0
dados_bancarios,31574.65,34227.02,2652.37,279.26,31853.91,16,True,False,False,0.077493,0.991233,1
pix_copia_e_cola,323242.93,1721506.46,1398263.53,2652.77,325895.7,20,True,True,True,0.812233,0.99186,0
chave_pix,176806.42,1019224.69,842418.27,2736.61,179543.03,19,True,False,False,0.826529,0.984758,0
chave_pix,0.01,128050.23,128050.22,614.08,614.09,15,True,False,False,1.0,1.6e-05,1
chave_pix,317470.77,1399415.57,1081944.8,4652.74,322123.51,19,True,False,False,0.77314,0.985556,0
chave_pix,380550.61,3501704.96,3121154.35,96348.04,476898.65,15,True,False,False,0.891324,0.79797,0
chave_pix,264937.26,1424833.53,1159896.27,19581.48,284518.74,13,False,False,False,0.814057,0.931177,0
chave_pix,456088.42,1971852.96,1515764.54,24884.53,480972.95,10,True,False,False,0.768701,0.948262,0
pix_copia_e_cola,601668.78,3399530.52,2797861.74,65186.24,666855.02,0,True,True,True,0.823014,0.902248,0
chave_pix,241581.51,2341366.07,2099784.56,9338.57,250920.08,18,False,False,False,0.89682,0.962783,0
dados_bancarios,151465.09,711713.46,560248.37,5774.34,157239.43,13,True,False,False,0.787182,0.963277,0
chave_pix,0.01,1223724.21,1223724.2,13880.39,13880.4,14,False,False,False,1.0,1e-06,0
dados_bancarios,6061401.88,6067463.28188,6061.4,179.7,6061581.58,0,False,True,True,0.000999,0.99997,1
chave_pix,0.01,1230983.32,1230983.31,19560.42,19560.43,15,False,False,False,1.0,1e-06,0
dados_bancarios,77278.9,194240.35,116961.45,3506.76,80785.66,8,True,False,False,0.602148,0.956592,1
chave_pix,1891592.45,5947540.52,4055948.07,13561.16,1905153.61,14,False,False,False,0.681954,0.992882,0
pix_copia_e_cola,192646.11,601971.67,409325.56,806.87,193452.98,14,True,False,False,0.679975,0.995829,1
chave_pix,266394.13,769017.96,502623.83,18668.25,285062.38,19,True,False,False,0.653592,0.934512,0
chave_pix,416868.25,417285.11824999994,416.87,444.54,417312.79,0,False,True,True,0.000999,0.998935,1
chave_pix,3281790.29,51676699.22,48394908.93,38584.1,3320374.39,8,False,False,False,0.936494,0.98838,0
chave_pix,553157.01,4849676.59,4296519.58,67436.93,620593.94,23,True,True,True,0.885939,0.891335,0
chave_pix,961240.81,4338878.86,3377638.05,22801.68,984042.49,21,False,True,True,0.778459,0.976829,0
chave_pix,1910141.99,2210753.32,300611.33,274.62,1910416.61,8,False,False,False,0.135977,0.999856,1
chave_pix,1135770.06,4404463.81,3268693.75,16388.14,1152158.2,16,True,False,False,0.742132,0.985776,0
pix_copia_e_cola,2541578.11,11067589.02,8526010.91,10677.62,2552255.73,23,True,True,True,0.770358,0.995816,0
chave_pix,132678.59,327553.21,194874.62,19493.87,152172.46,14,True,False,False,0.59494,0.871896,0
chave_pix,208749.6,443699.14,234949.54,14036.79,222786.39,19,True,False,False,0.529524,0.936994,0
chave_pix,640010.85,9443957.34,8803946.49,43037.03,683047.88,16,False,False,False,0.932231,0.936993,0
chave_pix,861872.06,2985925.48,2124053.42,1541.09,863413.15,16,True,False,False,0.711355,0.998215,0
chave_pix,1588326.49,5021775.85,3433449.36,40530.97,1628857.46,13,False,False,False,0.683712,0.975117,0
chave_pix,360300.57,1600326.76,1240026.19,14794.95,375095.52,17,False,False,False,0.774858,0.960557,0
chave_pix,1544615.38,15364128.63,13819513.25,27543.48,1572158.86,9,False,False,False,0.899466,0.98248,0
chave_pix,312971.23,332263.53,19292.3,12.46,312983.69,20,True,True,True,0.058063,0.99996,1
dados_bancarios,386977.63,1047963.63,660986.0,34681.66,421659.29,17,False,False,False,0.630734,0.91775,0
chave_pix,10146620.31,62227991.7,52081371.39,23788.67,10170408.98,17,False,False,False,0.836944,0.997661,0
chave_pix,7240965.96,8989154.56,1748188.6,2024.34,7242990.3,16,True,False,False,0.194478,0.999721,1
chave_pix,521986.29,522508.28,521.99,345.72,522332.01,18,False,False,False,0.000999,0.999338,1
dados_bancarios,2542664.27,2545206.93,2542.66,92.09,2542756.36,17,True,False,False,0.000999,0.999964,1
chave_pix,1036414.39,17291107.8,16254693.41,36894.09,1073308.48,8,False,False,False,0.940061,0.965626,0
chave_pix,344537.9,1019773.45,675235.55,712.08,345249.98,23,True,True,True,0.662143,0.997937,1
chave_pix,397359.6,1251771.14,854411.54,9927.39,407286.99,19,False,False,False,0.682562,0.975626,0
chave_pix,64838.33,1001305.35,936467.02,52810.96,117649.29,8,False,False,False,0.935246,0.551115,0
chave_pix,627535.15,7419121.64,6791586.49,49033.51,676568.66,17,False,False,False,0.915417,0.927526,0
chave_pix,30615.32,30645.935319999997,30.62,34545.18,65160.5,17,False,False,False,0.000999,0.469845,0
chave_pix,983817.5,11230275.48,10246457.98,27142.58,1010960.08,11,False,False,False,0.912396,0.973152,0
chave_pix,419528.33,1410236.68,990708.35,58808.08,478336.41,17,False,False,False,0.702512,0.877057,0
chave_pix,568180.39,5105224.64,4537044.25,47712.34,615892.73,12,True,False,False,0.888706,0.922531,0
dados_bancarios,312887.36,578093.66,265206.3,34732.17,347619.53,9,False,False,False,0.45876,0.900086,0
chave_pix,716005.32,8307533.89,7591528.57,38508.53,754513.85,10,True,False,False,0.913813,0.948962,0
chave_pix,1738006.19,14211006.04,12472999.85,9822.58,1747828.77,13,True,False,False,0.8777,0.99438,0
chave_pix,411563.64,611353.89,199790.25,43461.72,455025.36,19,True,False,False,0.3268,0.904485,0
chave_pix,201208.44,1544903.62,1343695.18,28759.81,229968.25,13,True,False,False,0.86976,0.87494,0
chave_pix,1525352.55,6674748.35,5149395.8,8172.07,1533524.62,9,False,False,False,0.771474,0.994671,0
dados_bancarios,1537823.66,4615252.28,3077428.62,75062.25,1612885.91,21,True,True,True,0.666795,0.953461,0
pix_copia_e_cola,1106980.04,3211881.8,2104901.76,17262.04,1124242.08,19,False,False,False,0.655348,0.984646,0
chave_pix,442703.01,1191131.81,748428.8,42414.22,485117.23,18,False,False,False,0.628334,0.912569,0
chave_pix,743920.66,3773576.03,3029655.37,15542.39,759463.05,19,True,False,False,0.802861,0.979535,0
pix_copia_e_cola,1852048.2,8271030.26,6418982.06,9052.2,1861100.4,12,True,False,False,0.77608,0.995136,0
chave_pix,207485.75,643560.98,436075.23,38743.83,246229.58,19,True,False,False,0.677597,0.842652,0
dados_bancarios,4746293.03,23178422.64,18432129.61,24583.91,4770876.94,11,False,False,False,0.795228,0.994847,0
pix_copia_e_cola,319709.95,1169471.39,849761.44,6689.03,326398.98,0,False,True,True,0.72662,0.979507,0
chave_pix,580777.94,2104027.08,1523249.14,76685.27,657463.21,9,True,False,False,0.723968,0.883362,0
dados_bancarios,0.01,1527557.75,1527557.74,27123.84,27123.85,16,False,False,False,1.0,0.0,0
dados_bancarios,766673.98,4818121.24,4051447.26,25033.51,791707.49,15,True,False,False,0.840877,0.96838,0
chave_pix,21226.84,1505597.94,1484371.1,9719.18,30946.02,12,False,False,False,0.985901,0.685931,0
chave_pix,146443.19,171921.12,25477.93,320.37,146763.56,7,False,False,False,0.148195,0.997817,1
chave_pix,569407.67,619443.2,50035.53,42889.23,612296.9,9,True,False,False,0.080775,0.929954,0
chave_pix,821294.09,822115.3840899998,821.29,256.6,821550.69,1,False,True,True,0.000999,0.999688,1
chave_pix,1052946.44,4580315.09,3527368.65,50329.42,1103275.86,12,True,False,False,0.770115,0.954382,0
pix_copia_e_cola,2857507.0,14799506.85,11941999.85,129548.37,2987055.37,10,False,False,False,0.806919,0.95663,0
chave_pix,0.01,173329.93,173329.92,1744.86,1744.87,14,False,False,False,1.0,6e-06,0
chave_pix,376264.89,1361888.37,985623.48,12046.45,388311.34,20,False,True,True,0.723718,0.968977,0
pix_copia_e_cola,150019.61,372471.36,222451.75,54169.73,204189.34,15,True,False,False,0.597232,0.734708,0
pix_copia_e_cola,291411.65,2913740.69,2622329.04,37716.26,329127.91,19,False,False,False,0.899987,0.885405,0
dados_bancarios,392767.71,696380.21,303612.5,161.9,392929.61,0,True,True,True,0.435987,0.999588,1
chave_pix,203735.48,755284.26,551548.78,19373.08,223108.56,18,True,False,False,0.730253,0.913167,0
dados_bancarios,284672.18,4752591.2,4467919.02,44762.75,329434.93,17,False,False,False,0.940102,0.864123,0
chave_pix,846138.63,2727839.96,1881701.33,25841.67,871980.3,13,True,False,False,0.689814,0.970364,0
chave_pix,1029048.63,6812961.98,5783913.35,69583.62,1098632.25,15,True,False,False,0.848957,0.936663,0
chave_pix,943988.6,10605722.53,9661733.93,12232.46,956221.06,10,True,False,False,0.910993,0.987207,0
dados_bancarios,493023.51,5919008.45,5425984.94,4190.16,497213.67,23,True,True,True,0.916705,0.991573,0
pix_copia_e_cola,884821.37,997607.86,112786.49,52.42,884873.79,0,True,True,True,0.113057,0.999941,1
pix_copia_e_cola,2246899.8,9889256.15,7642356.35,68340.83,2315240.63,16,False,False,False,0.772794,0.970482,0
chave_pix,211477.1,211688.5771,211.48,5202.89,216679.99,15,False,False,False,0.000999,0.975988,0
chave_pix,175086.75,812199.99,637113.24,189710.56,364797.31,14,True,False,False,0.784429,0.479956,0
chave_pix,156433.09,156589.52308999997,156.43,258.67,156691.76,20,True,True,True,0.000999,0.998349,1
pix_copia_e_cola,966953.82,1871954.26,905000.44,63267.25,1030221.07,9,False,False,False,0.483452,0.938589,0
chave_pix,68295.11,68363.40510999999,68.3,0.01,68295.12,17,True,False,False,0.000999,1.0,1
chave_pix,241549.09,556731.01,315181.92,19020.55,260569.64,0,False,True,True,0.56613,0.927004,0
dados_bancarios,1089408.2,12328835.35,11239427.15,3915.93,1093324.13,10,False,False,False,0.911637,0.996418,0
chave_pix,4812763.44,8848240.88,4035477.44,34241.74,4847005.18,20,False,True,True,0.456077,0.992935,0
chave_pix,56545.54,56602.08553999999,56.55,20069.71,76615.25,16,True,False,False,0.000999,0.738045,0
pix_copia_e_cola,237240.7,697261.03,460020.33,22191.13,259431.83,15,True,False,False,0.659753,0.914463,0
chave_pix,655168.49,655823.65849,655.17,12903.43,668071.92,9,False,False,False,0.000999,0.980686,0
dados_bancarios,1847429.53,17197443.56,15350014.03,2581.41,1850010.94,19,True,False,False,0.892575,0.998605,0
dados_bancarios,175857.45,176033.30745,175.86,44280.73,220138.18,21,False,True,True,0.000999,0.79885,0
chave_pix,2092890.58,3872340.34,1779449.76,17021.97,2109912.55,16,True,False,False,0.459528,0.991932,0
chave_pix,792719.1,793511.8190999998,792.72,12196.45,804915.55,21,False,True,True,0.000999,0.984848,0
chave_pix,2466768.7,2584000.54,117231.84,594.78,2467363.48,9,False,False,False,0.045368,0.999759,1
chave_pix,834233.59,1751766.51,917532.92,435908.85,1270142.44,10,False,False,False,0.523776,0.656803,0
dados_bancarios,209293.72,738262.15,528968.43,23770.33,233064.05,20,True,True,True,0.716505,0.898009,0
dados_bancarios,120959.77,416277.21,295317.44,19413.74,140373.51,11,True,False,False,0.709425,0.861699,0
chave_pix,846589.73,855912.64,9322.91,24.49,846614.22,13,True,False,False,0.010892,0.999971,1
dados_bancarios,964388.1,965352.49,964.39,567.49,964955.59,0,True,True,True,0.000999,0.999412,1
chave_pix,260700.71,2207577.74,1946877.03,3220.57,263921.28,17,False,False,False,0.881906,0.987797,0
chave_pix,961567.28,5792280.1,4830712.82,87812.26,1049379.54,23,False,True,True,0.833992,0.91632,0
chave_pix,1445166.74,1457801.8,12635.06,461.1,1445627.84,13,False,False,False,0.008667,0.999681,1
dados_bancarios,718179.89,718898.0698899999,718.18,49.53,718229.42,12,False,False,False,0.000999,0.999931,1
chave_pix,764689.34,2513706.1,1749016.76,61229.06,825918.4,13,True,False,False,0.695792,0.925865,0
chave_pix,37359.19,37396.54919,37.36,44.46,37403.65,21,True,True,True,0.000999,0.998811,1
chave_pix,112205.01,575500.04,463295.03,51371.54,163576.55,21,False,True,True,0.80503,0.685948,0
chave_pix,474928.44,5212463.68,4737535.24,36054.9,510983.34,9,False,False,False,0.908886,0.92944,0
pix_copia_e_cola,512251.28,1726492.81,1214241.53,55118.4,567369.68,22,True,True,True,0.703299,0.902853,0
chave_pix,285304.2,2205854.09,1920549.89,105122.2,390426.4,11,True,False,False,0.87066,0.73075,0
pix_copia_e_cola,792793.59,10269798.28,9477004.69,43823.4,836616.99,18,False,False,False,0.922803,0.947618,0
pix_copia_e_cola,422153.9,2743575.27,2321421.37,30264.77,452418.67,17,True,False,False,0.84613,0.933105,0
chave_pix,560517.5,561078.0175,560.52,16169.67,576687.17,13,False,False,False,0.000999,0.971961,0
chave_pix,1029811.06,1030840.87,1029.81,74420.66,1104231.72,17,True,False,False,0.000999,0.932604,0
chave_pix,708119.45,2253768.49,1545649.04,18381.8,726501.25,20,True,True,True,0.685806,0.974698,0
chave_pix,1334988.11,1336323.09811,1334.99,691.04,1335679.15,0,False,True,True,0.000999,0.999483,1
pix_copia_e_cola,188870.41,1631037.73,1442167.32,2593.58,191463.99,21,False,True,True,0.884202,0.986454,0
dados_bancarios,143895.62,144039.51562,143.9,8204.83,152100.45,17,True,False,False,0.000999,0.946057,0
chave_pix,325369.09,1083850.35,758481.26,55754.69,381123.78,13,False,False,False,0.699803,0.85371,0
chave_pix,745941.98,1434344.86,688402.88,9802.19,755744.17,23,True,True,True,0.479942,0.98703,0
chave_pix,334995.17,2186074.98,1851079.81,27768.52,362763.69,17,False,False,False,0.84676,0.923453,0
chave_pix,287891.5,422625.88,134734.38,47618.15,335509.65,22,True,True,True,0.318803,0.858072,0
chave_pix,161923.07,162084.99307,161.92,22021.11,183944.18,17,False,False,False,0.000999,0.880284,0
chave_pix,19527.35,19546.88,19.53,1429.37,20956.72,5,False,True,True,0.000999,0.931794,1
dados_bancarios,559220.24,559779.4602399999,559.22,65990.1,625210.34,13,True,False,False,0.000999,0.894451,0
chave_pix,1029860.19,9072042.57,8042182.38,18989.19,1048849.38,10,False,False,False,0.88648,0.981895,0
chave_pix,665558.5,1668795.25,1003236.75,11197.2,676755.7,23,True,True,True,0.601174,0.983455,0
chave_pix,1856969.46,5189106.48,3332137.02,2332.23,1859301.69,14,False,False,False,0.642141,0.998746,0
dados_bancarios,1350830.53,7998412.57,6647582.04,5198.44,1356028.97,13,True,False,False,0.831113,0.996166,0
chave_pix,1273843.26,9670361.21,8396517.95,78566.46,1352409.72,11,False,False,False,0.868273,0.941906,0
dados_bancarios,19881.39,19901.271389999998,19.88,34425.66,54307.05,18,True,False,False,0.000999,0.366092,0
chave_pix,292136.11,1134710.17,842574.06,81132.07,373268.18,12,False,False,False,0.742546,0.782644,0
chave_pix,432423.82,2120872.22,1688448.4,10934.8,443358.62,10,True,False,False,0.79611,0.975336,0
chave_pix,998060.53,11643007.04,10644946.51,7343.95,1005404.48,11,False,False,False,0.914278,0.992696,0
pix_copia_e_cola,1756842.31,2954988.61,1198146.3,18289.52,1775131.83,19,False,False,False,0.405466,0.989697,0
dados_bancarios,857300.64,1915985.19,1058684.55,3438.86,860739.5,12,True,False,False,0.552554,0.996005,0
chave_pix,1746003.35,24748581.56,23002578.21,26517.55,1772520.9,18,False,False,False,0.92945,0.98504,0
chave_pix,171058.78,1329824.84,1158766.06,22220.3,193279.08,10,True,False,False,0.871367,0.885035,0
pix_copia_e_cola,37856.84,306475.15,268618.31,22818.47,60675.31,1,True,True,True,0.876477,0.623925,0
chave_pix,391821.15,3101983.7,2710162.55,17840.16,409661.31,17,True,False,False,0.873687,0.956451,0
dados_bancarios,0.01,206869.86,206869.85,10086.98,10086.99,20,False,True,False,1.0,1e-06,0
dados_bancarios,106455.89,244074.81,137618.92,7.05,106462.94,20,False,True,True,0.563839,0.999934,1
chave_pix,176598.92,215094.45,38495.53,33541.67,210140.59,12,False,False,False,0.17897,0.840385,0
chave_pix,444573.63,445018.20362999995,444.57,8775.6,453349.23,5,True,True,True,0.000999,0.980643,1
dados_bancarios,253525.13,804488.84,550963.71,14093.88,267619.01,13,False,False,False,0.684862,0.947336,0
dados_bancarios,462092.93,1921506.79,1459413.86,7343.25,469436.18,13,False,False,False,0.759515,0.984357,0
dados_bancarios,143501.7,194515.51,51013.81,348.2,143849.9,3,True,True,True,0.262261,0.997579,1
chave_pix,2759966.7,4888162.1,2128195.4,343.78,2760310.48,17,True,False,False,0.435377,0.999875,1
chave_pix,157370.27,2482449.3,2325079.03,1367.71,158737.98,13,True,False,False,0.936607,0.991384,0
chave_pix,306225.86,1278219.5,971993.64,13787.26,320013.12,10,False,False,False,0.760428,0.956917,0
dados_bancarios,607239.31,610012.35,2773.04,17814.76,625054.07,12,False,False,False,0.004546,0.971499,0
chave_pix,7827898.55,15982355.77,8154457.22,59331.13,7887229.68,13,True,False,False,0.510216,0.992478,0
chave_pix,223524.13,1686872.35,1463348.22,17219.93,240744.06,18,False,False,False,0.867492,0.928472,0
chave_pix,262842.4,3262307.93,2999465.53,17678.39,280520.79,20,False,True,True,0.919431,0.93698,0
chave_pix,542311.92,3538916.77,2996604.85,1964.99,544276.91,13,True,False,False,0.846758,0.99639,0
pix_copia_e_cola,2234670.13,26074768.23,23840098.1,106251.52,2340921.65,17,True,False,False,0.914298,0.954611,0
chave_pix,38415.2,38453.61519999999,38.42,274.42,38689.62,8,False,False,False,0.000999,0.992907,1
dados_bancarios,710338.85,3185955.12,2475616.27,29959.36,740298.21,16,True,False,False,0.777041,0.959531,0
dados_bancarios,427453.66,2021178.39,1593724.73,17930.34,445384.0,17,True,False,False,0.788513,0.959742,0
chave_pix,1181579.97,1584432.55,402852.58,15088.81,1196668.78,18,True,False,False,0.254257,0.987391,0
chave_pix,310579.67,2254804.22,1944224.55,26314.39,336894.06,18,True,False,False,0.862259,0.921891,0
chave_pix,482929.36,1681412.68,1198483.32,51904.7,534834.06,15,True,False,False,0.712784,0.902952,0
dados_bancarios,290252.2,377546.06,87293.86,31467.98,321720.18,19,False,False,False,0.231214,0.902188,0
chave_pix,1266681.96,13106409.99,11839728.03,36185.89,1302867.85,19,False,False,False,0.903354,0.972226,0
chave_pix,25614.67,1641630.93,1616016.26,3433.89,29048.56,11,True,False,False,0.984397,0.881788,0
chave_pix,341320.55,1235165.28,893844.73,74066.83,415387.38,14,True,False,False,0.723664,0.821692,0
chave_pix,116249.62,376737.34,260487.72,7375.41,123625.03,11,True,False,False,0.691431,0.94034,0
chave_pix,232031.44,554709.94,322678.5,15561.21,247592.65,15,True,False,False,0.581707,0.93715,0
chave_pix,9227.1,735615.96,726388.86,6602.68,15829.78,20,True,True,True,0.987457,0.582895,0
chave_pix,2712697.87,7596566.22,4883868.35,4048.29,2716746.16,16,True,False,False,0.642905,0.99851,0
chave_pix,1645479.9,7748352.15,6102872.25,51450.12,1696930.02,11,False,False,False,0.787635,0.96968,0
pix_copia_e_cola,113399.29,1353568.75,1240169.46,27003.85,140403.14,16,True,False,False,0.916222,0.807669,0
chave_pix,2651994.1,4069597.56,1417603.46,46.11,2652040.21,8,True,False,False,0.34834,0.999983,1
pix_copia_e_cola,281833.49,1242503.63,960670.14,34502.37,316335.86,15,True,False,False,0.773173,0.890931,0
chave_pix,213839.09,214052.92908999996,213.84,50383.55,264222.64,18,False,False,False,0.000999,0.809314,0
chave_pix,201833.03,398743.94,196910.91,51802.16,253635.19,11,False,False,False,0.493828,0.795761,0
chave_pix,258033.2,1032913.78,774880.58,28959.72,286992.92,15,True,False,False,0.750189,0.899093,0
chave_pix,321943.31,998377.22,676433.91,8177.94,330121.25,15,False,False,False,0.677533,0.975227,0
dados_bancarios,850387.53,3951749.01,3101361.48,2173.97,852561.5,16,True,False,False,0.784807,0.99745,0
chave_pix,1252712.61,26395429.89,25142717.28,13264.55,1265977.16,16,True,False,False,0.952541,0.989522,0
pix_copia_e_cola,2234634.2,6089946.42,3855312.22,7223.52,2241857.72,19,False,False,False,0.633062,0.996778,0
dados_bancarios,752746.76,6814658.84,6061912.08,37342.31,790089.07,15,True,False,False,0.88954,0.952737,0
chave_pix,0.01,309552.25,309552.24,196.11,196.12,10,False,False,False,1.0,5.1e-05,1
chave_pix,963405.3,10790770.35,9827365.05,788.37,964193.67,22,True,True,True,0.91072,0.999182,0
chave_pix,671216.01,3435507.3,2764291.29,63892.78,735108.79,12,True,False,False,0.804624,0.913084,0
chave_pix,64797.62,64862.41761999999,64.8,197.4,64995.02,3,True,True,True,0.000999,0.996963,1
chave_pix,853051.91,3663564.66,2810512.75,60479.79,913531.7,23,True,True,True,0.767152,0.933796,0
chave_pix,1988977.28,7404602.36,5415625.08,49005.95,2037983.23,13,False,False,False,0.731386,0.975954,0
pix_copia_e_cola,117329.13,1637537.04,1520207.91,39035.01,156364.14,18,True,False,False,0.92835,0.750358,0
chave_pix,1268338.04,4970260.25,3701922.21,21491.64,1289829.68,21,False,True,True,0.744815,0.983338,0
pix_copia_e_cola,1976857.08,19794357.84,17817500.76,4774.52,1981631.6,16,True,False,False,0.90013,0.997591,0
chave_pix,1555704.98,8679829.27,7124124.29,10004.0,1565708.98,12,False,False,False,0.820768,0.993611,0
pix_copia_e_cola,2366285.51,9238906.59,6872621.08,12003.39,2378288.9,13,False,False,False,0.743878,0.994953,0
dados_bancarios,1426293.79,1427720.0837899998,1426.29,44664.84,1470958.63,9,True,False,False,0.000999,0.969636,0
pix_copia_e_cola,423134.03,1527615.68,1104481.65,20579.07,443713.1,17,False,False,False,0.72301,0.953621,0
chave_pix,526798.86,6473117.58,5946318.72,15736.92,542535.78,14,False,False,False,0.918617,0.970994,0
pix_copia_e_cola,1751564.26,2442664.79,691100.53,108582.28,1860146.54,13,True,False,False,0.282929,0.941627,0
chave_pix,346192.58,1175276.78,829084.2,34028.33,380220.91,13,False,False,False,0.705437,0.910504,0
chave_pix,739856.92,740596.78,739.86,370.12,740227.04,9,True,False,False,0.000999,0.9995,1
chave_pix,0.01,1403367.07,1403367.06,6514.14,6514.15,11,True,False,False,1.0,2e-06,0
chave_pix,190835.03,191025.86503,190.84,353.75,191188.78,2,False,True,True,0.000999,0.99815,1
chave_pix,602442.85,2368480.19,1766037.34,26972.31,629415.16,11,False,False,False,0.745642,0.957147,0
chave_pix,1012786.25,2390148.48,1377362.23,113977.03,1126763.28,17,False,False,False,0.576266,0.898846,0
dados_bancarios,443911.83,444355.74182999996,443.91,156.78,444068.61,18,True,False,False,0.000999,0.999647,1
chave_pix,93096.85,93189.94685,93.1,63975.84,157072.69,22,False,True,True,0.000999,0.592699,0
pix_copia_e_cola,336497.18,1032146.44,695649.26,39813.07,376310.25,22,True,True,True,0.673983,0.894201,0
pix_copia_e_cola,117659.07,287226.99,169567.92,402.35,118061.42,21,True,True,True,0.590362,0.996592,1
chave_pix,860386.38,1196834.43,336448.05,501.97,860888.35,18,True,False,False,0.281115,0.999417,1
pix_copia_e_cola,86762.69,86849.45268999999,86.76,6973.29,93735.98,18,True,False,False,0.000999,0.925607,0
dados_bancarios,494925.2,1506108.15,1011182.95,12906.93,507832.13,10,False,False,False,0.671388,0.974584,0
pix_copia_e_cola,712290.95,2133746.78,1421455.83,111225.82,823516.77,10,True,False,False,0.666178,0.864938,0
pix_copia_e_cola,241047.41,241288.45740999997,241.05,1541.17,242588.58,12,False,False,False,0.000999,0.993647,1
chave_pix,116632.65,166928.92,50296.27,76940.25,193572.9,18,True,False,False,0.301304,0.602526,0
dados_bancarios,1119290.22,10880125.85,9760835.63,47157.63,1166447.85,3,False,True,True,0.897125,0.959572,0
dados_bancarios,312626.69,1345865.8,1033239.11,1192.11,313818.8,21,True,True,True,0.767713,0.996201,0
chave_pix,121097.93,214904.4,93806.47,10025.57,131123.5,18,True,False,False,0.436503,0.923541,0
chave_pix,58741.35,634073.7,575332.35,151284.6,210025.95,17,False,False,False,0.907359,0.279686,0
dados_bancarios,0.01,16241.62,16241.61,17181.57,17181.58,10,True,False,False,0.999999,1e-06,0
pix_copia_e_cola,7428844.46,7436273.3,7428.84,110.96,7428955.42,23,True,True,True,0.000999,0.999985,1
chave_pix,1154005.08,7911376.24,6757371.16,184606.31,1338611.39,21,True,True,True,0.854133,0.862091,0
chave_pix,476093.19,2307456.46,1831363.27,13961.77,490054.96,6,True,False,False,0.793672,0.97151,0
dados_bancarios,1552567.26,8225801.84,6673234.58,66379.65,1618946.91,12,True,False,False,0.811256,0.958998,0
chave_pix,50080.19,535140.55,485060.36,70752.73,120832.92,11,True,False,False,0.906417,0.414458,0
chave_pix,195700.54,255649.31,59948.77,14825.37,210525.91,15,False,False,False,0.234496,0.929579,0
dados_bancarios,95078.6,95173.6786,95.08,18664.89,113743.49,10,False,False,False,0.000999,0.835904,0
dados_bancarios,79620.97,406779.98,327159.01,32814.82,112435.79,16,True,False,False,0.804265,0.708146,0
dados_bancarios,181126.44,494443.59,313317.15,27323.39,208449.83,11,True,False,False,0.633676,0.868921,0
chave_pix,1101468.63,3770448.18,2668979.55,19045.75,1120514.38,13,False,False,False,0.707868,0.983003,0
dados_bancarios,171264.49,171435.75448999996,171.26,20814.04,192078.53,13,False,False,False,0.000999,0.891638,0
dados_bancarios,622359.88,622982.2398799999,622.36,128086.51,750446.39,22,True,True,True,0.000999,0.82932,0
pix_copia_e_cola,2192502.92,11724612.43,9532109.51,10002.63,2202505.55,10,True,False,False,0.813,0.995459,0
chave_pix,457155.82,1790641.95,1333486.13,5892.37,463048.19,10,False,False,False,0.744697,0.987275,0
dados_bancarios,317643.69,1173097.31,855453.62,68955.31,386599.0,10,True,False,False,0.729226,0.821636,0
chave_pix,68595.42,1121128.36,1052532.94,29693.6,98289.02,18,True,False,False,0.938816,0.697895,0
dados_bancarios,718177.22,3586720.1,2868542.88,50818.44,768995.66,10,False,False,False,0.799768,0.933916,0
chave_pix,3861436.26,29705033.34,25843597.08,2476.12,3863912.38,10,True,False,False,0.870007,0.999359,0
dados_bancarios,680958.02,3173535.56,2492577.54,16857.87,697815.89,10,False,False,False,0.785426,0.975842,0
pix_copia_e_cola,120226.57,120346.79656999999,120.23,0.01,120226.58,14,True,False,False,0.000999,1.0,1
pix_copia_e_cola,1204528.21,4726952.07,3522423.86,20117.77,1224645.98,14,True,False,False,0.745179,0.983573,0
dados_bancarios,261746.28,1016760.88,755014.6,10889.23,272635.51,17,False,False,False,0.742568,0.960059,0
dados_bancarios,256510.18,485045.0,228534.82,27770.4,284280.58,12,True,False,False,0.471162,0.902313,0
dados_bancarios,181545.14,218893.31,37348.17,772.7,182317.84,3,True,True,True,0.170623,0.995762,1
pix_copia_e_cola,644841.44,794397.6,149556.16,0.01,644841.45,12,False,False,False,0.188264,1.0,1
dados_bancarios,1109361.48,4963114.57,3853753.09,19881.58,1129243.06,21,True,True,True,0.776479,0.982394,0
chave_pix,1440362.81,4290574.19,2850211.38,14308.89,1454671.7,11,False,False,False,0.664296,0.990163,0
chave_pix,1193928.08,3456446.25,2262518.17,13804.49,1207732.57,19,False,False,False,0.654579,0.98857,0
chave_pix,2541620.71,43384349.7,40842728.99,45837.58,2587458.29,21,True,True,True,0.941416,0.982285,0
chave_pix,70848.63,92347.12,21498.49,0.01,70848.64,10,False,False,False,0.232801,1.0,1
chave_pix,1495203.8,1496699.0,1495.2,66.47,1495270.27,23,False,True,True,0.000999,0.999956,1
chave_pix,1611691.52,2852705.33,1241013.81,43905.26,1655596.78,12,False,False,False,0.43503,0.973481,0
chave_pix,818239.1,4385602.98,3567363.88,11863.13,830102.23,12,False,False,False,0.813426,0.985709,0
chave_pix,2310903.97,15624405.49,13313501.52,62272.45,2373176.42,13,False,False,False,0.852097,0.97376,0
pix_copia_e_cola,277675.58,1166683.31,889007.73,29264.97,306940.55,14,True,False,False,0.761996,0.904656,0
chave_pix,9822450.56,10120086.63,297636.07,55.7,9822506.26,22,True,True,True,0.02941,0.999994,1
chave_pix,176029.69,176205.71968999997,176.03,15834.88,191864.57,11,False,False,False,0.000999,0.917468,0
chave_pix,102090.29,1137350.74,1035260.45,8306.09,110396.38,17,True,False,False,0.910239,0.924761,0
chave_pix,1361740.77,3989842.15,2628101.38,35437.43,1397178.2,9,False,False,False,0.658698,0.974636,0
chave_pix,306505.03,306811.54,306.51,425.7,306930.73,2,True,True,True,0.000999,0.998613,1
chave_pix,386328.4,2080441.42,1694113.02,16496.85,402825.25,16,True,False,False,0.814305,0.959047,0
chave_pix,832213.04,2931051.59,2098838.55,32453.9,864666.94,21,False,True,True,0.71607,0.962467,0
chave_pix,465509.19,2117049.71,1651540.52,31028.23,496537.42,13,False,False,False,0.780114,0.937511,0
chave_pix,123533.06,487279.97,363746.91,23441.14,146974.2,20,False,True,True,0.746484,0.840508,0
chave_pix,3370781.65,3933208.25,562426.6,131.06,3370912.71,12,True,False,False,0.142994,0.999961,1
dados_bancarios,433901.67,1301477.17,867575.5,87624.09,521525.76,15,True,False,False,0.666608,0.831985,0
chave_pix,1076303.53,2520802.3,1444498.77,4355.55,1080659.08,9,False,False,False,0.573031,0.99597,0
dados_bancarios,2551587.18,7037679.02,4486091.84,338234.98,2889822.16,17,True,False,False,0.637439,0.882956,0
pix_copia_e_cola,481866.19,1566471.49,1084605.3,17897.25,499763.44,7,True,False,False,0.692388,0.964189,0
chave_pix,16627.0,74523.34,57896.34,23200.07,39827.07,19,True,False,False,0.776889,0.41748,0
chave_pix,651438.05,1057091.28,405653.23,45408.49,696846.54,10,False,False,False,0.383745,0.934837,0
chave_pix,128526.65,128655.17664999998,128.53,103356.05,231882.7,12,True,False,False,0.000999,0.554274,0
chave_pix,240956.89,254238.39,13281.5,29003.98,269960.87,10,True,False,False,0.05224,0.892562,0
chave_pix,9975246.0,70609974.2,60634728.2,16397.33,9991643.33,17,False,False,False,0.858728,0.998359,0
chave_pix,1141073.13,4587358.08,3446284.95,100292.18,1241365.31,17,True,False,False,0.751257,0.919208,0
chave_pix,1747750.82,6455220.66,4707469.84,7533.12,1755283.94,1,False,True,True,0.72925,0.995708,0
chave_pix,2273764.15,6150205.95,3876441.8,82021.33,2355785.48,17,True,False,False,0.630295,0.965183,0
chave_pix,64033.82,64097.85381999999,64.03,48664.77,112698.59,19,False,False,False,0.000999,0.568187,0
chave_pix,280082.78,280362.86278,280.08,3852.68,283935.46,3,True,True,True,0.000999,0.986431,1
chave_pix,52385.36,149298.36,96913.0,664.41,53049.77,9,True,False,False,0.649123,0.987476,1
chave_pix,1345239.7,2484798.42,1139558.72,10041.12,1355280.82,16,True,False,False,0.458612,0.992591,0
chave_pix,103340.62,2438533.04,2335192.42,8379.08,111719.7,18,True,False,False,0.957622,0.924999,0
dados_bancarios,525175.03,2375774.82,1850599.79,18379.52,543554.55,13,True,False,False,0.778946,0.966186,0
chave_pix,1240398.77,1267035.61,26636.84,1904.81,1242303.58,3,True,True,True,0.021023,0.998467,1
dados_bancarios,170699.65,603427.17,432727.52,145349.65,316049.3,9,False,False,False,0.717116,0.540105,0
dados_bancarios,444766.43,445211.2,444.77,94.81,444861.24,2,True,True,True,0.000999,0.999787,1
chave_pix,1261637.92,4409609.75,3147971.83,4311.4,1265949.32,8,True,False,False,0.713889,0.996594,0
chave_pix,854037.92,5711247.51,4857209.59,53302.69,907340.61,18,False,False,False,0.850464,0.941254,0
chave_pix,2222905.98,3427493.05,1204587.07,0.01,2222905.99,14,True,False,False,0.351448,1.0,1
chave_pix,226625.47,1367185.59,1140560.12,136152.47,362777.94,18,False,False,False,0.834239,0.624695,0
chave_pix,437211.87,4289370.94,3852159.07,51939.66,489151.53,20,False,True,True,0.898071,0.893817,0
chave_pix,2220975.45,24752252.54,22531277.09,7169.11,2228144.56,15,False,False,False,0.910272,0.996782,0
chave_pix,646139.14,1118193.53,472054.39,19273.09,665412.23,19,False,False,False,0.422158,0.971036,0
chave_pix,11373.73,535958.34,524584.61,46352.4,57726.13,17,False,False,False,0.978779,0.197029,0
dados_bancarios,283655.85,1657046.73,1373390.88,16153.58,299809.43,18,True,False,False,0.828818,0.946121,0
chave_pix,558018.78,3562710.98,3004692.2,10835.13,568853.91,8,False,False,False,0.843372,0.980953,0
chave_pix,461117.41,3218044.31,2756926.9,52816.29,513933.7,18,False,False,False,0.856709,0.897231,0
pix_copia_e_cola,1184916.96,7744958.63,6560041.67,8417.95,1193334.91,12,True,False,False,0.847008,0.992946,0
dados_bancarios,3786438.03,3790224.47,3786.44,700.45,3787138.48,0,True,True,True,0.000999,0.999815,1
pix_copia_e_cola,262113.55,2672459.63,2410346.08,17373.73,279487.28,20,False,True,True,0.90192,0.937837,0
dados_bancarios,1838103.99,6994800.56,5156696.57,104886.26,1942990.25,20,True,True,True,0.737219,0.946018,0
dados_bancarios,67741.75,314380.77,246639.02,4745.41,72487.16,0,True,True,True,0.784523,0.934534,1
chave_pix,1469799.57,9138649.02,7668849.45,32309.88,1502109.45,13,False,False,False,0.839167,0.97849,0
pix_copia_e_cola,11104425.68,97048987.59,85944561.91,25254.27,11129679.95,14,False,False,False,0.885579,0.997731,0
chave_pix,0.01,397059.63,397059.62,19450.05,19450.06,9,True,False,False,1.0,1e-06,0
chave_pix,21852.18,274504.67,252652.49,5367.47,27219.65,17,True,False,False,0.920394,0.802809,0
chave_pix,3187837.18,6757287.51,3569450.33,98335.7,3286172.88,11,False,False,False,0.528237,0.970076,0
dados_bancarios,1292596.27,3405671.35,2113075.08,29211.27,1321807.54,17,True,False,False,0.620458,0.977901,0
chave_pix,54993.57,55048.56356999999,54.99,13137.41,68130.98,12,False,False,False,0.000999,0.807174,0
chave_pix,114097.53,187652.63,73555.1,13973.85,128071.38,13,True,False,False,0.391975,0.89089,0
chave_pix,932171.17,2508072.27,1575901.1,29351.6,961522.77,11,False,False,False,0.628332,0.969474,0
chave_pix,1197667.64,9682168.89,8484501.25,24477.5,1222145.14,15,False,False,False,0.876302,0.979972,0
chave_pix,652501.5,4251612.97,3599111.47,27324.55,679826.05,16,False,False,False,0.846528,0.959807,0
chave_pix,3093158.28,6473605.03,3380446.75,3296.37,3096454.65,10,True,False,False,0.522189,0.998935,0
dados_bancarios,158472.79,158631.26278999998,158.47,7423.71,165896.5,3,True,True,True,0.000999,0.955251,0
chave_pix,1277569.39,3306151.76,2028582.37,30783.06,1308352.45,12,False,False,False,0.613578,0.976472,0
chave_pix,347847.9,348195.74789999996,347.85,673.61,348521.51,2,True,True,True,0.000999,0.998067,1
chave_pix,1509211.2,7247514.16,5738302.96,17753.53,1526964.73,23,False,True,True,0.791762,0.988373,0
chave_pix,887314.66,5112346.24,4225031.58,698.97,888013.63,16,False,False,False,0.826437,0.999213,0
pix_copia_e_cola,1593189.25,2070829.5,477640.25,11961.57,1605150.82,8,True,False,False,0.230652,0.992548,1
chave_pix,239170.33,672797.81,433627.48,16307.07,255477.4,11,False,False,False,0.644514,0.93617,0
chave_pix,773096.63,9658664.54,8885567.91,2771.54,775868.17,16,False,False,False,0.919958,0.996428,0
chave_pix,517962.65,6767461.94,6249499.29,20324.27,538286.92,20,True,True,True,0.923463,0.962243,0
chave_pix,346049.3,2238458.38,1892409.08,101051.79,447101.09,18,False,False,False,0.845407,0.773984,0
dados_bancarios,120688.47,547231.87,426543.4,7302.4,127990.87,14,False,False,False,0.779456,0.942946,0
chave_pix,1045799.54,4898553.73,3852754.19,54881.84,1100681.38,18,True,False,False,0.786509,0.950138,0
chave_pix,930436.59,7949293.8,7018857.21,11658.53,942095.12,11,True,False,False,0.882954,0.987625,0
dados_bancarios,200970.18,418403.5,217433.32,0.01,200970.19,6,False,False,False,0.519674,1.0,1
chave_pix,452618.04,13836920.8,13384302.76,70750.33,523368.37,15,True,False,False,0.967289,0.864817,0
chave_pix,1295368.22,3954906.85,2659538.63,85119.77,1380487.99,15,True,False,False,0.672466,0.938341,0
dados_bancarios,1124793.82,4706754.23,3581960.41,62276.66,1187070.48,17,False,False,False,0.761026,0.947538,0
chave_pix,54133.44,54187.57343999999,54.13,11759.94,65893.38,0,False,True,True,0.000999,0.821531,0
chave_pix,1124604.45,6511449.14,5386844.69,5791.25,1130395.7,19,False,False,False,0.827288,0.994877,0
chave_pix,287159.65,972858.77,685699.12,18005.33,305164.98,17,True,False,False,0.704829,0.940998,0
chave_pix,178225.01,2250865.95,2072640.94,9463.42,187688.43,15,False,False,False,0.920819,0.949579,0
chave_pix,64319.46,64383.78,64.32,330.88,64650.34,7,True,False,False,0.000999,0.994882,1
pix_copia_e_cola,808320.16,2003246.77,1194926.61,1403.79,809723.95,19,True,False,False,0.596495,0.998266,0
chave_pix,1070602.29,5398865.13,4328262.84,101803.82,1172406.11,14,False,False,False,0.801699,0.913167,0
chave_pix,1459298.76,3506968.75,2047669.99,18448.98,1477747.74,19,True,False,False,0.583886,0.987515,0
chave_pix,572008.62,1269379.75,697371.13,8294.87,580303.49,15,False,False,False,0.549379,0.985706,0
chave_pix,159033.6,344794.63,185761.03,10683.86,169717.46,11,True,False,False,0.538758,0.937049,0
dados_bancarios,157125.73,231350.67,74224.94,2917.31,160043.04,22,False,True,True,0.320833,0.981772,1
dados_bancarios,3639749.94,15454489.76,11814739.82,36829.43,3676579.37,15,False,False,False,0.764486,0.989983,0
chave_pix,677365.4,4461986.57,3784621.17,173829.04,851194.44,12,False,False,False,0.848192,0.795782,0
chave_pix,975389.94,976365.33,975.39,876.55,976266.49,16,False,False,False,0.000999,0.999102,1
dados_bancarios,584414.69,2954363.14,2369948.45,9013.67,593428.36,22,True,True,True,0.802186,0.984811,0
chave_pix,82202.43,278001.29,195798.86,8490.16,90692.59,19,True,False,False,0.704309,0.906385,0
dados_bancarios,230697.81,1206527.91,975830.1,37413.72,268111.53,9,False,False,False,0.808792,0.860455,0
chave_pix,804064.27,4284790.94,3480726.67,7524.11,811588.38,13,False,False,False,0.812345,0.990729,0
chave_pix,390909.36,1628429.39,1237520.03,11087.27,401996.63,15,False,False,False,0.759947,0.972419,0
chave_pix,219357.23,219576.58722999998,219.36,470.47,219827.7,6,False,False,False,0.000999,0.99786,1
chave_pix,604950.14,2084538.76,1479588.62,13325.82,618275.96,10,False,False,False,0.709792,0.978447,0
chave_pix,718259.53,3982327.98,3264068.45,8624.05,726883.58,14,False,False,False,0.819638,0.988136,0
chave_pix,0.01,256760.9,256760.89,18180.82,18180.83,9,True,False,False,1.0,1e-06,0
chave_pix,800249.96,6664703.95,5864453.99,71269.91,871519.87,17,True,False,False,0.879927,0.918223,0
dados_bancarios,756648.21,1859615.27,1102967.06,66785.25,823433.46,1,True,True,True,0.593116,0.918894,0
chave_pix,2761122.32,37427099.6,34665977.28,27222.47,2788344.79,10,True,False,False,0.926227,0.990237,0
pix_copia_e_cola,376744.43,5012933.82,4636189.39,47718.7,424463.13,11,False,False,False,0.924846,0.887579,0
dados_bancarios,1949433.72,7030506.07,5081072.35,13158.85,1962592.57,11,True,False,False,0.722718,0.993295,0
chave_pix,218775.27,533587.48,314812.21,18763.23,237538.5,19,False,False,False,0.589992,0.92101,0
chave_pix,58075.65,327703.35,269627.7,61520.96,119596.61,13,False,False,False,0.82278,0.485596,0
chave_pix,922635.79,4101639.94,3179004.15,15008.66,937644.45,17,False,False,False,0.775057,0.983993,0
chave_pix,1670959.78,7594018.45,5923058.67,203086.83,1874046.61,15,False,False,False,0.779964,0.891632,0
chave_pix,108941.49,748062.81,639121.32,15212.81,124154.3,18,True,False,False,0.854369,0.877469,0
chave_pix,442648.75,6003406.94,5560758.19,23532.69,466181.44,12,True,False,False,0.926267,0.94952,0
chave_pix,805926.53,2895894.16,2089967.63,107324.72,913251.25,19,True,False,False,0.7217,0.882481,0
chave_pix,478507.13,6295958.76,5817451.63,11321.72,489828.85,11,False,False,False,0.923998,0.976886,0
dados_bancarios,887897.15,11838994.43,10951097.28,14215.57,902112.72,16,False,False,False,0.925002,0.984242,0
chave_pix,20105.63,193603.33,173497.7,983.43,21089.06,4,True,True,True,0.89615,0.953368,1
chave_pix,1422808.94,17255037.05,15832228.11,106167.61,1528976.55,7,True,False,False,0.917542,0.930563,0
dados_bancarios,170959.91,1363878.9,1192918.99,19232.5,190192.41,9,True,False,False,0.874652,0.898879,0
chave_pix,258075.8,1209717.6,951641.8,3492.08,261567.88,10,True,False,False,0.786664,0.986649,0
chave_pix,4583442.13,4605359.54,21917.41,473.32,4583915.45,18,True,False,False,0.004759,0.999897,1
dados_bancarios,199800.03,1013268.8,813468.77,41214.86,241014.89,22,True,True,True,0.802816,0.828995,0
pix_copia_e_cola,568292.72,828839.69,260546.97,5731.84,574024.56,22,False,True,True,0.314351,0.990015,1
chave_pix,1170964.37,1569985.23,399020.86,33198.22,1204162.59,13,False,False,False,0.254156,0.97243,0
chave_pix,299357.53,299656.88753,299.36,1030.95,300388.48,2,False,True,True,0.000999,0.996568,1
chave_pix,2052511.46,10243861.96,8191350.5,23358.75,2075870.21,12,False,False,False,0.799635,0.988747,0
chave_pix,1273603.14,4112903.35,2839300.21,18050.09,1291653.23,12,True,False,False,0.69034,0.986026,0
dados_bancarios,451750.43,452202.18042999995,451.75,497.79,452248.22,15,True,False,False,0.000999,0.998899,1
pix_copia_e_cola,716812.32,9272013.43,8555201.11,36358.14,753170.46,16,True,False,False,0.922691,0.951727,0
chave_pix,10093061.67,11494810.46,1401748.79,670.7,10093732.37,7,False,False,False,0.121946,0.999934,1
chave_pix,659479.42,2131710.48,1472231.06,28038.91,687518.33,8,True,False,False,0.690634,0.959217,0
chave_pix,1293513.37,10379143.55,9085630.18,13961.53,1307474.9,17,False,False,False,0.875374,0.989322,0
chave_pix,2358375.66,15302745.8,12944370.14,21591.84,2379967.5,13,False,False,False,0.845885,0.990928,0
pix_copia_e_cola,300235.4,1068995.12,768759.72,11833.08,312068.48,18,True,False,False,0.719142,0.962082,0
chave_pix,246900.93,1403612.88,1156711.95,28054.12,274955.05,12,False,False,False,0.824096,0.897968,0
chave_pix,366717.95,1124143.1,757425.15,16621.75,383339.7,20,True,True,True,0.67378,0.95664,0
pix_copia_e_cola,892465.44,10922923.74,10030458.3,13442.25,905907.69,13,False,False,False,0.918294,0.985162,0
chave_pix,74491.63,456229.91,381738.28,13297.13,87788.76,20,True,True,True,0.836723,0.848533,0
chave_pix,232885.99,2417849.57,2184963.58,45248.94,278134.93,11,False,False,False,0.903681,0.837313,0
chave_pix,484976.33,1621055.35,1136079.02,10393.25,495369.58,21,True,True,True,0.700827,0.979019,0
chave_pix,613467.82,5337249.89,4723782.07,34206.17,647673.99,15,False,False,False,0.885059,0.947186,0
pix_copia_e_cola,1947897.01,15676749.04,13728852.03,18824.37,1966721.38,10,False,False,False,0.875746,0.990429,0
pix_copia_e_cola,34862.69,182621.64,147758.95,105150.87,140013.56,12,True,False,False,0.809099,0.248995,0
pix_copia_e_cola,4417191.86,7146632.64,2729440.78,1330.54,4418522.4,13,False,False,False,0.38192,0.999699,1
chave_pix,2019453.29,4036698.41,2017245.12,1313.41,2020766.7,19,True,False,False,0.499726,0.99935,1
pix_copia_e_cola,705618.39,1269966.54,564348.15,4291.75,709910.14,18,True,False,False,0.44438,0.993955,0
pix_copia_e_cola,90039.79,90129.82978999999,90.04,30490.49,120530.28,15,True,False,False,0.000999,0.74703,0
chave_pix,2760999.24,14590861.36,11829862.12,27827.72,2788826.96,20,True,True,True,0.810772,0.990022,0
chave_pix,812551.43,1654635.91,842084.48,3334.26,815885.69,20,False,True,True,0.508924,0.995913,0
pix_copia_e_cola,184856.06,185040.91606,184.86,7035.23,191891.29,15,False,False,False,0.000999,0.963337,0
chave_pix,634126.66,781363.79,147237.13,8668.25,642794.91,10,True,False,False,0.188436,0.986515,0
chave_pix,939901.39,1760311.52,820410.13,17211.61,957113.0,19,True,False,False,0.46606,0.982017,0
chave_pix,928832.68,4242235.07,3313402.39,24561.55,953394.23,19,True,False,False,0.781051,0.974238,0
pix_copia_e_cola,388914.47,4406896.8,4017982.33,54526.85,443441.32,19,True,False,False,0.911749,0.877037,0
chave_pix,1596823.67,4758644.01,3161820.34,130667.16,1727490.83,10,True,False,False,0.664437,0.92436,0
pix_copia_e_cola,5974423.38,7227828.4,1253405.02,353.46,5974776.84,20,True,True,True,0.173414,0.999941,1
dados_bancarios,424567.86,3263987.02,2839419.16,3004.3,427572.16,18,False,False,False,0.869924,0.992974,0
chave_pix,107920.46,540653.14,432732.68,246441.72,354362.18,20,True,True,True,0.800389,0.304548,0
chave_pix,578713.56,6067508.74,5488795.18,27367.68,606081.24,12,True,False,False,0.904621,0.954845,0
chave_pix,91352.33,680564.39,589212.06,36251.57,127603.9,19,True,False,False,0.86577,0.715905,0
dados_bancarios,766417.43,767183.84743,766.42,238.76,766656.19,16,False,False,False,0.000999,0.999689,1
chave_pix,70930.98,109368.1,38437.12,909.16,71840.14,5,False,True,True,0.351447,0.987345,1
dados_bancarios,704718.32,3192846.17,2488127.85,24715.71,729434.03,12,True,False,False,0.779282,0.966117,0
chave_pix,842371.67,3304209.81,2461838.14,7569.25,849940.92,16,False,False,False,0.745061,0.991094,0
chave_pix,417734.48,999427.15,581692.67,14722.25,432456.73,13,True,False,False,0.582026,0.965957,0
pix_copia_e_cola,351782.33,1033054.24,681271.91,133784.47,485566.8,13,True,False,False,0.659474,0.724478,0
chave_pix,428710.53,856985.8,428275.27,111.31,428821.84,20,True,True,True,0.499746,0.99974,0
chave_pix,0.01,55304.87,55304.86,448.47,448.48,2,False,True,False,1.0,2.2e-05,1
chave_pix,1144089.37,1145233.46,1144.09,1012.07,1145101.44,18,True,False,False,0.000999,0.999116,1
chave_pix,109562.97,1228851.91,1119288.94,13434.0,122996.97,16,True,False,False,0.910841,0.890778,0
chave_pix,2060748.45,2406151.09,345402.64,1414.43,2062162.88,21,True,True,True,0.14355,0.999314,1
chave_pix,25071.46,25096.53,25.07,602.76,25674.22,1,True,True,True,0.000999,0.976523,1
chave_pix,0.01,328153.87,328153.86,8647.68,8647.69,16,False,False,False,1.0,1e-06,0
chave_pix,297654.07,553930.9,256276.83,21146.53,318800.6,12,False,False,False,0.462651,0.933668,0
chave_pix,0.01,77369.11,77369.1,311.73,311.74,19,True,False,False,1.0,3.2e-05,1
dados_bancarios,1037094.21,3192990.15,2155895.94,61539.77,1098633.98,16,False,False,False,0.675197,0.943985,0
chave_pix,213523.56,714264.74,500741.18,104144.75,317668.31,20,True,True,True,0.701058,0.672159,0
chave_pix,100761.8,436658.09,335896.29,25974.42,126736.22,1,False,True,True,0.769243,0.795051,0
chave_pix,220556.55,2240663.65,2020107.1,11505.45,232062.0,15,True,False,False,0.901566,0.950421,0
chave_pix,3156421.43,3781477.66,625056.23,899.3,3157320.73,10,True,False,False,0.165294,0.999715,1
chave_pix,579014.03,12207706.71,11628692.68,17484.32,596498.35,16,True,False,False,0.95257,0.970688,0
chave_pix,270765.79,421939.69,151173.9,171.75,270937.54,16,False,False,False,0.358283,0.999366,1
chave_pix,1301775.98,5716633.01,4414857.03,97990.03,1399766.01,1,False,True,True,0.772283,0.929995,0
pix_copia_e_cola,1421665.98,1423087.65,1421.67,2459.55,1424125.53,21,True,True,True,0.000999,0.998273,1
dados_bancarios,325143.96,1676835.98,1351692.02,42396.52,367540.48,19,True,False,False,0.806097,0.884648,0
chave_pix,266115.89,2079195.51,1813079.62,42572.3,308688.19,19,False,False,False,0.87201,0.862086,0
chave_pix,156186.54,597788.09,441601.55,26275.01,182461.55,22,True,True,True,0.738726,0.855997,0
chave_pix,1646218.64,12769978.67,11123760.03,262317.44,1908536.08,11,False,False,False,0.871087,0.862556,0
dados_bancarios,446802.99,2008786.91,1561983.92,4241.68,451044.67,21,True,True,True,0.777576,0.990596,0
chave_pix,265930.33,1736644.5,1470714.17,14919.23,280849.56,11,True,False,False,0.846871,0.946878,0
chave_pix,2383025.73,5970474.68,3587448.95,20085.78,2403111.51,20,False,True,True,0.600865,0.991642,0
chave_pix,1003357.03,6021668.93,5018311.9,55264.34,1058621.37,14,True,False,False,0.833376,0.947796,0
pix_copia_e_cola,395198.59,919434.67,524236.08,45976.2,441174.79,17,False,False,False,0.570172,0.895787,0
dados_bancarios,978792.67,14342670.07,13363877.4,28801.13,1007593.8,7,True,False,False,0.931757,0.971416,0
chave_pix,1183044.27,3122646.51,1939602.24,17928.7,1200972.97,14,False,False,False,0.621141,0.985072,0
dados_bancarios,738152.38,3473710.56,2735558.18,25461.83,763614.21,11,False,False,False,0.787503,0.966656,0
chave_pix,677658.46,1149275.33,471616.87,51.48,677709.94,16,True,False,False,0.41036,0.999924,1
chave_pix,682116.99,3684741.51,3002624.52,11730.83,693847.82,20,False,True,True,0.814881,0.983093,0
dados_bancarios,175037.45,919621.98,744584.53,84383.97,259421.42,19,False,False,False,0.809664,0.674722,0
chave_pix,816481.35,11764316.42,10947835.07,13826.17,830307.52,23,True,True,True,0.930597,0.983348,0
chave_pix,1199751.05,5484838.89,4285087.84,31949.75,1231700.8,10,False,False,False,0.78126,0.97406,0
dados_bancarios,15320.04,15335.36004,15.32,102613.73,117933.77,17,True,False,False,0.000999,0.129904,0
chave_pix,59654.03,833067.06,773413.03,12533.56,72187.59,15,False,False,False,0.928392,0.826375,0
chave_pix,524341.46,4874743.25,4350401.79,32690.43,557031.89,12,True,False,False,0.892437,0.941313,0
chave_pix,386293.46,386679.75346,386.29,9001.37,395294.83,9,False,False,False,0.000999,0.977229,0
dados_bancarios,5058021.28,13655249.92,8597228.64,5487.92,5063509.2,19,False,False,False,0.629591,0.998916,0
chave_pix,1035.3,4329483.34,4328448.04,14163.47,15198.77,22,True,True,True,0.999761,0.068117,0
chave_pix,4469763.66,7027353.81,2557590.15,1328.74,4471092.4,5,True,True,True,0.363948,0.999703,1
chave_pix,485660.54,699198.9,213538.36,25252.82,510913.36,16,False,False,False,0.305404,0.950573,0
dados_bancarios,347263.44,2889830.0,2542566.56,19205.31,366468.75,23,False,True,True,0.879833,0.947594,0
chave_pix,698024.6,3438139.7,2740115.1,62204.83,760229.43,19,False,False,False,0.796976,0.918176,0
chave_pix,284324.82,1051041.85,766717.03,4460.69,288785.51,15,False,False,False,0.729483,0.984554,0
dados_bancarios,694345.52,3203406.23,2509060.71,50231.72,744577.24,19,False,False,False,0.783248,0.932537,0
pix_copia_e_cola,873110.02,1778309.47,905199.45,14099.28,887209.3,9,True,False,False,0.509022,0.984108,0
pix_copia_e_cola,589621.99,590211.6119899999,589.62,12990.53,602612.52,15,True,False,False,0.000999,0.978443,0
dados_bancarios,459205.43,717467.83,258262.4,8790.67,467996.1,23,True,True,True,0.359964,0.981216,0
chave_pix,765440.01,1280204.01,514764.0,9642.99,775083.0,11,False,False,False,0.402095,0.987559,0
chave_pix,1130678.59,4418807.35,3288128.76,4639.75,1135318.34,11,False,False,False,0.744121,0.995913,0
dados_bancarios,47553.23,47600.78323,47.55,25030.44,72583.67,21,True,True,True,0.000999,0.655151,0
pix_copia_e_cola,142169.45,766662.25,624492.8,7064.9,149234.35,17,True,False,False,0.814561,0.952659,0
chave_pix,93267.29,231462.67,138195.38,11790.67,105057.96,13,True,False,False,0.597053,0.88777,0
chave_pix,290211.26,471033.24,180821.98,24.83,290236.09,11,True,False,False,0.383884,0.999914,1
chave_pix,711505.58,2796612.58,2085107.0,47192.16,758697.74,14,True,False,False,0.745583,0.937798,0
chave_pix,746930.94,1991178.12,1244247.18,14317.99,761248.93,10,False,False,False,0.62488,0.981191,0
chave_pix,1122075.37,5962967.18,4840891.81,59670.16,1181745.53,10,True,False,False,0.811826,0.949507,0
chave_pix,2316932.82,8212585.53,5895652.71,49936.93,2366869.75,7,False,False,False,0.71788,0.978902,0
chave_pix,317743.2,610390.23,292647.03,38443.34,356186.54,19,True,False,False,0.479443,0.89207,0
chave_pix,81123.88,81205.00387999999,81.12,17178.73,98302.61,14,True,False,False,0.000999,0.825246,0
dados_bancarios,467476.0,1087218.63,619742.63,18118.68,485594.68,16,False,False,False,0.570026,0.962688,0
dados_bancarios,192718.25,2826030.12,2633311.87,3600.16,196318.41,16,False,False,False,0.931806,0.981662,0
chave_pix,8474818.93,8530308.58,55489.65,253.58,8475072.51,3,True,True,True,0.006505,0.99997,1
dados_bancarios,360528.44,803725.45,443197.01,48955.74,409484.18,21,True,True,True,0.551428,0.880445,0
chave_pix,287459.98,1947566.37,1660106.39,23253.2,310713.18,17,False,False,False,0.8524,0.925162,0
chave_pix,1011124.15,5239616.66,4228492.51,68303.13,1079427.28,14,False,False,False,0.807023,0.936723,0
chave_pix,1089520.32,1460723.03,371202.71,1325.85,1090846.17,0,True,True,True,0.254123,0.998785,1
chave_pix,70988.52,71059.50852,70.99,29126.51,100115.03,16,True,False,False,0.000999,0.70907,0
dados_bancarios,462356.62,462818.97662,462.36,38154.91,500511.53,15,False,False,False,0.000999,0.923768,0
dados_bancarios,293169.59,629394.93,336225.34,37363.21,330532.8,19,False,False,False,0.534204,0.886961,0
chave_pix,481427.76,481909.18775999994,481.43,165.49,481593.25,2,True,True,True,0.000999,0.999656,1
chave_pix,449482.72,880911.63,431428.91,10254.72,459737.44,10,True,False,False,0.489753,0.977694,0
chave_pix,736948.74,2817036.61,2080087.87,37361.9,774310.64,20,True,True,True,0.738396,0.951748,0
dados_bancarios,191691.48,191883.17148,191.69,621.77,192313.25,20,False,True,True,0.000999,0.996767,1
chave_pix,1148026.31,3481172.31,2333146.0,28368.82,1176395.13,18,False,False,False,0.670218,0.975885,0
chave_pix,751224.33,3364349.55,2613125.22,91181.2,842405.53,12,False,False,False,0.77671,0.891761,0
chave_pix,2601431.81,16050372.38,13448940.57,3764.43,2605196.24,11,True,False,False,0.837921,0.998555,0
pix_copia_e_cola,569410.82,16627282.01,16057871.19,43378.9,612789.72,18,True,False,False,0.965754,0.929211,0
dados_bancarios,135667.37,456523.22,320855.85,159.61,135826.98,8,True,False,False,0.702825,0.998825,1
chave_pix,960306.85,1155770.02,195463.17,109.35,960416.2,16,True,False,False,0.169119,0.999886,1
chave_pix,1675153.28,2059920.96,384767.68,8183.19,1683336.47,7,True,False,False,0.186788,0.995139,1
dados_bancarios,318710.2,2190396.67,1871686.47,3090.41,321800.61,13,True,False,False,0.854497,0.990397,0
chave_pix,173511.2,455637.66,282126.46,57077.36,230588.56,10,False,False,False,0.61919,0.752471,0
dados_bancarios,274518.25,3134466.84,2859948.59,22482.91,297001.16,14,True,False,False,0.912419,0.9243,0
chave_pix,589820.44,4877969.95,4288149.51,19369.26,609189.7,9,False,False,False,0.879085,0.968205,0
pix_copia_e_cola,322585.04,322907.63,322.59,2764.58,325349.62,15,False,False,False,0.000999,0.991503,1
chave_pix,1036943.61,7761207.82,6724264.21,10969.92,1047913.53,8,False,False,False,0.866394,0.989532,0
chave_pix,1801385.99,9904870.25,8103484.26,21620.23,1823006.22,18,False,False,False,0.818131,0.98814,0
chave_pix,528808.91,529337.7189099999,528.81,33767.93,562576.84,13,True,False,False,0.000999,0.939976,0
chave_pix,427675.09,2675172.88,2247497.79,23786.93,451462.02,8,True,False,False,0.840132,0.947311,0
chave_pix,266914.98,816095.7,549180.72,4922.32,271837.3,14,False,False,False,0.672937,0.981892,0
chave_pix,846389.02,3719227.01,2872837.99,2748.93,849137.95,10,True,False,False,0.772429,0.996763,0
pix_copia_e_cola,362837.75,1340527.64,977689.89,65574.79,428412.54,11,False,False,False,0.729332,0.846935,0
pix_copia_e_cola,929688.68,1782929.44,853240.76,7208.53,936897.21,11,True,False,False,0.478561,0.992306,0
dados_bancarios,986203.07,4832562.97,3846359.9,23370.25,1009573.32,18,False,False,False,0.795925,0.976851,0
chave_pix,825916.68,2749711.37,1923794.69,34795.89,860712.57,17,True,False,False,0.699635,0.959573,0
chave_pix,1025033.34,6401671.95,5376638.61,30248.73,1055282.07,18,True,False,False,0.83988,0.971336,0
dados_bancarios,1181875.51,19535549.54,18353674.03,22585.17,1204460.68,17,False,False,False,0.939501,0.981249,0
chave_pix,238592.54,408749.77,170157.23,1091.45,239683.99,20,False,True,True,0.416287,0.995446,0
chave_pix,187827.13,681247.6,493420.47,12329.01,200156.14,12,False,False,False,0.724289,0.938403,0
dados_bancarios,56938.91,235824.11,178885.2,3022.15,59961.06,12,True,False,False,0.758553,0.949598,1
pix_copia_e_cola,301402.48,1253860.69,952458.21,10382.15,311784.63,19,True,False,False,0.75962,0.966701,0
chave_pix,1434377.69,1940056.57,505678.88,0.01,1434377.7,4,True,True,True,0.260652,1.0,1
chave_pix,783784.55,2690018.83,1906234.28,6467.43,790251.98,21,False,True,True,0.708632,0.991816,0
pix_copia_e_cola,305911.7,1664914.79,1359003.09,30098.16,336009.86,18,True,False,False,0.81626,0.910425,0
chave_pix,178794.8,729642.36,550847.56,25828.79,204623.59,18,False,False,False,0.754956,0.873774,0
chave_pix,361597.65,4599593.32,4237995.67,24545.31,386142.96,17,False,False,False,0.921385,0.936435,0
pix_copia_e_cola,408243.19,5922988.7,5514745.51,10661.16,418904.35,16,True,False,False,0.931075,0.97455,0
dados_bancarios,376871.15,2010327.76,1633456.61,17510.81,394381.96,8,False,False,False,0.812532,0.955599,0
pix_copia_e_cola,1371342.8,16519540.32,15148197.52,229657.0,1600999.8,14,False,False,False,0.916987,0.856554,0
dados_bancarios,565328.35,2339761.36,1774433.01,22649.47,587977.82,11,True,False,False,0.758382,0.961479,0
pix_copia_e_cola,68380.42,1671516.86,1603136.44,8471.26,76851.68,9,False,False,False,0.959091,0.889771,0
chave_pix,108256.85,325904.26,217647.41,90908.17,199165.02,11,True,False,False,0.667826,0.543554,0
chave_pix,815615.46,5873039.65,5057424.19,9317.49,824932.95,13,True,False,False,0.861125,0.988705,0
chave_pix,140987.12,141128.10711999997,140.99,21067.4,162054.52,19,False,False,False,0.000999,0.869998,0
chave_pix,654478.4,2709968.58,2055490.18,6566.56,661044.96,11,True,False,False,0.758492,0.990066,0
pix_copia_e_cola,7055979.76,180907760.11,173851780.35,22465.08,7078444.84,12,True,False,False,0.960997,0.996826,0
chave_pix,0.01,1303273.72,1303273.71,37870.16,37870.17,16,False,False,False,1.0,0.0,0
chave_pix,65362.27,66628.78,1266.51,18516.95,83879.22,20,True,True,True,0.019008,0.779243,0
chave_pix,374331.39,2329047.29,1954715.9,5251.28,379582.67,11,False,False,False,0.839277,0.986166,0
pix_copia_e_cola,929618.9,12888437.9,11958819.0,14326.94,943945.84,10,False,False,False,0.927872,0.984822,0
dados_bancarios,625735.53,4829603.65,4203868.12,15121.4,640856.93,13,False,False,False,0.870437,0.976404,0
dados_bancarios,155958.31,156114.26830999998,155.96,69743.5,225701.81,13,False,False,False,0.000999,0.690993,0
chave_pix,1105250.98,7647170.82,6541919.84,14636.53,1119887.51,9,False,False,False,0.855469,0.98693,0
chave_pix,795781.1,2698062.83,1902281.73,36015.4,831796.5,9,False,False,False,0.705055,0.956702,0
dados_bancarios,805539.96,1900568.55,1095028.59,237488.02,1043027.98,18,True,False,False,0.576158,0.772309,0
dados_bancarios,913841.71,10107236.51,9193394.8,46469.67,960311.38,17,False,False,False,0.909585,0.95161,0
chave_pix,348285.86,1337379.41,989093.55,11939.01,360224.87,13,True,False,False,0.739576,0.966857,0
chave_pix,9947208.64,17303808.86,7356600.22,1059.48,9948268.12,15,True,False,False,0.425143,0.999894,1
chave_pix,0.01,95755.13,95755.12,4477.91,4477.92,22,True,True,False,1.0,2e-06,1
dados_bancarios,148412.22,148560.63221999997,148.41,95360.0,243772.22,16,False,False,False,0.000999,0.608815,0
chave_pix,288480.02,3334439.42,3045959.4,14866.67,303346.69,22,True,True,True,0.913485,0.950991,0
chave_pix,784728.59,785513.3185899999,784.73,0.01,784728.6,12,True,False,False,0.000999,1.0,0
chave_pix,0.01,517142.89,517142.88,14584.22,14584.23,10,True,False,False,1.0,1e-06,0
chave_pix,884950.7,2234866.54,1349915.84,8793.04,893743.74,15,False,False,False,0.604025,0.990162,0
chave_pix,425666.31,1234809.52,809143.21,31408.95,457075.26,21,False,True,True,0.655278,0.931283,0
chave_pix,1618431.95,2276220.61,657788.66,67031.94,1685463.89,15,True,False,False,0.288983,0.960229,0
pix_copia_e_cola,1485628.72,7595185.57,6109556.85,113655.99,1599284.71,13,True,False,False,0.804399,0.928933,0
chave_pix,781458.75,4206893.68,3425434.93,7176.43,788635.18,18,True,False,False,0.814243,0.9909,0
dados_bancarios,490652.81,491143.46280999994,490.65,0.01,490652.82,15,True,False,False,0.000999,1.0,1
pix_copia_e_cola,307949.94,2547774.75,2239824.81,26023.32,333973.26,12,False,False,False,0.87913,0.92208,0
chave_pix,351607.63,724217.36,372609.73,23526.72,375134.35,16,True,False,False,0.5145,0.937285,0
chave_pix,447246.38,512753.43,65507.05,2308.73,449555.11,4,True,True,True,0.127755,0.994864,1
chave_pix,37673.2,220676.27,183003.07,9820.39,47493.59,11,False,False,False,0.829283,0.793227,0
dados_bancarios,1362615.58,7018874.31,5656258.73,3102.58,1365718.16,14,True,False,False,0.805864,0.997728,0
dados_bancarios,1573281.2,3700556.21,2127275.01,12389.54,1585670.74,10,False,False,False,0.574853,0.992187,0
chave_pix,262910.71,3473035.88,3210125.17,42385.96,305296.67,15,True,False,False,0.924299,0.861165,0
chave_pix,2241779.3,10777121.74,8535342.44,24622.55,2266401.85,10,True,False,False,0.791987,0.989136,0
chave_pix,351644.64,351996.28463999997,351.64,567.15,352211.79,22,False,True,True,0.000999,0.99839,1
chave_pix,232082.46,1665225.8,1433143.34,33599.64,265682.1,16,False,False,False,0.86063,0.873534,0
chave_pix,213109.12,1204829.69,991720.57,35788.49,248897.61,19,False,False,False,0.823121,0.856212,0
chave_pix,1902013.86,1903915.87386,1902.01,222.35,1902236.21,0,False,True,True,0.000999,0.999883,1
chave_pix,112243.85,112356.09384999999,112.24,16602.33,128846.18,12,True,False,False,0.000999,0.871146,0
chave_pix,262468.89,1243286.63,980817.74,98537.65,361006.54,10,False,False,False,0.788891,0.727047,0
dados_bancarios,379589.35,2847191.92,2467602.57,30056.63,409645.98,19,False,False,False,0.866679,0.926628,0
chave_pix,337104.95,913096.8,575991.85,7657.83,344762.78,20,True,True,True,0.630811,0.977788,0
chave_pix,208379.39,815809.2,607429.81,6100.41,214479.8,19,True,False,False,0.744573,0.971557,0
dados_bancarios,36065.6,36101.66559999999,36.07,41358.52,77424.12,12,False,False,False,0.000999,0.465819,0
chave_pix,133727.96,403394.67,269666.71,14127.62,147855.58,14,False,False,False,0.668493,0.90445,1
pix_copia_e_cola,654218.28,15806639.02,15152420.74,67455.85,721674.13,13,True,False,False,0.958611,0.906529,0
chave_pix,922750.9,4664463.64,3741712.74,29208.21,951959.11,23,True,True,True,0.802174,0.969318,0
chave_pix,331451.02,1761506.86,1430055.84,14912.53,346363.55,18,True,False,False,0.811837,0.956945,0
dados_bancarios,372157.24,1970987.8,1598830.56,43485.62,415642.86,15,True,False,False,0.811182,0.895377,0
pix_copia_e_cola,1700949.35,8198864.93,6497915.58,15294.14,1716243.49,11,False,False,False,0.792538,0.991089,0
chave_pix,158363.88,1616412.77,1458048.89,65491.78,223855.66,9,True,False,False,0.902028,0.707437,0
chave_pix,137924.82,1654498.24,1516573.42,14681.37,152606.19,0,True,True,True,0.916636,0.903796,0
chave_pix,518317.12,4588281.76,4069964.64,17046.7,535363.82,16,False,False,False,0.887035,0.968159,0
chave_pix,269505.34,1300920.34,1031415.0,17003.65,286508.99,20,False,True,True,0.792835,0.940652,0
chave_pix,558087.69,1630110.56,1072022.87,214414.51,772502.2,22,True,True,True,0.657638,0.722442,0
chave_pix,7351839.33,79114921.7,71763082.37,36793.52,7388632.85,16,False,False,False,0.907074,0.99502,0
chave_pix,9264.84,35119.45,25854.61,16284.29,25549.13,18,True,False,False,0.736191,0.362628,0
dados_bancarios,208994.6,855870.21,646875.61,4971.56,213966.16,23,True,True,True,0.75581,0.976765,0
dados_bancarios,1102037.95,8023489.8,6921451.85,12985.93,1115023.88,15,False,False,False,0.862649,0.988354,0
pix_copia_e_cola,426192.07,3768886.11,3342694.04,19527.94,445720.01,22,False,True,True,0.886918,0.956188,0
chave_pix,624031.16,2523252.03,1899220.87,78266.72,702297.88,17,False,False,False,0.752688,0.888556,0
chave_pix,524501.84,2277342.4,1752840.56,68183.97,592685.81,13,False,False,False,0.769687,0.884958,0
chave_pix,921682.19,10019390.67,9097708.48,20407.0,942089.19,15,False,False,False,0.90801,0.978339,0
chave_pix,0.01,0.01001,0.0,322.03,322.04,11,False,False,False,0.0,3.1e-05,1
chave_pix,1564010.05,5619583.22,4055573.17,18139.73,1582149.78,20,False,True,True,0.721686,0.988535,0
pix_copia_e_cola,330558.68,1746645.86,1416087.18,11045.5,341604.18,18,False,False,False,0.810747,0.967666,0
chave_pix,0.01,129233.2,129233.19,9511.48,9511.49,14,True,False,False,1.0,1e-06,0
pix_copia_e_cola,74981.19,75056.17119,74.98,669.5,75650.69,14,True,False,False,0.000999,0.99115,1
chave_pix,1478371.06,1542947.1,64576.04,129.12,1478500.18,8,True,False,False,0.041852,0.999913,1
dados_bancarios,535620.05,1417424.93,881804.88,72552.77,608172.82,21,True,True,True,0.622118,0.880704,0
dados_bancarios,425325.91,425751.23590999993,425.33,110.15,425436.06,18,False,False,False,0.000999,0.999741,1
chave_pix,0.01,0.01001,0.0,21231.3,21231.31,20,False,True,False,0.0,0.0,0
chave_pix,700771.18,2742640.77,2041869.59,21942.69,722713.87,12,True,False,False,0.74449,0.969638,0
chave_pix,1009724.34,2946112.05,1936387.71,14744.47,1024468.81,12,False,False,False,0.657269,0.985608,0
chave_pix,769129.97,1069488.99,300359.02,18091.42,787221.39,13,True,False,False,0.280843,0.977019,0
pix_copia_e_cola,74870.17,134044.43,59174.26,163.66,75033.83,12,False,False,False,0.441453,0.997819,1
chave_pix,300773.09,948323.18,647550.09,1408.5,302181.59,16,True,False,False,0.682837,0.995339,0
chave_pix,509944.09,10741954.86,10232010.77,10918.73,520862.82,10,True,False,False,0.952528,0.979037,0
chave_pix,797423.12,798220.5431199999,797.42,470.78,797893.9,17,True,False,False,0.000999,0.99941,1
chave_pix,1394032.0,1395426.032,1394.03,29559.55,1423591.55,13,False,False,False,0.000999,0.979236,0
chave_pix,35417.9,345741.32,310323.42,31162.78,66580.68,9,False,False,False,0.89756,0.531955,0
chave_pix,233835.42,2281787.03,2047951.61,2000.95,235836.37,17,True,False,False,0.897521,0.991516,0
chave_pix,206887.09,406867.82,199980.73,56369.39,263256.48,13,True,False,False,0.491513,0.785877,0
chave_pix,101917.59,102019.50758999998,101.92,203.55,102121.14,12,True,False,False,0.000999,0.998007,1
chave_pix,1270725.1,6812274.11,5541549.01,141449.85,1412174.95,20,True,True,True,0.813465,0.899835,0
chave_pix,767590.31,4544021.27,3776430.96,0.01,767590.32,14,False,False,False,0.831077,1.0,0
chave_pix,386849.4,2912289.49,2525440.09,8568.99,395418.39,10,True,False,False,0.867167,0.978329,0
chave_pix,428711.16,977849.74,549138.58,27230.5,455941.66,12,True,False,False,0.561578,0.940276,0
dados_bancarios,1179544.81,5769353.6,4589808.79,26641.13,1206185.94,14,True,False,False,0.79555,0.977913,0
chave_pix,571981.15,3416764.57,2844783.42,13384.83,585365.98,21,True,True,True,0.832596,0.977134,0
dados_bancarios,19886.68,116562.46,96675.78,225309.37,245196.05,15,True,False,False,0.82939,0.081105,0
chave_pix,117905.43,552534.39,434628.96,118339.97,236245.4,16,True,False,False,0.78661,0.49908,0
pix_copia_e_cola,129817.94,1816251.23,1686433.29,20571.4,150389.34,15,True,False,False,0.928524,0.863212,0
chave_pix,106485.56,604200.08,497714.52,84834.91,191320.47,19,False,False,False,0.823758,0.556582,0
chave_pix,234385.33,234619.71532999995,234.39,88505.74,322891.07,22,True,True,True,0.000999,0.725896,0
chave_pix,2201872.04,11498031.71,9296159.67,27002.84,2228874.88,9,True,False,False,0.8085,0.987885,0
chave_pix,2970351.89,4106808.06,1136456.17,0.01,2970351.9,6,False,False,False,0.276725,1.0,1
pix_copia_e_cola,1361815.99,1483425.12,121609.13,23138.39,1384954.38,1,True,True,True,0.081979,0.983293,0
chave_pix,355076.89,3351404.39,2996327.5,23023.92,378100.81,19,False,False,False,0.894051,0.939106,0
chave_pix,5032330.91,42887128.17,37854797.26,49852.78,5082183.69,9,True,False,False,0.882661,0.990191,0
chave_pix,890502.16,7976635.45,7086133.29,22609.67,913111.83,22,False,True,True,0.888361,0.975239,0
dados_bancarios,116275.56,905267.68,788992.12,19913.24,136188.8,19,False,False,False,0.871557,0.853782,0
chave_pix,362263.95,362626.21394999995,362.26,9365.71,371629.66,19,False,False,False,0.000999,0.974798,0
chave_pix,20862.74,2078288.8,2057426.06,15362.31,36225.05,15,False,False,False,0.989962,0.57592,0
chave_pix,563681.94,2515181.17,1951499.23,34758.55,598440.49,20,False,True,True,0.775888,0.941918,0
dados_bancarios,216851.83,4039991.6,3823139.77,17404.81,234256.64,1,True,True,True,0.946324,0.925702,0
dados_bancarios,731948.98,732680.9289799999,731.95,188.2,732137.18,6,False,False,False,0.000999,0.999743,1
chave_pix,1599320.62,2598124.89,998804.27,167.61,1599488.23,7,False,False,False,0.384433,0.999895,1
dados_bancarios,3992366.52,4106753.09,114386.57,427.62,3992794.14,22,False,True,True,0.027853,0.999893,1
dados_bancarios,634993.97,635628.9639699999,634.99,5842.15,640836.12,5,True,True,True,0.000999,0.990884,1
pix_copia_e_cola,318156.11,402006.09,83849.98,56468.22,374624.33,18,True,False,False,0.208579,0.849267,0
chave_pix,932306.63,2709107.52,1776800.89,10315.22,942621.85,15,False,False,False,0.655862,0.989057,0
chave_pix,361357.53,2223004.79,1861647.26,38717.45,400074.98,23,False,True,True,0.837446,0.903225,0
chave_pix,324604.07,773946.05,449341.98,33029.78,357633.85,11,True,False,False,0.580586,0.907644,0
dados_bancarios,194116.84,1861841.89,1667725.05,2780.89,196897.73,14,False,False,False,0.895739,0.985876,0
chave_pix,553185.66,4591213.42,4038027.76,36658.91,589844.57,15,False,False,False,0.879512,0.93785,0
dados_bancarios,1758759.71,4801154.23,3042394.52,98063.55,1856823.26,20,False,True,True,0.63368,0.947187,0
chave_pix,221371.07,499568.17,278197.1,2644.61,224015.68,7,True,False,False,0.556875,0.988195,1
chave_pix,4092313.44,17992081.68,13899768.24,8621.87,4100935.31,12,False,False,False,0.772549,0.997898,0
pix_copia_e_cola,212332.34,212544.67233999996,212.33,4142.72,216475.06,0,False,True,True,0.000999,0.980863,1
dados_bancarios,452527.5,1467094.11,1014566.61,11735.53,464263.03,19,False,False,False,0.691548,0.974722,0
chave_pix,312953.13,4680054.54,4367101.41,5403.68,318356.81,13,True,False,False,0.93313,0.983026,0
pix_copia_e_cola,438478.91,2619995.97,2181517.06,14433.07,452911.98,20,True,True,True,0.832641,0.968133,0
dados_bancarios,1550123.32,8245120.6,6694997.28,33298.02,1583421.34,9,True,False,False,0.811995,0.978971,0
dados_bancarios,254573.25,2153006.75,1898433.5,86546.96,341120.21,10,True,False,False,0.881759,0.746286,0
pix_copia_e_cola,1593015.26,1594608.2752599998,1593.02,923.9,1593939.16,5,False,True,True,0.000999,0.99942,1
dados_bancarios,727870.19,1014796.45,286926.26,11773.98,739644.17,17,False,False,False,0.282743,0.984082,0
chave_pix,9935535.0,60442037.37,50506502.37,3203.8,9938738.8,15,False,False,False,0.835619,0.999678,0
pix_copia_e_cola,728247.5,2533609.71,1805362.21,7176.34,735423.84,18,True,False,False,0.712565,0.990242,0
pix_copia_e_cola,303238.75,303541.98874999996,303.24,25295.51,328534.26,16,True,False,False,0.000999,0.923005,0
pix_copia_e_cola,139084.09,139223.17409,139.08,10499.92,149584.01,12,False,False,False,0.000999,0.929806,0
pix_copia_e_cola,308148.81,1003067.59,694918.78,19655.18,327803.99,8,True,False,False,0.692794,0.94004,0
pix_copia_e_cola,913019.37,3909007.16,2995987.79,28081.82,941101.19,9,True,False,False,0.766432,0.970161,0
chave_pix,50170.29,262413.17,212242.88,45438.69,95608.98,11,True,False,False,0.808812,0.524745,0
chave_pix,1110157.37,3972054.27,2861896.9,5946.38,1116103.75,22,False,True,True,0.720508,0.994672,0
chave_pix,603951.01,7425585.44,6821634.43,8820.34,612771.35,16,True,False,False,0.918666,0.985606,0
chave_pix,1085901.88,1862346.79,776444.91,0.01,1085901.89,20,True,True,True,0.416917,1.0,1
chave_pix,1417464.94,7169376.77,5751911.83,18909.83,1436374.77,12,True,False,False,0.802289,0.986835,0
chave_pix,34778.29,40244.14,5465.85,7985.44,42763.73,14,False,False,False,0.135817,0.813266,0
chave_pix,867393.07,6106948.97,5239555.9,10473.76,877866.83,14,False,False,False,0.857966,0.988069,0
pix_copia_e_cola,311069.75,964009.87,652940.12,7742.63,318812.38,11,False,False,False,0.677317,0.975714,0
chave_pix,89341.23,389673.67,300332.44,162637.29,251978.52,22,False,True,True,0.770728,0.354559,0
dados_bancarios,155671.88,155827.55187999998,155.67,1337.58,157009.46,12,True,False,False,0.000999,0.991481,1
chave_pix,110964.82,359795.77,248830.95,95555.09,206519.91,9,False,False,False,0.691589,0.537308,0
dados_bancarios,384567.58,384952.14758,384.57,307.75,384875.33,0,True,True,True,0.000999,0.9992,1
dados_bancarios,697768.52,2866523.24,2168754.72,22379.05,720147.57,9,False,False,False,0.75658,0.968924,0
chave_pix,1283259.9,1327564.37,44304.47,640.89,1283900.79,8,True,False,False,0.033373,0.999501,1
chave_pix,632592.24,1785848.18,1153255.94,23543.63,656135.87,12,True,False,False,0.645775,0.964118,0
chave_pix,552532.92,1964089.94,1411557.02,9084.63,561617.55,16,False,False,False,0.718682,0.983824,0
dados_bancarios,8327328.27,9431502.73,1104174.46,584.61,8327912.88,18,False,False,False,0.117073,0.99993,1
dados_bancarios,1449586.93,1451036.5169299997,1449.59,3056.73,1452643.66,12,False,False,False,0.000999,0.997896,0
dados_bancarios,132149.48,132281.62948,132.15,9205.29,141354.77,14,False,False,False,0.000999,0.934878,0
dados_bancarios,217994.01,375654.56,157660.55,13147.27,231141.28,18,False,False,False,0.419696,0.94312,0
dados_bancarios,1205085.58,3775405.69,2570320.11,120960.2,1326045.78,17,True,False,False,0.680806,0.908781,0
chave_pix,248396.66,1669735.42,1421338.76,85098.87,333495.53,16,True,False,False,0.851236,0.744828,0
chave_pix,7023053.89,67000048.6,59976994.71,5732.18,7028786.07,14,False,False,False,0.895178,0.999184,0
dados_bancarios,1096874.58,6716551.39,5619676.81,25284.09,1122158.67,11,True,False,False,0.836691,0.977468,0
dados_bancarios,908609.05,2723204.25,1814595.2,21122.27,929731.32,0,True,True,True,0.666346,0.977281,0
chave_pix,287466.61,287754.07660999993,287.47,51289.75,338756.36,17,True,False,False,0.000999,0.848594,0
chave_pix,2540050.63,7041683.97,4501633.34,5899.23,2545949.86,21,False,True,True,0.639284,0.997683,0
dados_bancarios,1117712.8,1224931.02,107218.22,274.33,1117987.13,7,False,False,False,0.08753,0.999755,1
chave_pix,281602.79,388300.75,106697.96,9894.99,291497.78,15,True,False,False,0.274782,0.966055,0
chave_pix,1152141.44,6314642.16,5162500.72,144295.47,1296436.91,14,True,False,False,0.817544,0.888698,0
chave_pix,196473.15,973100.36,776627.21,51426.35,247899.5,18,False,False,False,0.798096,0.792552,0
chave_pix,704238.04,726213.91,21975.87,42902.9,747140.94,13,True,False,False,0.030261,0.942577,0
chave_pix,719352.59,4328528.2,3609175.61,3566.35,722918.94,20,True,True,True,0.833811,0.995067,0
chave_pix,1796515.76,8909680.86,7113165.1,10046.49,1806562.25,21,True,True,True,0.798364,0.994439,0
chave_pix,6694434.92,23802000.56,17107565.64,73560.63,6767995.55,18,False,False,False,0.718745,0.989131,0
chave_pix,1674019.55,7467408.63,5793389.08,27470.64,1701490.19,12,False,False,False,0.775823,0.983855,0
chave_pix,50604.25,1072945.59,1022341.34,5907.41,56511.66,14,True,False,False,0.952836,0.895466,0
pix_copia_e_cola,175793.92,175969.71391999998,175.79,309.71,176103.63,14,False,False,False,0.000999,0.998241,1
chave_pix,19623.48,221538.0,201914.52,20018.68,39642.16,11,True,False,False,0.911422,0.495015,0
dados_bancarios,518373.62,702418.77,184045.15,42.91,518416.53,6,False,False,False,0.262016,0.999917,1
chave_pix,624891.4,11601874.67,10976983.27,51617.09,676508.49,12,True,False,False,0.946139,0.923701,0
chave_pix,2576020.97,4912230.46,2336209.49,5704.31,2581725.28,11,False,False,False,0.47559,0.997791,0
chave_pix,639423.13,2718404.75,2078981.62,34981.05,674404.18,10,False,False,False,0.76478,0.94813,0
pix_copia_e_cola,614755.09,4256512.25,3641757.16,17081.02,631836.11,17,True,False,False,0.855573,0.972966,0
chave_pix,1286994.01,1376868.43,89874.42,635.09,1287629.1,14,True,False,False,0.065275,0.999507,1
chave_pix,468774.35,1290672.8,821898.45,31259.59,500033.94,18,True,False,False,0.636798,0.937485,0
dados_bancarios,728432.36,5009727.15,4281294.79,23833.05,752265.41,13,True,False,False,0.854596,0.968318,0
chave_pix,526683.3,2973038.8,2446355.5,48053.52,574736.82,12,True,False,False,0.822847,0.91639,0
chave_pix,1419931.75,1566416.71,146484.96,0.01,1419931.76,13,True,False,False,0.093516,1.0,1
dados_bancarios,20341.85,1745502.24,1725160.39,9995.21,30337.06,17,False,False,False,0.988346,0.670528,0
chave_pix,7411490.2,9038376.6,1626886.4,586.54,7412076.74,12,False,False,False,0.179998,0.999921,1
chave_pix,1598300.21,7701162.79,6102862.58,27611.99,1625912.2,11,True,False,False,0.79246,0.983018,0
dados_bancarios,507448.79,1482610.33,975161.54,31174.16,538622.95,22,True,True,True,0.657733,0.942122,0
dados_bancarios,695715.43,776983.48,81268.05,858.46,696573.89,14,True,False,False,0.104594,0.998768,1
chave_pix,627903.12,628531.02,627.9,214.9,628118.02,15,True,False,False,0.000999,0.999658,1
dados_bancarios,315575.48,315891.0554799999,315.58,35857.35,351432.83,14,True,False,False,0.000999,0.897968,0
dados_bancarios,84652.26,507985.81,423333.55,26364.15,111016.41,19,False,False,False,0.833357,0.76252,0
dados_bancarios,656585.07,4986367.17,4329782.1,152140.83,808725.9,12,False,False,False,0.868324,0.811876,0
chave_pix,78357.77,78436.13,78.36,1174.93,79532.7,0,True,True,True,0.000999,0.985227,1
chave_pix,320238.32,1237745.02,917506.7,10868.88,331107.2,15,True,False,False,0.741273,0.967174,0
dados_bancarios,749449.73,8118567.62,7369117.89,28634.64,778084.37,14,False,False,False,0.907687,0.963199,0
pix_copia_e_cola,42897.05,417911.17,375014.12,63319.17,106216.22,17,True,False,False,0.897354,0.403865,0
chave_pix,956229.76,2566029.62,1609799.86,15396.99,971626.75,13,False,False,False,0.62735,0.984153,0
chave_pix,5644.98,31395.38,25750.4,34038.63,39683.61,19,False,False,False,0.820197,0.14225,0
pix_copia_e_cola,477584.74,478062.32473999995,477.58,24959.24,502543.98,20,True,True,True,0.000999,0.950334,0
dados_bancarios,178566.91,1506238.22,1327671.31,7730.06,186296.97,18,True,False,False,0.881448,0.958507,0
chave_pix,866555.26,1746411.34,879856.08,16954.53,883509.79,11,False,False,False,0.503808,0.98081,0
chave_pix,602782.19,849522.63,246740.44,2567.34,605349.53,12,True,False,False,0.290446,0.995759,1
chave_pix,708174.27,5294319.96,4586145.69,11953.93,720128.2,22,False,True,True,0.866239,0.9834,0
chave_pix,9950427.14,11691403.0,1740975.86,945.89,9951373.03,21,True,True,True,0.148911,0.999905,1
pix_copia_e_cola,577348.03,1108177.5,530829.47,17826.03,595174.06,19,True,False,False,0.479011,0.970049,0
pix_copia_e_cola,184840.19,350783.36,165943.17,417.56,185257.75,15,False,False,False,0.473065,0.997746,1
chave_pix,892795.54,2872675.22,1979879.68,53230.84,946026.38,10,True,False,False,0.689211,0.943732,0
chave_pix,815858.9,4668127.79,3852268.89,14365.2,830224.1,17,False,False,False,0.825228,0.982697,0
chave_pix,2339555.83,31320863.24,28981307.41,14286.03,2353841.86,15,True,False,False,0.925304,0.993931,0
chave_pix,1379747.76,8217420.03,6837672.27,57993.05,1437740.81,12,False,False,False,0.832095,0.959664,0
chave_pix,1000559.02,2193740.22,1193181.2,6394.39,1006953.41,14,True,False,False,0.543903,0.99365,0
chave_pix,344070.57,3576024.97,3231954.4,40448.29,384518.86,12,False,False,False,0.903784,0.894808,0
chave_pix,636749.42,1569009.95,932260.53,16583.06,653332.48,18,True,False,False,0.594171,0.974618,0
chave_pix,20127.54,36815.43,16687.89,64205.01,84332.55,21,True,True,True,0.453285,0.238669,0
pix_copia_e_cola,919650.32,920569.97,919.65,11529.13,931179.45,20,True,True,True,0.000999,0.987619,0
dados_bancarios,1050518.05,4966368.19,3915850.14,134306.66,1184824.71,14,True,False,False,0.788474,0.886644,0
chave_pix,589235.95,2995132.65,2405896.7,178733.51,767969.46,14,True,False,False,0.803269,0.767265,0
dados_bancarios,206834.28,380366.43,173532.15,40847.5,247681.78,16,True,False,False,0.456224,0.835081,0
dados_bancarios,1047483.27,1748418.66,700935.39,45328.77,1092812.04,13,False,False,False,0.400897,0.958521,0
chave_pix,824125.75,2254942.21,1430816.46,18430.0,842555.75,11,False,False,False,0.634525,0.978126,0
chave_pix,309078.69,437774.76,128696.07,88458.02,397536.71,13,True,False,False,0.293978,0.777485,0
chave_pix,4849765.93,27598167.42,22748401.49,20475.49,4870241.42,20,False,True,True,0.824272,0.995796,0
dados_bancarios,514525.5,2039026.13,1524500.63,48199.54,562725.04,11,True,False,False,0.747661,0.914346,0
chave_pix,325690.9,380829.65,55138.75,34969.22,360660.12,20,False,True,True,0.144786,0.903041,0
dados_bancarios,606885.53,2094576.29,1487690.76,9564.15,616449.68,15,True,False,False,0.710259,0.984485,0
dados_bancarios,484143.48,1808122.27,1323978.79,76856.66,561000.14,14,True,False,False,0.73224,0.863001,0
chave_pix,3306587.19,5596199.04,2289611.85,809.62,3307396.81,15,False,False,False,0.409137,0.999755,1
chave_pix,703318.89,704022.2088899999,703.32,32336.14,735655.03,18,False,False,False,0.000999,0.956044,0
chave_pix,2675095.74,7394224.33,4719128.59,126225.01,2801320.75,10,True,False,False,0.638218,0.954941,0
chave_pix,1406570.6,3178138.01,1771567.41,26622.39,1433192.99,12,True,False,False,0.557423,0.981424,0
chave_pix,4822148.83,12853219.72,8031070.89,9313.75,4831462.58,16,False,False,False,0.62483,0.998072,0
chave_pix,179537.37,511028.91,331491.54,10009.28,189546.65,19,True,False,False,0.648675,0.947194,0
chave_pix,755711.97,5915827.57,5160115.6,17428.48,773140.45,19,True,False,False,0.872256,0.977458,0
chave_pix,375735.23,1525848.45,1150113.22,27163.65,402898.88,12,True,False,False,0.753753,0.932579,0
dados_bancarios,1060170.78,1440242.28,380071.5,10228.42,1070399.2,16,True,False,False,0.263894,0.990444,0
chave_pix,539682.52,1877927.77,1338245.25,7668.44,547350.96,16,True,False,False,0.712618,0.98599,0
chave_pix,756336.61,4697514.86,3941178.25,45327.3,801663.91,17,False,False,False,0.838992,0.943458,0
chave_pix,659583.42,4409530.95,3749947.53,16759.47,676342.89,19,False,False,False,0.850419,0.97522,0
chave_pix,311086.78,921505.14,610418.36,40837.65,351924.43,11,True,False,False,0.662414,0.883959,0
chave_pix,511721.32,2179812.97,1668091.65,108676.02,620397.34,9,True,False,False,0.765245,0.824828,0
chave_pix,1333126.26,9098237.34,7765111.08,9914.92,1343041.18,18,True,False,False,0.853474,0.992618,0
pix_copia_e_cola,781925.0,1426490.18,644565.18,37113.79,819038.79,10,True,False,False,0.451854,0.954686,0
chave_pix,433194.07,1018060.23,584866.16,17163.15,450357.22,17,False,False,False,0.574491,0.96189,0
chave_pix,107835.86,882976.02,775140.16,43148.19,150984.05,21,True,True,True,0.877872,0.71422,0
chave_pix,383596.01,3377110.44,2993514.43,47342.99,430939.0,20,True,True,True,0.886413,0.89014,0
pix_copia_e_cola,0.01,0.01001,0.0,21083.06,21083.07,10,True,False,False,0.0,0.0,0
chave_pix,958606.24,8882866.53,7924260.29,7447.96,966054.2,20,True,True,True,0.892084,0.99229,0
chave_pix,312458.01,1334861.96,1022403.95,5403.0,317861.01,13,True,False,False,0.765925,0.983002,0
chave_pix,1364238.6,13194732.11,11830493.51,52157.83,1416396.43,16,True,False,False,0.896607,0.963176,0
chave_pix,0.01,110994.65,110994.64,1688.2,1688.21,12,True,False,False,1.0,6e-06,1
dados_bancarios,916107.08,11209777.9,10293670.82,56243.44,972350.52,22,False,True,True,0.918276,0.942157,0
chave_pix,0.01,372181.4,372181.39,1123.24,1123.25,12,False,False,False,1.0,9e-06,0
chave_pix,363602.31,363965.91231,363.6,195.93,363798.24,5,False,True,True,0.000999,0.999461,1
chave_pix,7556294.64,9094851.88,1538557.24,249.62,7556544.26,14,False,False,False,0.169168,0.999967,1
dados_bancarios,1493198.05,4870604.31,3377406.26,98295.89,1591493.94,10,False,False,False,0.693427,0.938237,0
chave_pix,409638.5,4704601.01,4294962.51,60546.52,470185.02,17,True,False,False,0.912928,0.871228,0
chave_pix,855789.89,856645.6798899999,855.79,811.26,856601.15,22,False,True,True,0.000999,0.999053,1
dados_bancarios,493521.42,1884394.61,1390873.19,14287.6,507809.02,20,True,True,True,0.738101,0.971864,0
pix_copia_e_cola,18965284.56,92528301.22,73563016.66,18131.09,18983415.65,16,False,False,False,0.795033,0.999045,0
chave_pix,2749352.73,4478787.72,1729434.99,6404.0,2755756.73,8,True,False,False,0.386139,0.997676,0
chave_pix,0.01,0.01001,0.0,37270.99,37271.0,20,False,True,False,0.0,0.0,0
chave_pix,567812.92,1494124.33,926311.41,73530.11,641343.03,12,False,False,False,0.619969,0.88535,0
dados_bancarios,611988.83,2355320.07,1743331.24,20196.12,632184.95,2,True,True,True,0.740167,0.968053,0
chave_pix,1332736.67,10395710.05,9062973.38,13948.57,1346685.24,21,False,True,True,0.871799,0.989642,0
chave_pix,154850.63,217159.7,62309.07,21413.4,176264.03,11,False,False,False,0.286927,0.878515,0
chave_pix,149535.0,193464.69,43929.69,459.61,149994.61,11,True,False,False,0.227068,0.996936,1
dados_bancarios,269601.43,2098102.19,1828500.76,6989.45,276590.88,21,True,True,True,0.871502,0.97473,0
chave_pix,86917.38,2839532.94,2752615.56,83716.65,170634.03,18,True,False,False,0.96939,0.509379,0
chave_pix,10000000.0,10010000.0,10000.0,262.51,10000262.51,9,True,False,False,0.000999,0.999974,1
chave_pix,57289.15,146355.16,89066.01,13568.93,70858.08,18,True,False,False,0.608561,0.808506,0
chave_pix,271453.91,1046101.76,774647.85,53238.8,324692.71,18,True,False,False,0.740509,0.836033,0
pix_copia_e_cola,889131.41,3778477.51,2889346.1,104686.02,993817.43,18,False,False,False,0.764685,0.894663,0
chave_pix,3363523.32,7570191.54,4206668.22,2215.92,3365739.24,16,True,False,False,0.555688,0.999342,0
chave_pix,291711.99,292003.70199,291.71,3172.81,294884.8,9,False,False,False,0.000999,0.989241,1
pix_copia_e_cola,7872877.55,43991185.45,36118307.9,4986.42,7877863.97,19,False,False,False,0.821035,0.999367,0
pix_copia_e_cola,1484403.49,5499338.8,4014935.31,97251.27,1581654.76,13,True,False,False,0.730076,0.938513,0
dados_bancarios,483824.29,990135.39,506311.1,27607.55,511431.84,21,False,True,True,0.511355,0.946019,0
chave_pix,488686.65,1325908.46,837221.81,21347.93,510034.58,23,True,True,True,0.631433,0.958144,0
chave_pix,119891.71,392668.29,272776.58,11418.05,131309.76,18,False,False,False,0.694674,0.913045,0
pix_copia_e_cola,122336.12,122458.45611999999,122.34,46945.37,169281.49,19,True,False,False,0.000999,0.722679,0
chave_pix,1029138.31,2556435.21,1527296.9,146137.54,1175275.85,20,True,True,True,0.597432,0.875657,0
chave_pix,1234442.94,3374562.81,2140119.87,55807.81,1290250.75,20,False,True,True,0.634192,0.956747,0
chave_pix,398083.62,1539283.03,1141199.41,69584.07,467667.69,20,False,True,True,0.741384,0.85121,0
chave_pix,529966.31,4463302.89,3933336.58,15346.84,545313.15,0,True,True,True,0.881261,0.971857,0
dados_bancarios,9881795.34,23997871.48,14116076.14,916.88,9882712.22,10,True,False,False,0.588222,0.999907,1
chave_pix,114627.08,214795.01,100167.93,50.07,114677.15,6,False,False,False,0.466342,0.999563,1
chave_pix,223957.93,868869.64,644911.71,13612.93,237570.86,13,False,False,False,0.742242,0.942699,0
pix_copia_e_cola,1013424.02,4947063.32,3933639.3,10790.9,1024214.92,23,True,True,True,0.795146,0.989464,0
chave_pix,995207.16,4272804.01,3277596.85,3783.66,998990.82,11,False,False,False,0.767083,0.996213,0
chave_pix,629484.11,3571757.02,2942272.91,28050.11,657534.22,19,True,False,False,0.823761,0.95734,0
dados_bancarios,344312.77,1283744.14,939431.37,23091.67,367404.44,18,False,False,False,0.73179,0.937149,0
chave_pix,1743794.87,8279135.19,6535340.32,31548.69,1775343.56,12,True,False,False,0.789375,0.98223,0
chave_pix,1599026.53,2109291.5,510264.97,211.26,1599237.79,19,True,False,False,0.241913,0.999868,1
chave_pix,58594.46,979088.17,920493.71,12417.98,71012.44,10,True,False,False,0.940154,0.82513,0
chave_pix,76391.66,76468.05166,76.39,39348.43,115740.09,19,True,False,False,0.000999,0.660028,0
chave_pix,90807.85,507021.6,416213.75,155144.42,245952.27,18,True,False,False,0.820899,0.369209,0
chave_pix,195101.29,195296.39129,195.1,6418.4,201519.69,13,False,False,False,0.000999,0.96815,0
chave_pix,1727838.95,12877431.39,11149592.44,29278.47,1757117.42,12,False,False,False,0.865824,0.983337,0
chave_pix,1546654.3,13955981.96,12409327.66,18175.96,1564830.26,12,True,False,False,0.889176,0.988385,0
chave_pix,613020.85,648879.78,35858.93,5218.55,618239.4,22,False,True,True,0.055263,0.991559,1
chave_pix,10042355.43,46054840.19,36012484.76,116915.46,10159270.89,16,False,False,False,0.781948,0.988492,0
dados_bancarios,764826.32,2118241.94,1353415.62,86046.48,850872.8,11,True,False,False,0.638933,0.898873,0
dados_bancarios,331783.57,2913752.32,2581968.75,23099.34,354882.91,14,True,False,False,0.886132,0.93491,0
chave_pix,1182682.55,9502470.49,8319787.94,5988.69,1188671.24,13,False,False,False,0.875539,0.994962,0
chave_pix,410557.37,9960683.24,9550125.87,6095.17,416652.54,15,False,False,False,0.958782,0.985371,0
dados_bancarios,879319.63,3410233.16,2530913.53,77796.99,957116.62,10,True,False,False,0.742153,0.918717,0
chave_pix,1785954.77,1982318.81,196364.04,5082.11,1791036.88,20,False,True,True,0.099058,0.997162,1
pix_copia_e_cola,57202.26,338728.5,281526.24,27638.35,84840.61,15,True,False,False,0.831127,0.674232,0
dados_bancarios,728072.02,1592412.49,864340.47,33714.54,761786.56,18,False,False,False,0.542787,0.955743,0
chave_pix,204721.27,209392.95,4671.68,44.92,204766.19,20,True,True,True,0.022311,0.999781,1
chave_pix,6501303.14,7822552.22,1321249.08,79.31,6501382.45,10,True,False,False,0.168903,0.999988,1
chave_pix,1589053.16,9923790.19,8334737.03,17948.66,1607001.82,12,True,False,False,0.839874,0.988831,0
chave_pix,189459.73,2246290.92,2056831.19,108538.43,297998.16,18,False,False,False,0.915657,0.635775,0
chave_pix,564692.1,2412888.77,1848196.67,32229.48,596921.58,13,False,False,False,0.765968,0.946007,0
dados_bancarios,109743.33,1283880.64,1174137.31,32917.29,142660.62,20,False,True,True,0.914522,0.769262,0
dados_bancarios,446599.37,2726771.35,2280171.98,5214.39,451813.76,18,True,False,False,0.836217,0.988459,0
pix_copia_e_cola,10962813.59,90428603.6,79465790.01,15637.62,10978451.21,13,False,False,False,0.878768,0.998576,0
chave_pix,86228.88,682180.92,595952.04,30141.96,116370.84,15,True,False,False,0.873598,0.740984,0
chave_pix,0.01,444385.07,444385.06,36070.41,36070.42,12,False,False,False,1.0,0.0,0
chave_pix,289967.32,527551.33,237584.01,32673.56,322640.88,11,False,False,False,0.450352,0.898731,0
chave_pix,1365194.93,5435843.55,4070648.62,4426.98,1369621.91,17,False,False,False,0.748853,0.996768,0
chave_pix,423427.55,2916427.22,2492999.67,25298.98,448726.53,19,False,False,False,0.854813,0.94362,0
chave_pix,664992.86,665657.85,664.99,7839.79,672832.65,7,True,False,False,0.000999,0.988348,1
chave_pix,413221.71,1239237.2,826015.49,45623.17,458844.88,18,True,False,False,0.666552,0.90057,0
pix_copia_e_cola,73492.33,1228511.8,1155019.47,11864.03,85356.36,12,False,False,False,0.940178,0.861006,0
chave_pix,706513.02,2256494.64,1549981.62,9373.38,715886.4,12,True,False,False,0.686898,0.986907,0
chave_pix,651207.0,926568.1,275361.1,90.22,651297.22,1,False,True,True,0.297184,0.999861,1
chave_pix,1208374.57,14258446.42,13050071.85,12501.81,1220876.38,19,True,False,False,0.915252,0.98976,0
chave_pix,1080265.34,4116372.44,3036107.1,26995.78,1107261.12,17,False,False,False,0.737569,0.975619,0
chave_pix,228119.77,2864996.45,2636876.68,12840.02,240959.79,13,False,False,False,0.920377,0.946713,0
pix_copia_e_cola,1509924.81,5326831.1,3816906.29,3880.75,1513805.56,13,True,False,False,0.716544,0.997436,0
chave_pix,129761.09,415050.58,285289.49,219894.23,349655.32,19,True,False,False,0.687361,0.371111,0
chave_pix,0.01,0.01001,0.0,723.85,723.86,23,True,True,False,0.0,1.4e-05,0
chave_pix,801614.37,1871463.56,1069849.19,35009.74,836624.11,13,True,False,False,0.571664,0.958154,0
pix_copia_e_cola,412470.6,2596509.72,2184039.12,71123.57,483594.17,15,True,False,False,0.841144,0.852927,0
dados_bancarios,443776.63,695556.84,251780.21,8485.04,452261.67,12,False,False,False,0.361984,0.981239,0
chave_pix,702426.38,5869674.62,5167248.24,28110.05,730536.43,20,True,True,True,0.88033,0.961521,0
chave_pix,442838.77,2650232.15,2207393.38,0.01,442838.78,17,True,False,False,0.832906,1.0,0
chave_pix,176805.14,176981.94514,176.81,7401.15,184206.29,22,True,True,True,0.000999,0.959821,0
dados_bancarios,946672.26,947618.9322599999,946.67,39020.43,985692.69,12,False,False,False,0.000999,0.960413,0
chave_pix,3490.21,10581.49,7091.28,45266.79,48757.0,13,True,False,False,0.670159,0.071584,0
dados_bancarios,857182.92,882025.99,24843.07,0.01,857182.93,4,True,True,True,0.028166,1.0,1
pix_copia_e_cola,2981318.22,14232498.89,11251180.67,5848.58,2987166.8,14,True,False,False,0.790527,0.998042,0
chave_pix,408437.1,924614.8,516177.7,23482.98,431920.08,12,True,False,False,0.558262,0.945631,0
chave_pix,85517.36,1877691.66,1792174.3,16492.32,102009.68,16,True,False,False,0.954456,0.838326,0
chave_pix,249595.5,2358779.87,2109184.37,29181.88,278777.38,16,True,False,False,0.894184,0.895322,0
pix_copia_e_cola,1728449.66,18799488.05,17071038.39,18927.52,1747377.18,15,True,False,False,0.908059,0.989168,0
chave_pix,196872.08,197068.95207999996,196.87,26648.87,223520.95,21,True,True,True,0.000999,0.880777,0
chave_pix,800468.47,2242199.11,1441730.64,24016.2,824484.67,17,False,False,False,0.642998,0.970871,0
dados_bancarios,82846.19,628615.49,545769.3,8390.21,91236.4,18,True,False,False,0.868208,0.908039,0
chave_pix,444913.69,1905287.95,1460374.26,3927.12,448840.81,18,False,False,False,0.766485,0.991251,0
chave_pix,732062.35,1143437.36,411375.01,89536.65,821599.0,21,True,True,True,0.35977,0.891021,0
chave_pix,1492580.71,6224661.13,4732080.42,13016.15,1505596.86,0,True,True,True,0.760215,0.991355,0
chave_pix,912194.61,2844880.12,1932685.51,11530.97,923725.58,18,True,False,False,0.679356,0.987517,0
dados_bancarios,848888.3,1930671.32,1081783.02,7730.27,856618.57,18,True,False,False,0.560314,0.990976,0
chave_pix,3561194.15,8402817.7,4841623.55,32950.85,3594145.0,13,False,False,False,0.57619,0.990832,0
chave_pix,13956.47,13970.426469999999,13.96,306.01,14262.48,4,True,True,True,0.000999,0.978544,1
dados_bancarios,175711.87,487305.23,311593.36,0.01,175711.88,21,True,True,True,0.639421,1.0,1
chave_pix,892585.21,7837773.09,6945187.88,17087.33,909672.54,14,True,False,False,0.886117,0.981216,0
chave_pix,691922.15,3659945.84,2968023.69,5735.92,697658.07,18,True,False,False,0.810947,0.991778,0
chave_pix,1086227.44,1617637.13,531409.69,1988.41,1088215.85,0,False,True,True,0.32851,0.998173,1
chave_pix,649856.18,2652818.13,2002961.95,18635.02,668491.2,10,True,False,False,0.755032,0.972124,0
chave_pix,531703.28,532234.9832799999,531.7,254.43,531957.71,19,False,False,False,0.000999,0.999522,1
chave_pix,939508.28,3471085.93,2531577.65,825.1,940333.38,20,True,True,True,0.729333,0.999123,0
dados_bancarios,4961362.55,5274273.9,312911.35,6532.39,4967894.94,9,True,False,False,0.059328,0.998685,1
chave_pix,484349.41,5091659.73,4607310.32,8469.85,492819.26,16,True,False,False,0.904874,0.982813,0
chave_pix,265035.36,3127380.48,2862345.12,20134.21,285169.57,20,True,True,True,0.915253,0.929396,0
chave_pix,1132450.21,3651583.59,2519133.38,246784.92,1379235.13,16,True,False,False,0.689874,0.821071,0
pix_copia_e_cola,736370.54,1103817.73,367447.19,290.37,736660.91,22,True,True,True,0.332888,0.999606,1
dados_bancarios,171842.9,1069772.35,897929.45,12781.4,184624.3,13,False,False,False,0.839365,0.930771,0
chave_pix,193106.15,1383268.77,1190162.62,98002.46,291108.61,20,False,True,True,0.860399,0.663347,0
chave_pix,559912.69,1520725.24,960812.55,18661.07,578573.76,13,False,False,False,0.631812,0.967746,0
dados_bancarios,0.01,990272.64,990272.63,117926.58,117926.59,21,True,True,False,1.0,0.0,0
chave_pix,368101.56,540994.91,172893.35,53767.78,421869.34,13,False,False,False,0.319584,0.872549,0
chave_pix,792891.5,4179422.05,3386530.55,9838.35,802729.85,16,False,False,False,0.810287,0.987744,0
chave_pix,7871258.57,61306436.66,53435178.09,13447.85,7884706.42,12,False,False,False,0.871608,0.998294,0
dados_bancarios,1145451.58,6407686.67,5262235.09,32316.39,1177767.97,13,True,False,False,0.821238,0.972561,0
chave_pix,76069.43,76145.49942999998,76.07,7386.33,83455.76,14,False,False,False,0.000999,0.911494,0
dados_bancarios,453322.13,2647358.82,2194036.69,14823.91,468146.04,18,False,False,False,0.828764,0.968335,0
chave_pix,393492.91,3127523.7,2734030.79,2023.83,395516.74,16,True,False,False,0.874184,0.994883,0
chave_pix,556156.56,1015836.85,459680.29,88863.9,645020.46,20,False,True,True,0.452514,0.862231,0
chave_pix,449285.83,2402013.43,1952727.6,68878.93,518164.76,18,True,False,False,0.812954,0.867071,0
pix_copia_e_cola,698287.05,1389629.1,691342.05,13121.0,711408.05,10,True,False,False,0.497501,0.981556,0
dados_bancarios,516884.54,4238384.83,3721500.29,12164.16,529048.7,0,True,True,True,0.878047,0.977007,0
chave_pix,1088120.97,5610752.25,4522631.28,499597.15,1587718.12,11,False,False,False,0.806065,0.685336,0
chave_pix,452646.85,2592589.51,2139942.66,3518.18,456165.03,13,True,False,False,0.825407,0.992287,0
dados_bancarios,1390401.24,1562218.65,171817.41,901.37,1391302.61,14,True,False,False,0.109983,0.999352,1
dados_bancarios,1221000.59,8424417.04,7203416.45,139100.86,1360101.45,10,True,False,False,0.855064,0.897728,0
dados_bancarios,163898.7,1107048.99,943150.29,29724.86,193623.56,19,False,False,False,0.85195,0.846481,0
chave_pix,180860.48,509132.83,328272.35,19013.4,199873.88,15,True,False,False,0.644768,0.904873,0
chave_pix,950763.9,2914629.35,1963865.45,28317.41,979081.31,16,True,False,False,0.673796,0.971078,0
pix_copia_e_cola,378635.01,477972.61,99337.6,7751.34,386386.35,18,True,False,False,0.207831,0.979939,0
chave_pix,1451598.9,7173764.39,5722165.49,8803.37,1460402.27,12,True,False,False,0.797652,0.993972,0
chave_pix,31695.66,49837.78,18142.12,78846.6,110542.26,13,True,False,False,0.364023,0.286729,0
chave_pix,1012475.2,2925172.25,1912697.05,6092.62,1018567.82,10,True,False,False,0.653875,0.994018,0
chave_pix,15525.22,370654.57,355129.35,834.91,16360.13,12,True,False,False,0.958114,0.948967,1
chave_pix,156011.24,180864.86,24853.62,1460.04,157471.28,23,True,True,True,0.137415,0.990728,1
pix_copia_e_cola,598378.25,598976.62825,598.38,2200.23,600578.48,8,True,False,False,0.000999,0.996336,1
chave_pix,1134535.17,5056229.49,3921694.32,19654.09,1154189.26,18,False,False,False,0.775616,0.982972,0
dados_bancarios,574698.35,575273.0483499999,574.7,178.26,574876.61,11,True,False,False,0.000999,0.99969,1
dados_bancarios,71902.14,585396.68,513494.54,33989.48,105891.62,14,True,False,False,0.877174,0.679016,0
dados_bancarios,398529.26,3103592.33,2705063.07,23122.23,421651.49,11,True,False,False,0.871591,0.945163,0
chave_pix,1464656.61,5054053.16,3589396.55,25044.16,1489700.77,18,False,False,False,0.710202,0.983188,0
chave_pix,11025.19,420506.28,409481.09,35225.33,46250.52,23,False,True,True,0.973781,0.23838,0
pix_copia_e_cola,218823.27,1531956.02,1313132.75,11366.7,230189.97,12,False,False,False,0.857161,0.95062,0
pix_copia_e_cola,97462.39,646437.29,548974.9,40263.31,137725.7,19,False,False,False,0.849231,0.707656,0
dados_bancarios,473842.79,3363153.21,2889310.42,2755.38,476598.17,20,True,True,True,0.859108,0.994219,0
chave_pix,351299.32,3360078.23,3008778.91,30576.73,381876.05,18,True,False,False,0.895449,0.91993,0
dados_bancarios,224669.33,5461331.48,5236662.15,2739.84,227409.17,22,False,True,True,0.958862,0.987952,0
chave_pix,53299.03,122968.21,69669.18,15814.73,69113.76,10,True,False,False,0.566563,0.771178,0
chave_pix,516426.02,3053931.23,2537505.21,25149.63,541575.65,19,True,False,False,0.830898,0.953562,0
pix_copia_e_cola,977440.38,4762779.64,3785339.26,25240.49,1002680.87,1,False,True,True,0.794775,0.974827,0
chave_pix,4623764.68,7379636.25,2755871.57,2967.31,4626731.99,19,True,False,False,0.373443,0.999359,1
dados_bancarios,1155611.16,4238227.93,3082616.77,11849.55,1167460.71,10,True,False,False,0.727336,0.98985,0
dados_bancarios,1187565.9,2295934.21,1108368.31,77267.91,1264833.81,15,False,False,False,0.482753,0.938911,0
dados_bancarios,196181.75,4660972.25,4464790.5,18456.43,214638.18,19,False,False,False,0.95791,0.914011,0
dados_bancarios,388505.35,388893.8553499999,388.51,3762.63,392267.98,10,False,False,False,0.000999,0.990408,1
chave_pix,70791.27,70862.06126999999,70.79,19251.16,90042.43,10,True,False,False,0.000999,0.786199,0
chave_pix,225769.53,225995.29952999996,225.77,57663.14,283432.67,17,False,False,False,0.000999,0.796554,0
chave_pix,154855.75,2757324.02,2602468.27,42080.26,196936.01,19,False,False,False,0.943838,0.786325,0
chave_pix,722595.25,3001887.84,2279292.59,32051.97,754647.22,11,True,False,False,0.759286,0.957527,0
chave_pix,77571.2,217160.19,139588.99,0.01,77571.21,23,True,True,True,0.642793,1.0,1
chave_pix,669065.3,2706844.34,2037779.04,45580.27,714645.57,13,True,False,False,0.752825,0.93622,0
dados_bancarios,214588.89,1302166.11,1087577.22,31274.11,245863.0,14,True,False,False,0.835206,0.872799,0
chave_pix,1051460.71,6055487.16,5004026.45,60464.57,1111925.28,19,True,False,False,0.826362,0.945622,0
chave_pix,566130.36,1968026.41,1401896.05,7620.95,573751.31,20,True,True,True,0.712336,0.986717,0
chave_pix,655443.79,2836376.32,2180932.53,2522.67,657966.46,14,False,False,False,0.768915,0.996166,0
dados_bancarios,1590601.21,3313885.65,1723284.44,13464.48,1604065.69,11,True,False,False,0.520019,0.991606,0
chave_pix,149684.08,1246380.84,1096696.76,18896.67,168580.75,18,True,False,False,0.879905,0.887907,0
chave_pix,174431.11,1627509.59,1453078.48,32296.98,206728.09,18,True,False,False,0.892823,0.843771,0
dados_bancarios,249834.92,1237257.89,987422.97,16500.88,266335.8,15,True,False,False,0.798074,0.938045,0
chave_pix,504061.37,3968399.72,3464338.35,29438.07,533499.44,21,True,True,True,0.872981,0.944821,0
chave_pix,352463.91,2067916.43,1715452.52,7968.49,360432.4,10,False,False,False,0.829556,0.977892,0
chave_pix,34537291.07,133374618.98,98837327.91,58436.77,34595727.84,18,True,False,False,0.74105,0.998311,0
chave_pix,2528030.44,3017959.12,489928.68,990.23,2529020.67,11,True,False,False,0.162338,0.999608,1
pix_copia_e_cola,292876.63,824034.58,531157.95,31901.66,324778.29,14,True,False,False,0.644582,0.901774,0
chave_pix,1525101.47,7787111.29,6262009.82,29279.4,1554380.87,13,False,False,False,0.804151,0.981163,0
chave_pix,2665.72,4530.58,1864.86,13601.3,16267.02,17,True,False,False,0.411616,0.163873,0
chave_pix,1514636.14,6874807.29,5360171.15,3038.79,1517674.93,16,False,False,False,0.779683,0.997998,0
pix_copia_e_cola,334999.74,880307.4,545307.66,14108.52,349108.26,21,True,True,True,0.619451,0.959587,0
chave_pix,1440145.91,12719958.29,11279812.38,11189.0,1451334.91,10,True,False,False,0.886781,0.992291,0
chave_pix,931684.75,996175.27,64490.52,4165.09,935849.84,5,True,True,True,0.064738,0.995549,1
chave_pix,524218.1,7608121.22,7083903.12,6422.05,530640.15,18,False,False,False,0.931098,0.987898,0
chave_pix,1256649.25,3862629.1,2605979.85,48339.14,1304988.39,22,False,True,True,0.674665,0.962958,0
chave_pix,334548.31,504491.94,169943.63,11982.65,346530.96,12,False,False,False,0.336861,0.965421,0
dados_bancarios,116699.08,1177578.84,1060879.76,9427.9,126126.98,13,True,False,False,0.900899,0.925251,0
chave_pix,222750.51,222973.26051,222.75,19619.32,242369.83,13,True,False,False,0.000999,0.919052,0
pix_copia_e_cola,243119.58,2501319.07,2258199.49,29721.67,272841.25,15,False,False,False,0.902803,0.891066,0
chave_pix,43337.16,287158.32,243821.16,4906.96,48244.12,22,True,True,True,0.849083,0.898289,1
chave_pix,221077.97,236101.66,15023.69,476.78,221554.75,0,True,True,True,0.063632,0.997848,1
chave_pix,373265.74,673142.79,299877.05,42441.54,415707.28,16,False,False,False,0.445488,0.897905,0
chave_pix,1058809.66,5720644.1,4661834.44,36173.48,1094983.14,20,False,True,True,0.814914,0.966964,0
chave_pix,642876.64,3308424.4,2665547.76,20268.27,663144.91,16,False,False,False,0.805685,0.969436,0
chave_pix,49210.28,1465363.52,1416153.24,93665.44,142875.72,23,True,True,True,0.966418,0.344427,0
chave_pix,1579662.2,13221096.34,11641434.14,14526.06,1594188.26,10,True,False,False,0.88052,0.990888,0
dados_bancarios,1570552.96,2663165.38,1092612.42,792.02,1571344.98,19,True,False,False,0.410268,0.999496,1
chave_pix,1316975.89,4097267.63,2780291.74,27160.36,1344136.25,10,False,False,False,0.678572,0.979793,0
chave_pix,631060.28,1840037.23,1208976.95,6956.68,638016.96,20,False,True,True,0.657039,0.989096,0
chave_pix,301786.37,302088.15637,301.79,28132.15,329918.52,20,True,True,True,0.000999,0.91473,0
chave_pix,98587.08,98685.66707999998,98.59,450.79,99037.87,21,True,True,True,0.000999,0.995448,1
chave_pix,50973.36,652982.34,602008.98,47917.35,98890.71,17,True,False,False,0.921938,0.515451,0
chave_pix,694162.88,694857.04288,694.16,359.86,694522.74,20,True,True,True,0.000999,0.999482,1
chave_pix,171466.51,447800.43,276333.92,11552.09,183018.6,14,True,False,False,0.617092,0.93688,0
dados_bancarios,351282.03,1574199.4,1222917.37,22115.98,373398.01,14,False,False,False,0.77685,0.940771,0
dados_bancarios,1643699.2,7352285.94,5708586.74,16015.19,1659714.39,7,False,False,False,0.776437,0.990351,0
chave_pix,238435.32,474485.47,236050.15,15651.73,254087.05,18,False,False,False,0.497487,0.9384,0
chave_pix,69650.19,82553.1,12902.91,26766.22,96416.41,8,True,False,False,0.156298,0.722389,0
dados_bancarios,183664.0,183847.664,183.66,16325.07,199989.07,10,False,False,False,0.000999,0.91837,0
chave_pix,159809.45,181019.35,21209.9,8678.71,168488.16,21,True,True,True,0.117169,0.948491,0
pix_copia_e_cola,827087.19,4355613.42,3528526.23,36563.36,863650.55,23,True,True,True,0.81011,0.957664,0
dados_bancarios,537092.58,4265715.48,3728622.9,15870.68,552963.26,22,True,True,True,0.874091,0.971299,0
chave_pix,1707517.98,4970364.46,3262846.48,10580.25,1718098.23,17,True,False,False,0.65646,0.993842,0
chave_pix,1355758.58,5081787.48,3726028.9,27428.3,1383186.88,14,True,False,False,0.733212,0.98017,0
dados_bancarios,548707.32,872662.99,323955.67,911.9,549619.22,12,True,False,False,0.371227,0.998341,1
dados_bancarios,1158868.41,17643452.22,16484583.81,17075.84,1175944.25,16,True,False,False,0.934317,0.985479,0
chave_pix,527935.55,4347258.94,3819323.39,20568.05,548503.6,22,True,True,True,0.878559,0.962502,0
chave_pix,904216.36,905120.5763599998,904.22,2465.02,906681.38,1,True,True,True,0.000999,0.997281,1
chave_pix,372319.54,624263.69,251944.15,4846.79,377166.33,12,False,False,False,0.403586,0.987149,0
chave_pix,318272.54,2525945.39,2207672.85,30655.82,348928.36,19,True,False,False,0.873999,0.912143,0
chave_pix,644772.24,991021.72,346249.48,59636.05,704408.29,22,False,True,True,0.349386,0.915339,0
chave_pix,1170940.25,4826695.24,3655754.99,361608.89,1532549.14,11,True,False,False,0.757403,0.764047,0
chave_pix,25191128.7,183294601.59,158103472.89,10908.55,25202037.25,13,True,False,False,0.862565,0.999567,0
dados_bancarios,5830741.38,11234375.95,5403634.57,103.79,5830845.17,16,False,False,False,0.480991,0.999982,1
chave_pix,97315.74,826698.27,729382.53,24392.87,121708.61,18,True,False,False,0.882284,0.79958,0
chave_pix,416863.9,1229895.06,813031.16,158347.51,575211.41,21,True,True,True,0.661057,0.724714,0
chave_pix,187903.64,421173.65,233270.01,2429.86,190333.5,0,False,True,True,0.553857,0.987234,1
chave_pix,1326743.77,5164214.91,3837471.14,24706.86,1351450.63,10,False,False,False,0.743089,0.981718,0
chave_pix,1831922.17,7297543.35,5465621.18,6401.97,1838324.14,11,False,False,False,0.748967,0.996517,0
chave_pix,356157.63,760328.32,404170.69,257.89,356415.52,6,True,False,False,0.531574,0.999276,1
pix_copia_e_cola,588593.82,3118158.48,2529564.66,5729.16,594322.98,14,True,False,False,0.811237,0.99036,0
dados_bancarios,1361494.45,3370345.98,2008851.53,3285.77,1364780.22,11,False,False,False,0.596037,0.997592,0
chave_pix,1365035.41,12314135.95,10949100.54,2101.3,1367136.71,23,True,True,True,0.889149,0.998463,0
chave_pix,3453128.8,7352577.0,3899448.2,0.01,3453128.81,7,True,False,False,0.530351,1.0,0
chave_pix,161452.76,607005.93,445553.17,367211.08,528663.84,15,False,False,False,0.734018,0.305398,0
chave_pix,190678.9,229690.13,39011.23,29382.2,220061.1,18,False,False,False,0.169843,0.866482,0
chave_pix,1315358.8,7944508.85,6629150.05,96394.55,1411753.35,19,True,False,False,0.834432,0.93172,0
dados_bancarios,2484804.48,2686596.13,201791.65,625.16,2485429.64,0,False,True,True,0.075111,0.999748,1
chave_pix,216330.02,1200987.44,984657.42,22536.37,238866.39,16,False,False,False,0.819873,0.905653,0
pix_copia_e_cola,818459.62,2800219.16,1981759.54,27129.66,845589.28,15,True,False,False,0.707716,0.967916,0
chave_pix,1558588.96,6699595.16,5141006.2,31989.11,1590578.07,14,False,False,False,0.767361,0.979888,0
dados_bancarios,46190.9,53824.9,7634.0,18.86,46209.76,6,False,False,False,0.14183,0.999592,1
chave_pix,180617.43,219277.16,38659.73,103761.98,284379.41,8,False,False,False,0.176305,0.635128,0
pix_copia_e_cola,555246.43,555801.67643,555.25,1168.49,556414.92,23,True,True,True,0.000999,0.9979,1
chave_pix,597301.36,597898.6613599999,597.3,724.11,598025.47,6,False,False,False,0.000999,0.998789,1
chave_pix,259248.36,2447075.83,2187827.47,9899.3,269147.66,15,False,False,False,0.894058,0.96322,0
pix_copia_e_cola,28585.05,599273.96,570688.91,32897.69,61482.74,14,True,False,False,0.952301,0.464928,0
chave_pix,9910878.48,60486917.69,50576039.21,8268.18,9919146.66,14,False,False,False,0.836148,0.999166,0
chave_pix,2813133.73,19389348.8,16576215.07,15661.95,2828795.68,17,False,False,False,0.854913,0.994463,0
chave_pix,1583104.84,3845778.79,2262673.95,18493.79,1601598.63,12,True,False,False,0.588353,0.988453,0
chave_pix,197535.74,547785.22,350249.48,300.72,197836.46,21,True,True,True,0.639392,0.99848,1
chave_pix,784333.34,4131704.86,3347371.52,7816.2,792149.54,11,False,False,False,0.810167,0.990133,0
pix_copia_e_cola,491146.81,923616.81,432470.0,874.17,492020.98,21,False,True,True,0.468235,0.998223,1
pix_copia_e_cola,766438.57,942133.18,175694.61,1956.36,768394.93,23,False,True,True,0.186486,0.997454,1
chave_pix,2234599.49,6849422.01,4614822.52,18314.24,2252913.73,8,False,False,False,0.673754,0.991871,0
chave_pix,1153364.94,2292243.94,1138879.0,6217.66,1159582.6,16,True,False,False,0.49684,0.994638,0
dados_bancarios,484733.96,3638064.44,3153330.48,81977.64,566711.6,19,True,False,False,0.86676,0.855345,0
pix_copia_e_cola,302799.34,352670.84,49871.5,199.45,302998.79,15,True,False,False,0.141411,0.999342,1
chave_pix,18252.2,98000.7,79748.5,16346.57,34598.77,19,True,False,False,0.813754,0.527539,0
chave_pix,855610.5,4799100.13,3943489.63,40999.03,896609.53,11,True,False,False,0.821714,0.954273,0
chave_pix,1980950.63,7974238.34,5993287.71,52321.75,2033272.38,12,True,False,False,0.751581,0.974267,0
chave_pix,3579736.66,11396282.71,7816546.05,31172.54,3610909.2,11,False,False,False,0.685886,0.991367,0
chave_pix,692895.24,860711.09,167815.85,256.7,693151.94,3,True,True,True,0.194973,0.99963,1
chave_pix,177898.82,1269736.83,1091838.01,123505.88,301404.7,16,True,False,False,0.859893,0.590232,0
chave_pix,1220719.47,4623534.49,3402815.02,20238.69,1240958.16,12,True,False,False,0.735977,0.983691,0
pix_copia_e_cola,261861.47,1803839.09,1541977.62,62899.52,324760.99,17,True,False,False,0.854831,0.806321,0
chave_pix,245450.99,414003.54,168552.55,12326.01,257777.0,1,False,True,True,0.407128,0.952183,0
pix_copia_e_cola,327269.46,327596.72946,327.27,25870.93,353140.39,15,True,False,False,0.000999,0.92674,0
chave_pix,4532.13,180174.05,175641.92,389.68,4921.81,0,False,True,True,0.974846,0.920826,1
chave_pix,747910.87,1236435.68,488524.81,171.44,748082.31,18,False,False,False,0.395107,0.999771,1
dados_bancarios,14431.87,172818.69,158386.82,28634.21,43066.08,17,False,False,False,0.916491,0.33511,0
chave_pix,487472.94,4827323.06,4339850.12,202809.38,690282.32,20,True,True,True,0.899018,0.706194,0
dados_bancarios,352485.69,1386011.67,1033525.98,3662.35,356148.04,0,False,True,True,0.745683,0.989717,0
chave_pix,636365.98,5105233.34,4468867.36,17754.11,654120.09,9,True,False,False,0.87535,0.972858,0
chave_pix,3272295.36,12348991.6,9076696.24,16657.37,3288952.73,23,True,True,True,0.735015,0.994935,0
chave_pix,10086.35,1089058.34,1078971.99,3116.91,13203.26,19,True,False,False,0.990738,0.763929,0
dados_bancarios,28904.84,28933.744839999996,28.9,821.48,29726.32,21,True,True,True,0.000999,0.972365,0
pix_copia_e_cola,1775389.34,4730070.73,2954681.39,44815.97,1820205.31,19,False,False,False,0.624659,0.975379,0
chave_pix,404410.05,2557343.41,2152933.36,12126.64,416536.69,16,False,False,False,0.841863,0.970887,0
chave_pix,468355.2,1908696.58,1440341.38,26390.81,494746.01,15,True,False,False,0.75462,0.946658,0
chave_pix,1235208.02,6244101.09,5008893.07,23419.59,1258627.61,13,False,False,False,0.80218,0.981393,0
chave_pix,1877429.61,4937430.42,3060000.81,38701.29,1916130.9,10,False,False,False,0.619756,0.979802,0
chave_pix,595637.38,1763515.06,1167877.68,12439.13,608076.51,13,True,False,False,0.662244,0.979543,0
dados_bancarios,452641.72,2754228.43,2301586.71,22292.6,474934.32,19,True,False,False,0.835656,0.953062,0
dados_bancarios,1197161.48,3896982.44,2699820.96,88201.84,1285363.32,0,True,True,True,0.692798,0.93138,0
chave_pix,122783.25,517491.41,394708.16,2866.12,125649.37,19,True,False,False,0.762734,0.97719,0
chave_pix,385042.11,5176319.55,4791277.44,24460.35,409502.46,16,False,False,False,0.925615,0.940268,0
dados_bancarios,779813.5,2269212.03,1489398.53,10156.27,789969.77,12,True,False,False,0.656351,0.987143,0
dados_bancarios,533395.95,3705049.73,3171653.78,40884.33,574280.28,17,True,False,False,0.856035,0.928808,0
chave_pix,549827.58,3013699.91,2463872.33,15539.54,565367.12,20,False,True,True,0.817557,0.972514,0
chave_pix,3733151.81,37832928.41,34099776.6,102734.91,3835886.72,23,True,True,True,0.901325,0.973217,0
dados_bancarios,873992.44,4927893.0,4053900.56,54017.52,928009.96,6,True,False,False,0.822644,0.941792,0
chave_pix,491783.46,2384037.05,1892253.59,8620.91,500404.37,10,True,False,False,0.793718,0.982772,0
chave_pix,619374.25,2746107.24,2126732.99,109691.18,729065.43,15,True,False,False,0.774454,0.849545,0
chave_pix,27682.23,27709.912229999998,27.68,21093.48,48775.71,23,True,True,True,0.000999,0.567541,0
pix_copia_e_cola,129131.39,1518146.25,1389014.86,14813.94,143945.33,22,True,True,True,0.914941,0.897086,0
chave_pix,533500.64,2210861.9,1677361.26,45104.91,578605.55,15,True,False,False,0.758691,0.922045,0
dados_bancarios,448932.26,3156943.08,2708010.82,35221.88,484154.14,23,False,True,True,0.857795,0.927251,0
pix_copia_e_cola,374791.15,375165.94114999997,374.79,7943.84,382734.99,13,True,False,False,0.000999,0.979245,0
chave_pix,2356337.69,6854155.4,4497817.71,58007.93,2414345.62,12,True,False,False,0.656218,0.975974,0
chave_pix,1098962.01,4789054.41,3690092.4,90692.15,1189654.16,19,False,False,False,0.770526,0.923766,0
chave_pix,194339.67,1070437.43,876097.76,5383.31,199722.98,14,True,False,False,0.818448,0.973046,0
chave_pix,680968.85,2613826.61,1932857.76,52010.94,732979.79,18,False,False,False,0.739474,0.929042,0
chave_pix,952601.53,2829446.09,1876844.56,39895.88,992497.41,11,True,False,False,0.663326,0.959803,0
chave_pix,197033.67,414661.11,217627.44,31826.8,228860.47,15,False,False,False,0.524832,0.860934,0
chave_pix,771024.82,1175710.13,404685.31,999.09,772023.91,6,True,False,False,0.344205,0.998706,1
chave_pix,2138657.69,8452428.82,6313771.13,13548.88,2152206.57,9,False,False,False,0.746977,0.993705,0
chave_pix,173458.52,173631.97851999998,173.46,61624.37,235082.89,20,False,True,True,0.000999,0.737861,0
chave_pix,78028.89,78106.92,78.03,518.29,78547.18,9,True,False,False,0.000999,0.993402,1
pix_copia_e_cola,383110.65,1316225.13,933114.48,5369.06,388479.71,19,False,False,False,0.708932,0.986179,0
chave_pix,124069.86,461260.52,337190.66,14659.31,138729.17,22,False,True,True,0.73102,0.894331,0
dados_bancarios,758571.8,4516216.9,3757645.1,36010.48,794582.28,14,True,False,False,0.832034,0.95468,0
chave_pix,578206.75,2542323.79,1964117.04,112147.61,690354.36,10,False,False,False,0.772568,0.837551,0
chave_pix,436818.43,7823128.13,7386309.7,32249.51,469067.94,7,False,False,False,0.944163,0.931248,0
dados_bancarios,1248175.52,12470883.16,11222707.64,23120.62,1271296.14,12,True,False,False,0.899913,0.981813,0
chave_pix,39125.62,2215639.48,2176513.86,11128.24,50253.86,15,True,False,False,0.982341,0.778559,0
dados_bancarios,112835.43,186090.7,73255.27,410.81,113246.24,13,True,False,False,0.393654,0.996372,1
chave_pix,1602324.25,5549978.47,3947654.22,6409.07,1608733.32,11,True,False,False,0.711292,0.996016,0
dados_bancarios,331510.91,1021021.98,689511.07,8403.33,339914.24,15,True,False,False,0.675315,0.975278,0
chave_pix,579160.23,1634896.53,1055736.3,25435.94,604596.17,15,True,False,False,0.645751,0.957929,0
chave_pix,1590249.36,2419856.07,829606.71,14949.61,1605198.97,12,False,False,False,0.342833,0.990687,0
chave_pix,559154.43,587011.39,27856.96,6097.01,565251.44,5,True,True,True,0.047456,0.989214,1
chave_pix,245461.41,307594.32,62132.91,1248.52,246709.93,9,False,False,False,0.201996,0.994939,1
dados_bancarios,382333.7,2474592.25,2092258.55,19130.14,401463.84,16,True,False,False,0.845496,0.952349,0
chave_pix,307851.08,914967.04,607115.96,12567.71,320418.79,20,False,True,True,0.663539,0.960777,0
pix_copia_e_cola,99187.21,561518.17,462330.96,10037.03,109224.24,13,True,False,False,0.823359,0.908106,0
pix_copia_e_cola,2601122.47,14337537.0,11736414.53,37882.04,2639004.51,11,True,False,False,0.81858,0.985645,0
chave_pix,10255095.12,41971729.4,31716634.28,8789.82,10263884.94,9,False,False,False,0.755667,0.999144,0
chave_pix,23217833.48,121072140.61,97854307.13,23481.16,23241314.64,9,False,False,False,0.808231,0.99899,0
chave_pix,1804559.73,9955504.35,8150944.62,5136.46,1809696.19,13,False,False,False,0.818737,0.997162,0
dados_bancarios,564998.99,1404064.44,839065.45,49738.21,614737.2,11,True,False,False,0.597598,0.91909,0
chave_pix,172695.52,1077748.61,905053.09,10590.39,183285.91,9,True,False,False,0.839763,0.942219,0
chave_pix,2131333.86,36109186.98,33977853.12,15697.88,2147031.74,10,False,False,False,0.940975,0.992689,0
dados_bancarios,4536733.09,30725744.98,26189011.89,55184.86,4591917.95,17,False,False,False,0.852347,0.987982,0
chave_pix,397081.24,4546513.18,4149431.94,63661.13,460742.37,11,True,False,False,0.912662,0.861829,0
chave_pix,74378.31,462076.84,387698.53,22310.82,96689.13,14,True,False,False,0.839035,0.769252,0
chave_pix,52541.42,52593.96,52.54,144.59,52686.01,8,False,False,False,0.000999,0.997256,1
chave_pix,506371.48,1662870.65,1156499.17,57338.78,563710.26,16,True,False,False,0.695484,0.898283,0
chave_pix,759022.29,3183023.23,2424000.94,38401.21,797423.5,9,False,False,False,0.76154,0.951843,0
chave_pix,18820.35,100301.17,81480.82,33414.94,52235.29,22,False,True,True,0.812362,0.3603,0
chave_pix,180107.25,1665062.36,1484955.11,28281.9,208389.15,8,False,False,False,0.891832,0.864283,0
chave_pix,1130654.79,6803386.47,5672731.68,49148.29,1179803.08,16,False,False,False,0.83381,0.958342,0
chave_pix,4482702.69,4487185.39269,4482.7,568.83,4483271.52,18,False,False,False,0.000999,0.999873,1
chave_pix,352172.46,1092642.94,740470.48,49599.38,401771.84,8,True,False,False,0.677688,0.876548,0
dados_bancarios,747933.44,2034360.04,1286426.6,34130.56,782064.0,15,True,False,False,0.63235,0.956358,0
chave_pix,245676.93,3878748.42,3633071.49,79342.71,325019.64,21,True,True,True,0.936661,0.755883,0
pix_copia_e_cola,451528.07,2646800.27,2195272.2,5744.33,457272.4,11,True,False,False,0.829406,0.987438,0
pix_copia_e_cola,2990926.68,16950351.31,13959424.63,13046.0,3003972.68,17,True,False,False,0.823548,0.995657,0
chave_pix,9763603.47,23825692.33,14062088.86,18913.88,9782517.35,22,True,True,True,0.590207,0.998067,0
dados_bancarios,684370.14,7199929.73,6515559.59,11470.84,695840.98,20,True,True,True,0.904948,0.983515,0
chave_pix,260947.8,1065206.09,804258.29,4279.97,265227.77,18,True,False,False,0.755026,0.983863,0
chave_pix,218642.05,1455209.2,1236567.15,27427.07,246069.12,12,True,False,False,0.849752,0.888539,0
dados_bancarios,389281.14,2377316.64,1988035.5,37363.77,426644.91,17,True,False,False,0.836252,0.912424,0
pix_copia_e_cola,218768.99,358970.68,140201.69,41284.87,260053.86,19,False,False,False,0.390566,0.841245,0
chave_pix,3360317.77,3850167.62,489849.85,677.12,3360994.89,23,True,True,True,0.127228,0.999799,1
dados_bancarios,370868.62,1514028.97,1143160.35,5543.41,376412.03,19,True,False,False,0.755045,0.985273,0
chave_pix,789910.14,7254145.32,6464235.18,38343.92,828254.06,20,True,True,True,0.891109,0.953705,0
chave_pix,349778.26,484364.08,134585.82,761.39,350539.65,19,True,False,False,0.277861,0.997828,1
chave_pix,196581.17,2123040.15,1926458.98,15994.89,212576.06,16,True,False,False,0.907406,0.924757,0
dados_bancarios,87541.41,87628.95,87.54,130.73,87672.14,13,True,False,False,0.000999,0.998509,1
chave_pix,361783.16,362144.9431599999,361.78,340.39,362123.55,18,False,False,False,0.000999,0.99906,1
chave_pix,2178303.49,4084651.52,1906348.03,1161.12,2179464.61,19,True,False,False,0.46671,0.999467,1
chave_pix,1031381.15,8512227.38,7480846.23,32291.83,1063672.98,10,False,False,False,0.878835,0.969641,0
chave_pix,214925.9,613810.47,398884.57,30399.67,245325.57,15,True,False,False,0.64985,0.876084,0
chave_pix,412010.1,959557.48,547547.38,32816.04,444826.14,11,True,False,False,0.570625,0.926227,0
pix_copia_e_cola,1131492.7,5047090.1,3915597.4,8654.98,1140147.68,17,True,False,False,0.775813,0.992409,0
chave_pix,1880253.88,10054521.65,8174267.77,17038.62,1897292.5,11,False,False,False,0.812994,0.99102,0
chave_pix,248056.41,248304.47,248.06,636.34,248692.75,15,True,False,False,0.000999,0.997441,1
dados_bancarios,345601.48,2637343.11,2291741.63,10666.58,356268.06,15,True,False,False,0.868958,0.97006,0
chave_pix,331088.1,2672716.64,2341628.54,10991.03,342079.13,22,False,True,True,0.876123,0.96787,0
chave_pix,311671.0,1467753.65,1156082.65,54048.18,365719.18,20,True,True,True,0.787654,0.852214,0
pix_copia_e_cola,175606.46,175782.06645999997,175.61,19987.3,195593.76,19,False,False,False,0.000999,0.897812,0
chave_pix,843921.32,3262934.42,2419013.1,12977.65,856898.97,17,True,False,False,0.741361,0.984855,0
chave_pix,1149804.29,10726224.54,9576420.25,23682.45,1173486.74,14,False,False,False,0.892804,0.979819,0
chave_pix,8480600.09,8526769.95,46169.86,0.01,8480600.1,1,True,True,True,0.005415,1.0,1
pix_copia_e_cola,276762.65,2681853.17,2405090.52,3560.0,280322.65,12,False,False,False,0.896802,0.9873,0
chave_pix,696177.88,14233222.45,13537044.57,100514.95,796692.83,18,False,False,False,0.951088,0.873835,0
chave_pix,450855.82,1575783.92,1124928.1,8187.18,459043.0,16,False,False,False,0.713885,0.982165,0
chave_pix,263397.34,2620620.13,2357222.79,74180.77,337578.11,15,False,False,False,0.89949,0.780256,0
chave_pix,10105120.86,42118960.0,32013839.14,10434.7,10115555.56,14,False,False,False,0.760081,0.998968,0
dados_bancarios,291834.06,1536208.03,1244373.97,55947.88,347781.94,13,True,False,False,0.81003,0.839129,0
chave_pix,454801.53,1878953.26,1424151.73,22752.35,477553.88,21,True,True,True,0.75795,0.952356,0
dados_bancarios,265103.11,563872.53,298769.42,2027.03,267130.14,21,True,True,True,0.529853,0.992412,1
dados_bancarios,581053.53,2039654.64,1458601.11,0.01,581053.54,12,True,False,False,0.715122,1.0,0
chave_pix,1722328.23,1724050.5582299998,1722.33,19536.19,1741864.42,23,True,True,True,0.000999,0.988784,0
dados_bancarios,812666.04,1524901.66,712235.62,53745.74,866411.78,15,True,False,False,0.46707,0.937967,0
chave_pix,847966.68,2222896.83,1374930.15,10441.61,858408.29,12,False,False,False,0.618531,0.987836,0
pix_copia_e_cola,41709.26,273019.6,231310.34,46012.19,87721.45,16,True,False,False,0.84723,0.475474,0
chave_pix,38086.56,155328.27,117241.71,60207.12,98293.68,10,False,False,False,0.7548,0.387477,0
chave_pix,635853.7,4204206.01,3568352.31,18032.15,653885.85,12,True,False,False,0.848758,0.972423,0
chave_pix,20845.65,1313278.91,1292433.26,7813.31,28658.96,17,False,False,False,0.984127,0.727369,0
chave_pix,3333860.76,3989712.34,655851.58,202.79,3334063.55,14,True,False,False,0.164386,0.999939,1
chave_pix,960459.4,4181949.69,3221490.29,93157.52,1053616.92,8,False,False,False,0.770332,0.911583,0
dados_bancarios,396785.35,7149279.77,6752494.42,5193.82,401979.17,12,False,False,False,0.9445,0.987079,0
chave_pix,129307.98,1376600.94,1247292.96,23179.94,152487.92,12,True,False,False,0.906067,0.847988,0
chave_pix,823911.88,5671909.83,4847997.95,3164.36,827076.24,13,True,False,False,0.854738,0.996174,0
chave_pix,982548.22,11386253.85,10403705.63,22137.82,1004686.04,16,False,False,False,0.913708,0.977965,0
pix_copia_e_cola,455149.36,3033463.84,2578314.48,4625.38,459774.74,15,True,False,False,0.849957,0.98994,0
chave_pix,211328.37,1904774.65,1693446.28,61078.97,272407.34,17,True,False,False,0.889053,0.775781,0
chave_pix,24380555.08,276208272.94,251827717.86,7787.97,24388343.05,18,True,False,False,0.911731,0.999681,0
pix_copia_e_cola,270895.91,324434.07,53538.16,0.01,270895.92,19,False,False,False,0.16502,1.0,0
pix_copia_e_cola,491369.53,1275225.39,783855.86,26193.01,517562.54,16,False,False,False,0.61468,0.949392,0
chave_pix,133350.98,1510211.33,1376860.35,21753.27,155104.25,17,False,False,False,0.9117,0.859751,0
chave_pix,202931.72,1667952.41,1465020.69,91308.64,294240.36,11,False,False,False,0.878335,0.68968,0
chave_pix,57902.2,183568.71,125666.51,28558.92,86461.12,20,False,True,True,0.684575,0.669691,0
chave_pix,911895.71,912807.61,911.9,77.04,911972.75,2,True,True,True,0.000999,0.999916,1
chave_pix,194501.59,365731.61,171230.02,12753.51,207255.1,19,True,False,False,0.468185,0.938465,0
chave_pix,3147223.34,41265107.75,38117884.41,56506.61,3203729.95,11,False,False,False,0.923732,0.982362,0
chave_pix,2082199.32,3313318.21,1231118.89,507.24,2082706.56,15,True,False,False,0.371567,0.999756,1
chave_pix,399678.28,3668050.83,3268372.55,10308.43,409986.71,16,False,False,False,0.891038,0.974857,0
chave_pix,868960.86,869829.8208599999,868.96,108540.9,977501.76,15,False,False,False,0.000999,0.888961,0
pix_copia_e_cola,57311.55,57368.861549999994,57.31,55600.3,112911.85,17,False,False,False,0.000999,0.507578,0
chave_pix,181042.23,1368136.23,1187094.0,28223.63,209265.86,16,False,False,False,0.867672,0.86513,0
chave_pix,245493.87,695004.25,449510.38,33102.86,278596.73,22,True,True,True,0.646774,0.88118,0
chave_pix,369112.69,369481.80269,369.11,1485.52,370598.21,23,False,True,True,0.000999,0.995992,1
chave_pix,2709016.53,18736454.38,16027437.85,10031.2,2719047.73,16,False,False,False,0.855415,0.996311,0
chave_pix,0.01,0.01001,0.0,10435.97,10435.98,19,False,False,False,0.0,1e-06,0
chave_pix,442161.06,828787.29,386626.23,2113.09,444274.15,13,False,False,False,0.466496,0.995244,1
chave_pix,55539.89,55595.43,55.54,144.95,55684.84,7,True,False,False,0.000999,0.997397,1
chave_pix,501023.02,515566.85,14543.83,9955.65,510978.67,13,True,False,False,0.028209,0.980517,0
chave_pix,1299608.69,7403866.14,6104257.45,21693.15,1321301.84,19,False,False,False,0.824469,0.983582,0
chave_pix,701861.15,702563.0111499999,701.86,542.98,702404.13,6,True,False,False,0.000999,0.999227,1
chave_pix,65311.38,260734.95,195423.57,9799.82,75111.2,21,True,True,True,0.74951,0.869529,0
dados_bancarios,7042.24,7049.282239999999,7.04,12947.26,19989.5,12,False,False,False,0.000999,0.352297,0
chave_pix,1395063.03,7647183.22,6252120.19,25851.08,1420914.11,16,True,False,False,0.817572,0.981807,0
chave_pix,207254.37,207461.62436999998,207.25,43385.24,250639.61,20,True,True,True,0.000999,0.826902,0
chave_pix,509506.26,688729.73,179223.47,318.18,509824.44,21,True,True,True,0.260223,0.999376,1
chave_pix,3428747.46,14621474.86,11192727.4,7498.13,3436245.59,16,False,False,False,0.765499,0.997818,0
chave_pix,1921054.34,2033061.04,112006.7,26250.52,1947304.86,12,False,False,False,0.055093,0.98652,0
chave_pix,168142.42,496012.82,327870.4,676302.36,844444.78,12,False,False,False,0.661012,0.199116,0
pix_copia_e_cola,392510.98,2354342.91,1961831.93,13471.51,405982.49,15,True,False,False,0.833282,0.966818,0
dados_bancarios,2460110.25,2462570.36,2460.11,85.85,2460196.1,14,False,False,False,0.000999,0.999965,1
pix_copia_e_cola,2917957.53,9117555.5,6199597.97,19710.89,2937668.42,20,False,True,True,0.679963,0.99329,0
chave_pix,850513.7,2310711.14,1460197.44,22342.65,872856.35,17,True,False,False,0.631926,0.974403,0
chave_pix,0.01,0.01001,0.0,46534.92,46534.93,21,True,True,False,0.0,0.0,0
dados_bancarios,511259.05,539967.97,28708.92,16862.17,528121.22,11,False,False,False,0.053168,0.968071,1
dados_bancarios,93325.72,448965.05,355639.33,8955.84,102281.56,13,True,False,False,0.792131,0.912439,0
chave_pix,481864.85,1961299.87,1479435.02,9588.1,491452.95,15,False,False,False,0.754314,0.98049,0
dados_bancarios,344774.01,2743447.66,2398673.65,22019.74,366793.75,18,False,False,False,0.874328,0.939967,0
chave_pix,451968.67,452420.63866999996,451.97,401.76,452370.43,11,True,False,False,0.000999,0.999112,1
pix_copia_e_cola,231473.3,976605.71,745132.41,8712.62,240185.92,16,True,False,False,0.762982,0.963726,0
chave_pix,352496.82,4182607.73,3830110.91,23901.48,376398.3,9,False,False,False,0.915723,0.9365,0
dados_bancarios,635870.3,6701122.95,6065252.65,37425.2,673295.5,17,True,False,False,0.90511,0.944415,0
chave_pix,1245843.79,7455998.94,6210155.15,9437.33,1255281.12,17,False,False,False,0.832907,0.992482,0
chave_pix,600849.36,7706885.8,7106036.44,17368.45,618217.81,9,True,False,False,0.922037,0.971906,0
chave_pix,531843.59,897694.26,365850.67,136445.52,668289.11,12,False,False,False,0.407545,0.795829,0
dados_bancarios,1479942.32,1902867.41,422925.09,486.5,1480428.82,0,False,True,True,0.222257,0.999671,1
dados_bancarios,242653.41,608794.2,366140.79,56331.05,298984.46,16,False,False,False,0.60142,0.811592,0
chave_pix,1409350.55,4601366.04,3192015.49,31992.06,1441342.61,23,True,True,True,0.69371,0.977804,0
chave_pix,217439.5,285018.39,67578.89,10365.04,227804.54,20,False,True,True,0.237104,0.9545,0
pix_copia_e_cola,692833.64,1107214.24,414380.6,5039.33,697872.97,18,False,False,False,0.374255,0.992779,0
chave_pix,161319.86,370505.44,209185.58,27930.74,189250.6,19,True,False,False,0.564595,0.852414,0
chave_pix,1438656.69,5328063.3,3889406.61,24153.01,1462809.7,10,False,False,False,0.729985,0.983489,0
chave_pix,0.01,211669.09,211669.08,636.27,636.28,21,False,True,False,1.0,1.6e-05,1
dados_bancarios,385890.92,1738934.4,1353043.48,4644.65,390535.57,21,True,True,True,0.778088,0.988107,0
chave_pix,1003296.62,7494891.52,6491594.9,210555.39,1213852.01,18,True,False,False,0.866136,0.826539,0
chave_pix,1143915.02,6247877.29,5103962.27,6914.02,1150829.04,12,False,False,False,0.816911,0.993992,0
chave_pix,173023.29,1441654.83,1268631.54,36585.81,209609.1,12,False,False,False,0.879983,0.825457,0
chave_pix,37682.62,129156.85,91474.23,108417.82,146100.44,11,False,False,False,0.708241,0.257923,0
chave_pix,580867.88,3117966.49,2537098.61,19009.39,599877.27,17,False,False,False,0.813703,0.968311,0
pix_copia_e_cola,1528838.46,9366567.47,7837729.01,4796.02,1533634.48,9,False,False,False,0.836777,0.996873,0
chave_pix,145522.71,1400111.23,1254588.52,19891.96,165414.67,17,True,False,False,0.896063,0.879745,0
chave_pix,1115439.04,5854082.83,4738643.79,163521.28,1278960.32,20,True,True,True,0.80946,0.872145,0
chave_pix,1701831.54,14777233.6,13075402.06,24999.47,1726831.01,19,True,False,False,0.884834,0.985523,0
chave_pix,147620.04,147767.66004,147.62,38120.12,185740.16,12,True,False,False,0.000999,0.794766,0
dados_bancarios,2469024.32,2501246.27,32221.95,81.49,2469105.81,12,False,False,False,0.012882,0.999967,1
chave_pix,1946657.35,7281255.92,5334598.57,11357.75,1958015.1,21,False,True,True,0.732648,0.994199,0
dados_bancarios,1139803.85,2935526.15,1795722.3,14610.86,1154414.71,13,True,False,False,0.611721,0.987343,0
chave_pix,3866077.54,34851484.93,30985407.39,35578.88,3901656.42,16,True,False,False,0.88907,0.990881,0
chave_pix,1893828.93,6534118.75,4640289.82,15381.16,1909210.09,9,True,False,False,0.710163,0.991944,0
dados_bancarios,1237296.47,6599361.16,5362064.69,11280.21,1248576.68,12,True,False,False,0.812513,0.990966,0
chave_pix,128018.73,1479121.16,1351102.43,8697.01,136715.74,15,False,False,False,0.913449,0.936386,0
pix_copia_e_cola,372952.18,373325.13217999996,372.95,1644.03,374596.21,21,False,True,True,0.000999,0.995611,1
chave_pix,402731.49,2920949.92,2518218.43,6441.76,409173.25,14,False,False,False,0.862123,0.984257,0
chave_pix,0.01,0.01001,0.0,345.9,345.91,1,True,True,False,0.0,2.9e-05,1
dados_bancarios,1115733.03,2293452.81,1177719.78,4442.86,1120175.89,17,True,False,False,0.513514,0.996034,0
chave_pix,747305.45,2080880.66,1333575.21,19114.82,766420.27,16,False,False,False,0.640871,0.97506,0
chave_pix,1493156.06,3678053.55,2184897.49,46099.19,1539255.25,12,False,False,False,0.594036,0.970051,0
chave_pix,395921.09,3136944.91,2741023.82,9860.7,405781.79,20,True,True,True,0.873788,0.9757,0
chave_pix,154900.64,1325392.06,1170491.42,38691.77,193592.41,18,False,False,False,0.883128,0.800138,0
dados_bancarios,1256471.34,2340703.3,1084231.96,128969.3,1385440.64,11,True,False,False,0.463208,0.906911,0
chave_pix,1267554.3,1814714.2,547159.9,91071.51,1358625.81,15,False,False,False,0.301513,0.932968,0
chave_pix,0.01,652856.16,652856.15,19004.17,19004.18,13,False,False,False,1.0,1e-06,0
dados_bancarios,22691.64,22714.331639999997,22.69,997.23,23688.87,19,True,False,False,0.000999,0.957903,1
chave_pix,244393.98,936830.82,692436.84,11825.06,256219.04,14,False,False,False,0.739127,0.953848,0
chave_pix,282085.73,6269808.77,5987723.04,338677.48,620763.21,15,True,False,False,0.955009,0.454418,0
chave_pix,9935360.76,17283553.98,7348193.22,505.26,9935866.02,15,True,False,False,0.425155,0.999949,1
chave_pix,1151072.24,5614324.33,4463252.09,35209.43,1186281.67,17,False,False,False,0.794976,0.97032,0
chave_pix,426414.52,1822828.58,1396414.06,3320.02,429734.54,22,True,True,True,0.76607,0.992274,0
chave_pix,166938.62,167105.55861999997,166.94,17153.65,184092.27,22,False,True,True,0.000999,0.90682,0
chave_pix,60700.69,60761.39068999999,60.7,34065.62,94766.31,20,True,True,True,0.000999,0.64053,0
chave_pix,3639761.66,11352891.68,7713130.02,36790.6,3676552.26,12,False,False,False,0.679398,0.989993,0
chave_pix,875628.3,6195829.49,5320201.19,9725.25,885353.55,21,False,True,True,0.858675,0.989015,0
chave_pix,65404.65,146518.76,81114.11,364.5,65769.15,5,False,True,True,0.553609,0.994458,1
chave_pix,945607.68,2527237.26,1581629.58,32834.58,978442.26,15,False,False,False,0.625833,0.966442,0
chave_pix,1939630.09,3012993.56,1073363.47,2446.34,1942076.43,1,False,True,True,0.356245,0.99874,1
dados_bancarios,157951.46,318959.35,161007.89,1404.19,159355.65,8,False,False,False,0.504791,0.991188,1
chave_pix,77701.94,77779.64193999999,77.7,173993.21,251695.15,11,True,False,False,0.000999,0.308714,0
chave_pix,1960047.11,10627630.84,8667583.73,22080.5,1982127.61,19,False,False,False,0.815571,0.98886,0
chave_pix,15305811.26,83117463.47,67811652.21,39107.21,15344918.47,12,False,False,False,0.815853,0.997451,0
chave_pix,285190.65,837746.33,552555.68,140511.22,425701.87,15,True,False,False,0.659574,0.66993,0
chave_pix,35912.5,1772151.53,1736239.03,40313.41,76225.91,19,True,False,False,0.979735,0.471132,0
chave_pix,565315.79,2195340.44,1630024.65,9174.76,574490.55,11,True,False,False,0.742493,0.98403,0
pix_copia_e_cola,118186.42,1548464.48,1430278.06,7941.65,126128.07,10,True,False,False,0.923675,0.937035,0
chave_pix,2755074.97,2967016.42,211941.45,203.01,2755277.98,9,True,False,False,0.071433,0.999926,1
chave_pix,942076.01,1871320.28,929244.27,68597.42,1010673.43,12,True,False,False,0.496571,0.932127,0
chave_pix,748122.15,3903997.9,3155875.75,5173.3,753295.45,17,True,False,False,0.80837,0.993132,0
chave_pix,387567.87,551014.5,163446.63,0.01,387567.88,15,True,False,False,0.296629,1.0,1
chave_pix,1288263.68,1374531.61,86267.93,466.89,1288730.57,20,False,True,True,0.062762,0.999638,1
chave_pix,532183.68,690097.47,157913.79,14450.94,546634.62,18,True,False,False,0.228828,0.973564,0
dados_bancarios,358410.07,1756522.9,1398112.83,342455.6,700865.67,19,True,False,False,0.795955,0.511382,0
chave_pix,260245.66,1830714.06,1570468.4,23600.25,283845.91,19,True,False,False,0.857845,0.916855,0
chave_pix,501019.9,1570927.13,1069907.23,7999.88,509019.78,21,True,True,True,0.681067,0.984284,0
chave_pix,2778377.57,4601859.3,1823481.73,77546.86,2855924.43,22,False,True,True,0.396249,0.972847,0
pix_copia_e_cola,542869.62,543412.4896199999,542.87,279.75,543149.37,12,True,False,False,0.000999,0.999485,1
chave_pix,875322.18,3250500.16,2375177.98,11237.97,886560.15,13,False,False,False,0.730712,0.987324,0
chave_pix,4160888.06,4652843.53,491955.47,225.49,4161113.55,22,True,True,True,0.105732,0.999946,1
chave_pix,0.01,0.01001,0.0,9361.2,9361.21,14,True,False,False,0.0,1e-06,0
chave_pix,396297.48,3230951.64,2834654.16,9106.84,405404.32,18,False,False,False,0.877343,0.977536,0
chave_pix,2053758.69,2055812.4486899998,2053.76,2158.24,2055916.93,16,True,False,False,0.000999,0.99895,1
chave_pix,213827.29,214041.11729,213.83,95259.36,309086.65,10,False,False,False,0.000999,0.691804,0
chave_pix,1401747.81,4618800.56,3217052.75,5238.22,1406986.03,18,True,False,False,0.696513,0.996277,0
chave_pix,431501.92,431933.42191999994,431.5,3333.87,434835.79,12,False,False,False,0.000999,0.992333,0
chave_pix,166119.03,789238.91,623119.88,18464.07,184583.1,21,True,True,True,0.78952,0.899969,0
chave_pix,1845462.2,7681585.85,5836123.65,12929.01,1858391.21,16,False,False,False,0.759755,0.993043,0
chave_pix,1013253.2,2358144.42,1344891.22,19225.52,1032478.72,13,True,False,False,0.570318,0.981379,0
dados_bancarios,574095.36,1144215.94,570120.58,30024.88,604120.24,10,True,False,False,0.498263,0.9503,0
chave_pix,462323.19,1848865.41,1386542.22,14970.47,477293.66,10,True,False,False,0.749942,0.968635,0
chave_pix,83927.9,454935.8,371007.9,15135.09,99062.99,22,True,True,True,0.815517,0.847218,0
pix_copia_e_cola,1506354.68,7263142.2,5756787.52,30362.03,1536716.71,21,False,True,True,0.792603,0.980242,0
dados_bancarios,29424.7,130461.55,101036.85,161210.25,190634.95,14,False,False,False,0.774457,0.154351,0
chave_pix,100090.85,100190.94085,100.09,11727.87,111818.72,23,True,True,True,0.000999,0.895117,0
chave_pix,246344.01,3058597.26,2812253.25,24022.03,270366.04,16,True,False,False,0.919459,0.91115,0
pix_copia_e_cola,774431.36,884997.27,110565.91,682.81,775114.17,23,True,True,True,0.124934,0.999119,1
dados_bancarios,162744.07,1500232.94,1337488.87,15433.31,178177.38,20,False,True,True,0.891521,0.913382,0
chave_pix,1835438.55,9024755.97,7189317.42,77337.73,1912776.28,13,True,False,False,0.796622,0.959568,0
chave_pix,1032304.13,1391065.56,358761.43,1293.08,1033597.21,0,True,True,True,0.257904,0.998749,1
pix_copia_e_cola,879829.79,1604463.25,724633.46,20545.17,900374.96,19,False,False,False,0.451636,0.977182,0
dados_bancarios,829484.78,4906183.97,4076699.19,21731.34,851216.12,18,True,False,False,0.830931,0.97447,0
chave_pix,5561209.16,5566770.369159999,5561.21,551.87,5561761.03,15,False,False,False,0.000999,0.999901,1
dados_bancarios,5971977.01,6012819.22,40842.21,204.65,5972181.66,5,True,True,True,0.006793,0.999966,1
dados_bancarios,569925.87,3036232.21,2466306.34,10284.67,580210.54,22,True,True,True,0.812292,0.982274,0
chave_pix,199878.85,213124.11,13245.26,1322.88,201201.73,16,False,False,False,0.062148,0.993425,1
chave_pix,94970.55,384293.59,289323.04,31579.84,126550.39,13,True,False,False,0.75287,0.750456,0
chave_pix,103584.49,1183285.61,1079701.12,50569.5,154153.99,22,True,True,True,0.91246,0.671955,0
chave_pix,87259.81,371843.5,284583.69,199341.37,286601.18,17,True,False,False,0.765332,0.304464,0
chave_pix,74147.35,2581946.4,2507799.05,31981.96,106129.31,16,True,False,False,0.971282,0.698651,0
chave_pix,106076.69,106182.76668999999,106.08,93187.04,199263.73,18,True,False,False,0.000999,0.532343,0
chave_pix,69647.71,1740937.88,1671290.17,14482.41,84130.12,23,False,True,True,0.959994,0.827857,0
chave_pix,0.01,100646.33,100646.32,962.58,962.59,12,True,False,False,1.0,1e-05,1
dados_bancarios,392259.09,392651.34909,392.26,297.68,392556.77,21,False,True,True,0.000999,0.999242,1
chave_pix,120230.52,1029934.43,909703.91,10727.31,130957.83,10,True,False,False,0.883264,0.918086,0
chave_pix,455423.81,1114359.81,658936.0,20455.25,475879.06,17,True,False,False,0.591314,0.957016,0
pix_copia_e_cola,6246369.82,44679305.79,38432935.97,0.01,6246369.83,17,False,False,False,0.860195,1.0,0
chave_pix,726242.17,3463958.66,2737716.49,49980.35,776222.52,17,True,False,False,0.790343,0.935611,0
chave_pix,371935.32,1695346.84,1323411.52,9915.89,381851.21,17,False,False,False,0.780614,0.974032,0
chave_pix,594471.04,595065.51,594.47,1784.96,596256.0,19,True,False,False,0.000999,0.997006,1
chave_pix,1322708.89,20437397.74,19114688.85,2635.73,1325344.62,10,True,False,False,0.93528,0.998011,0
chave_pix,500522.11,509290.18,8768.07,0.01,500522.12,23,False,True,True,0.017216,1.0,1
chave_pix,602740.6,1576472.86,973732.26,24098.43,626839.03,19,True,False,False,0.617665,0.961556,0
pix_copia_e_cola,460689.45,815029.6,354340.15,113.07,460802.52,16,True,False,False,0.434757,0.999755,1
chave_pix,588268.98,5438617.37,4850348.39,168174.32,756443.3,12,True,False,False,0.891835,0.777678,0
pix_copia_e_cola,82992.22,164554.56,81562.34,30632.77,113624.99,16,False,False,False,0.495655,0.730405,0
chave_pix,3116256.31,14142963.33,11026707.02,33281.24,3149537.55,7,True,False,False,0.77966,0.989433,0
dados_bancarios,955505.54,1301146.92,345641.38,164.07,955669.61,13,True,False,False,0.265644,0.999828,1
chave_pix,11609752.3,24619596.76,13009844.46,30678.71,11640431.01,16,False,False,False,0.528435,0.997364,0
pix_copia_e_cola,1238576.38,5458776.5,4220200.12,33842.54,1272418.92,13,True,False,False,0.773104,0.973403,0
chave_pix,636428.01,637064.4380099999,636.43,32288.74,668716.75,23,True,True,True,0.000999,0.951715,0
chave_pix,446363.65,1933149.52,1486785.87,26271.03,472634.68,7,True,False,False,0.7691,0.944416,0
dados_bancarios,1358953.99,5109011.17,3750057.18,35559.28,1394513.27,20,False,True,True,0.734008,0.974501,0
dados_bancarios,89423.02,690517.45,601094.43,4707.54,94130.56,11,True,False,False,0.870499,0.949989,0
chave_pix,1161079.72,40672504.36,39511424.64,20062.33,1181142.05,12,False,False,False,0.971453,0.983014,0
chave_pix,40562026.03,114180833.49,73618807.46,42776.68,40604802.71,18,True,False,False,0.644756,0.998947,0
chave_pix,474234.11,2971057.13,2496823.02,15023.4,489257.51,9,False,False,False,0.840382,0.969293,0
chave_pix,1277123.23,4064967.68,2787844.45,2816.82,1279940.05,16,False,False,False,0.685822,0.997799,0
chave_pix,573258.95,10476556.09,9903297.14,61630.77,634889.72,18,True,False,False,0.945282,0.902927,0
chave_pix,574958.23,2253789.9,1678831.67,9518.86,584477.09,14,True,False,False,0.744893,0.983714,0
chave_pix,0.01,0.01001,0.0,17257.69,17257.7,20,False,True,False,0.0,1e-06,0
dados_bancarios,106931.69,315999.04,209067.35,0.01,106931.7,7,False,False,False,0.661608,1.0,1
chave_pix,354856.3,1374493.78,1019637.48,127683.33,482539.63,10,False,False,False,0.741828,0.735393,0
chave_pix,1117624.32,6555935.04,5438310.72,105437.27,1223061.59,17,False,False,False,0.829525,0.913792,0
chave_pix,151514.92,322100.33,170585.41,11393.4,162908.32,3,True,True,True,0.529603,0.930063,1
chave_pix,1195867.52,2944023.18,1748155.66,23634.45,1219501.97,14,True,False,False,0.593798,0.98062,0
chave_pix,1149055.61,1795118.65,646063.04,2767.41,1151823.02,17,True,False,False,0.3599,0.997597,1
chave_pix,198769.15,823384.6,624615.45,12897.59,211666.74,16,False,False,False,0.758595,0.939067,0
pix_copia_e_cola,1681921.82,1904881.46,222959.64,590.55,1682512.37,15,False,False,False,0.117046,0.999649,1
chave_pix,930011.29,2466538.45,1536527.16,39434.16,969445.45,15,False,False,False,0.622949,0.959323,0
chave_pix,388609.47,1687931.09,1299321.62,8851.37,397460.84,12,True,False,False,0.769772,0.97773,0
dados_bancarios,216032.56,216248.59255999996,216.03,79164.8,295197.36,15,True,False,False,0.000999,0.731824,0
pix_copia_e_cola,1506104.75,8680847.2,7174742.45,13977.9,1520082.65,8,True,False,False,0.826503,0.990805,0
chave_pix,118008.23,1424722.77,1306714.54,8776.8,126785.03,21,True,True,True,0.917171,0.930774,0
chave_pix,293308.4,1888254.02,1594945.62,20325.33,313633.73,16,True,False,False,0.844667,0.935194,0
dados_bancarios,1641478.82,2917313.96,1275835.14,31049.35,1672528.17,17,True,False,False,0.437332,0.981436,0
chave_pix,561747.15,4011342.11,3449594.96,21468.24,583215.39,18,True,False,False,0.85996,0.96319,0
chave_pix,942345.78,3541554.28,2599208.5,8877.73,951223.51,21,True,True,True,0.733917,0.990667,0
dados_bancarios,1197873.88,5690428.93,4492555.05,10888.97,1208762.85,7,False,False,False,0.789493,0.990992,0
chave_pix,73421.89,213398.2,139976.31,10596.49,84018.38,19,False,False,False,0.65594,0.873879,1
dados_bancarios,172087.96,277841.01,105753.05,7880.97,179968.93,11,True,False,False,0.380624,0.956209,0
chave_pix,273070.91,593551.32,320480.41,109510.8,382581.71,13,False,False,False,0.539937,0.713758,0
chave_pix,6684039.7,6690723.7397,6684.04,252.75,6684292.45,23,False,True,True,0.000999,0.999962,1
pix_copia_e_cola,905620.15,3417638.39,2512018.24,8450.23,914070.38,20,True,True,True,0.735016,0.990755,0
dados_bancarios,3951999.47,13000507.44,9048507.97,27825.69,3979825.16,12,True,False,False,0.696012,0.993008,0
chave_pix,1398053.02,8687484.33,7289431.31,39527.08,1437580.1,14,True,False,False,0.839073,0.972504,0
pix_copia_e_cola,223248.94,223472.18893999996,223.25,23777.77,247026.71,16,True,False,False,0.000999,0.903744,0
chave_pix,167385.23,367116.81,199731.58,38009.32,205394.55,18,True,False,False,0.544055,0.814945,0
chave_pix,4102074.19,39692825.34,35590751.15,13542.19,4115616.38,11,True,False,False,0.896655,0.99671,0
chave_pix,99752.69,99852.44269,99.75,11724.58,111477.27,12,False,False,False,0.000999,0.894825,0
chave_pix,0.01,3049285.96,3049285.95,81368.65,81368.66,12,False,False,False,1.0,0.0,0
pix_copia_e_cola,167112.53,1526935.09,1359822.56,6278.58,173391.11,9,True,False,False,0.890557,0.963789,0
chave_pix,2289653.79,4543652.33,2253998.54,14820.82,2304474.61,10,False,False,False,0.496076,0.993569,0
dados_bancarios,196560.3,1221197.37,1024637.07,21093.64,217653.94,1,False,True,True,0.839043,0.903086,0
chave_pix,1871561.43,9146893.09,7275331.66,12712.26,1884273.69,9,True,False,False,0.795388,0.993253,0
chave_pix,146282.58,1919953.51,1773670.93,134099.08,280381.66,14,False,False,False,0.923809,0.521727,0
chave_pix,216391.74,2844477.78,2628086.04,7817.65,224209.39,13,True,False,False,0.923926,0.965132,0
chave_pix,155559.3,2252928.29,2097368.99,17171.26,172730.56,17,False,False,False,0.930952,0.900589,0
pix_copia_e_cola,736013.65,1132603.99,396590.34,13322.05,749335.7,14,False,False,False,0.350158,0.982222,0
pix_copia_e_cola,104767.6,1724507.13,1619739.53,28863.52,133631.12,13,False,False,False,0.939248,0.784006,0
chave_pix,552078.88,807304.51,255225.63,62706.7,614785.58,12,False,False,False,0.316145,0.898002,0
chave_pix,621287.54,986608.32,365320.78,25909.31,647196.85,19,False,False,False,0.370279,0.959967,0
chave_pix,2437325.27,11436992.06,8999666.79,8119.48,2445444.75,11,True,False,False,0.786891,0.99668,0
pix_copia_e_cola,773696.12,774469.82,773.7,303.58,773999.7,12,False,False,False,0.000999,0.999608,1
chave_pix,0.01,219608.73,219608.72,218.79,218.8,1,False,True,False,1.0,4.6e-05,1
pix_copia_e_cola,439680.66,440120.3406599999,439.68,13882.97,453563.63,11,True,False,False,0.000999,0.969391,0
chave_pix,492029.01,492521.03900999995,492.03,29.49,492058.5,21,True,True,True,0.000999,0.99994,1
chave_pix,459417.75,664185.15,204767.4,40047.06,499464.81,12,True,False,False,0.308299,0.91982,0
chave_pix,1398946.33,1400345.28,1398.95,1836.31,1400782.64,3,True,True,True,0.000999,0.998689,1
chave_pix,121009.44,121130.44943999998,121.01,73545.56,194555.0,0,True,True,True,0.000999,0.621981,0
chave_pix,173314.5,1681130.85,1507816.35,14521.35,187835.85,19,False,False,False,0.896906,0.922691,0
chave_pix,248273.03,2867030.9,2618757.87,32638.32,280911.35,13,True,False,False,0.913404,0.883813,0
pix_copia_e_cola,1435931.93,1474996.14,39064.21,50747.21,1486679.14,18,True,False,False,0.026484,0.965865,0
pix_copia_e_cola,804216.46,6943209.15,6138992.69,65967.34,870183.8,22,True,True,True,0.884172,0.924191,0
chave_pix,353137.64,454172.4,101034.76,24549.84,377687.48,19,True,False,False,0.222459,0.935,0
chave_pix,609831.34,2735238.67,2125407.33,9549.6,619380.94,12,True,False,False,0.777046,0.984582,0
chave_pix,386755.51,2886008.77,2499253.26,2514.42,389269.93,21,True,True,True,0.865989,0.993541,0
chave_pix,420155.95,1929756.69,1509600.74,17229.8,437385.75,13,False,False,False,0.782275,0.960607,0
pix_copia_e_cola,4615439.95,45774904.48,41159464.53,57927.33,4673367.28,17,False,False,False,0.899171,0.987605,0
dados_bancarios,2325167.93,13444171.44,11119003.51,2322.25,2327490.18,15,True,False,False,0.82705,0.999002,0
chave_pix,3247.37,1270110.53,1266863.16,44214.56,47461.93,18,True,False,False,0.997443,0.068421,0
chave_pix,252615.76,1569934.03,1317318.27,5128.85,257744.61,19,False,False,False,0.839091,0.980101,0
chave_pix,1156239.7,1345189.2,188949.5,0.01,1156239.71,16,True,False,False,0.140463,1.0,1
dados_bancarios,0.01,0.01001,0.0,11429.04,11429.05,10,False,False,False,0.0,1e-06,0
chave_pix,931380.85,5626838.07,4695457.22,11040.99,942421.84,23,False,True,True,0.834475,0.988284,0
pix_copia_e_cola,306284.93,306591.21492999996,306.28,378.12,306663.05,17,True,False,False,0.000999,0.998767,1
chave_pix,496512.29,1586089.76,1089577.47,70293.65,566805.94,12,False,False,False,0.686958,0.875983,0
dados_bancarios,617830.3,618448.1303,617.83,218642.76,836473.06,15,True,False,False,0.000999,0.738614,0
chave_pix,0.01,126718.07,126718.06,392.31,392.32,3,False,True,False,1.0,2.5e-05,1
chave_pix,232796.29,1524105.99,1291309.7,4790.56,237586.85,19,True,False,False,0.847257,0.979837,0
chave_pix,556279.45,735558.59,179279.14,258.08,556537.53,9,False,False,False,0.243732,0.999536,1
chave_pix,5254241.1,5395214.34,140973.24,26.09,5254267.19,23,False,True,True,0.026129,0.999995,1
pix_copia_e_cola,528594.43,2196430.35,1667835.92,43214.27,571808.7,13,True,False,False,0.759339,0.924425,0
chave_pix,984363.91,1140942.2,156578.29,1107.64,985471.55,1,True,True,True,0.137236,0.998876,1
chave_pix,1173706.19,1180860.9,7154.71,277.39,1173983.58,11,True,False,False,0.006059,0.999764,1
chave_pix,1311160.62,6474175.52,5163014.9,85782.38,1396943.0,16,True,False,False,0.797478,0.938593,0
pix_copia_e_cola,0.01,0.01001,0.0,135175.4,135175.41,18,False,False,False,0.0,0.0,0
pix_copia_e_cola,463642.46,1066653.75,603011.29,7817.66,471460.12,19,True,False,False,0.56533,0.983418,0
pix_copia_e_cola,1611325.26,5083414.57,3472089.31,34270.55,1645595.81,12,False,False,False,0.683023,0.979174,0
dados_bancarios,114682.61,660813.89,546131.28,15921.06,130603.67,12,True,False,False,0.826452,0.878096,0
dados_bancarios,10056782.28,15992906.46,5936124.18,0.01,10056782.29,4,True,True,True,0.371172,1.0,1
chave_pix,954680.39,1969222.93,1014542.54,3942.26,958622.65,14,True,False,False,0.515199,0.995888,0
dados_bancarios,501862.54,1383201.22,881338.68,27781.4,529643.94,21,True,True,True,0.637173,0.947547,0
dados_bancarios,696673.1,2675977.13,1979304.03,16915.34,713588.44,20,False,True,True,0.739657,0.976295,0
chave_pix,355344.17,1698917.88,1343573.71,14230.43,369574.6,20,True,True,True,0.790841,0.961495,0
dados_bancarios,0.01,811166.97,811166.96,11294.1,11294.11,13,False,False,False,1.0,1e-06,0
chave_pix,610956.92,3928606.45,3317649.53,15541.69,626498.61,9,True,False,False,0.844485,0.975193,0
dados_bancarios,247572.71,538492.49,290919.78,49874.77,297447.48,14,True,False,False,0.540249,0.832324,0
chave_pix,0.01,7652.89,7652.88,1314.44,1314.45,13,True,False,False,0.999999,8e-06,1
chave_pix,149637.88,692142.21,542504.33,24244.07,173881.95,13,True,False,False,0.783805,0.860572,0
pix_copia_e_cola,289936.2,1434102.1,1144165.9,2679.87,292616.07,17,True,False,False,0.797827,0.990842,0
chave_pix,75622.11,75697.73211,75.62,11201.45,86823.56,21,True,True,True,0.000999,0.870986,0
pix_copia_e_cola,192956.79,193149.74678999998,192.96,101097.1,294053.89,1,False,True,True,0.000999,0.656195,0
chave_pix,77819.59,456684.64,378865.05,17723.3,95542.89,16,True,False,False,0.829599,0.814499,0
chave_pix,6561840.94,41435654.9,34873813.96,24388.39,6586229.33,19,False,False,False,0.841638,0.996297,0
dados_bancarios,314958.07,929635.79,614677.72,16566.48,331524.55,20,True,True,True,0.661203,0.950029,0
chave_pix,355715.53,3039693.88,2683978.35,59207.68,414923.21,14,True,False,False,0.882977,0.857304,0
dados_bancarios,2027047.48,10268485.46,8241437.98,64124.68,2091172.16,11,True,False,False,0.802595,0.969336,0
dados_bancarios,590003.15,1389962.62,799959.47,14221.21,604224.36,11,True,False,False,0.575526,0.976464,0
chave_pix,1528176.29,10651522.12,9123345.83,3696.11,1531872.4,14,True,False,False,0.85653,0.997587,0
chave_pix,701276.48,3772132.39,3070855.91,79871.14,781147.62,11,True,False,False,0.81409,0.897752,0
pix_copia_e_cola,868399.98,3950231.83,3081831.85,15546.39,883946.37,13,True,False,False,0.780165,0.982413,0
chave_pix,46900.79,1631560.04,1584659.25,20749.12,67649.91,13,True,False,False,0.971254,0.693287,0
dados_bancarios,302820.89,1567933.87,1265112.98,75499.18,378320.07,12,True,False,False,0.806866,0.800436,0
dados_bancarios,19511.35,19530.86,19.51,301.88,19813.23,17,True,False,False,0.000999,0.984764,1
dados_bancarios,827921.27,1259128.71,431207.44,551.17,828472.44,23,True,True,True,0.342465,0.999335,1
chave_pix,52259.1,297005.84,244746.74,12496.24,64755.34,10,False,False,False,0.824047,0.807024,0
pix_copia_e_cola,0.01,0.01001,0.0,9869.07,9869.08,22,False,True,False,0.0,1e-06,0
chave_pix,762260.22,3590797.78,2828537.56,105423.08,867683.3,15,False,False,False,0.787718,0.878501,0
chave_pix,639979.37,1945762.51,1305783.14,76061.34,716040.71,14,False,False,False,0.671091,0.893775,0
dados_bancarios,371627.37,371998.99736999994,371.63,0.01,371627.38,9,False,False,False,0.000999,1.0,1
chave_pix,1455695.23,3202508.92,1746813.69,54156.39,1509851.62,10,True,False,False,0.545452,0.964131,0
chave_pix,768341.6,9155043.34,8386701.74,20689.17,789030.77,10,True,False,False,0.916074,0.973779,0
chave_pix,455613.72,456069.33371999994,455.61,49036.62,504650.34,9,False,False,False,0.000999,0.902831,1
dados_bancarios,118939.55,467726.63,348787.08,192154.93,311094.48,16,False,False,False,0.745707,0.382326,0
dados_bancarios,143527.25,1220830.79,1077303.54,23432.33,166959.58,17,True,False,False,0.882435,0.859653,0
chave_pix,748395.62,1849444.86,1101049.24,11740.3,760135.92,19,False,False,False,0.59534,0.984555,0
chave_pix,2301025.51,6357000.2,4055974.69,2870.35,2303895.86,20,True,True,True,0.638033,0.998754,0
pix_copia_e_cola,405500.05,1994218.47,1588718.42,41713.5,447213.55,16,True,False,False,0.796662,0.906726,0
chave_pix,272469.96,1171050.34,898580.38,45309.1,317779.06,0,True,True,True,0.767329,0.857419,0
chave_pix,633588.01,638968.36,5380.35,0.01,633588.02,10,False,False,False,0.00842,1.0,1
pix_copia_e_cola,732077.43,4520799.9,3788722.47,55640.49,787717.92,14,False,False,False,0.838065,0.929365,0
chave_pix,14533.69,15399.06,865.37,33054.04,47587.73,10,False,False,False,0.056196,0.305408,0
pix_copia_e_cola,338969.71,1521622.58,1182652.87,80742.6,419712.31,19,False,False,False,0.777231,0.807624,0
chave_pix,723176.66,1168212.92,445036.26,106408.21,829584.87,20,True,True,True,0.380955,0.871733,0
chave_pix,1845164.04,12605817.31,10760653.27,18930.68,1864094.72,10,True,False,False,0.853626,0.989845,0
chave_pix,460788.85,816517.3,355728.45,7924.06,468712.91,18,False,False,False,0.435666,0.983094,0
chave_pix,5809545.02,5815354.565019999,5809.55,0.01,5809545.03,19,False,False,False,0.000999,1.0,1
chave_pix,825891.13,1239470.68,413579.55,15300.04,841191.17,14,False,False,False,0.333674,0.981811,0
pix_copia_e_cola,2346446.3,11386690.24,9040243.94,14423.88,2360870.18,8,True,False,False,0.793931,0.99389,0
chave_pix,271003.53,746572.34,475568.81,50328.9,321332.43,18,True,False,False,0.637003,0.843374,0
dados_bancarios,3910641.05,13978866.75,10068225.7,43281.01,3953922.06,12,True,False,False,0.720246,0.989054,0
chave_pix,163752.68,575903.43,412150.75,13462.74,177215.42,1,False,True,True,0.715659,0.924032,0
chave_pix,803557.63,2928880.31,2125322.68,9188.74,812746.37,13,False,False,False,0.725643,0.988694,0
pix_copia_e_cola,864027.57,8469203.14,7605175.57,29459.81,893487.38,16,False,False,False,0.89798,0.967028,0
chave_pix,198166.83,1059610.5,861443.67,7434.89,205601.72,14,True,False,False,0.812981,0.963838,0
dados_bancarios,1027914.0,3134743.17,2106829.17,30526.01,1058440.01,18,True,False,False,0.67209,0.971159,0
chave_pix,720385.31,3542244.76,2821859.45,56021.9,776407.21,16,True,False,False,0.79663,0.927845,0
chave_pix,3078406.95,3302069.79,223662.84,7161.42,3085568.37,9,False,False,False,0.067734,0.997679,0
chave_pix,114753.72,461880.86,347127.14,382.05,115135.77,3,True,True,True,0.751551,0.996682,1
chave_pix,337965.51,691419.33,353453.82,5270.9,343236.41,10,True,False,False,0.5112,0.984644,1
chave_pix,568676.43,1935757.99,1367081.56,22665.22,591341.65,14,False,False,False,0.706225,0.961672,0
pix_copia_e_cola,1612421.78,12598939.33,10986517.55,23008.59,1635430.37,13,False,False,False,0.872019,0.985931,0
chave_pix,908208.9,6902380.9,5994172.0,31849.02,940057.92,15,False,False,False,0.868421,0.96612,0
dados_bancarios,252233.21,2649604.87,2397371.66,8949.5,261182.71,18,True,False,False,0.904803,0.965735,0
chave_pix,412611.74,674013.4,261401.66,44309.67,456921.41,23,False,True,True,0.387829,0.903026,0
chave_pix,1753474.29,13389812.05,11636337.76,117706.88,1871181.17,19,True,False,False,0.869044,0.937095,0
chave_pix,644034.26,2216247.84,1572213.58,6988.21,651022.47,15,False,False,False,0.709403,0.989266,0
chave_pix,43996.54,44040.54,44.0,84.29,44080.83,14,False,False,False,0.000999,0.998088,1
dados_bancarios,202044.38,2871001.79,2668957.41,19468.76,221513.14,16,True,False,False,0.929626,0.91211,0
chave_pix,415648.37,1970747.72,1555099.35,8074.94,423723.31,10,False,False,False,0.789091,0.980943,0
chave_pix,185275.33,1286296.91,1101021.58,4486.84,189762.17,8,False,False,False,0.855962,0.976355,0
chave_pix,703100.28,3729580.67,3026480.39,155184.21,858284.49,16,True,False,False,0.81148,0.819193,0
dados_bancarios,89055.33,89144.38532999999,89.06,1893.2,90948.53,9,False,False,False,0.000999,0.979184,1
dados_bancarios,959018.79,959977.81,959.02,2550.97,961569.76,3,True,True,True,0.000999,0.997347,1
pix_copia_e_cola,154515.07,154669.58507,154.52,45609.48,200124.55,16,False,False,False,0.000999,0.772095,0
dados_bancarios,83597.43,851840.27,768242.84,15148.48,98745.91,23,True,True,True,0.901863,0.846591,0
dados_bancarios,64916.7,709546.3,644629.6,7065.33,71982.03,14,True,False,False,0.90851,0.901846,0
chave_pix,2712049.27,2862224.99,150175.72,340.23,2712389.5,8,True,False,False,0.052468,0.999875,1
dados_bancarios,901310.07,902211.3800699998,901.31,16740.14,918050.21,11,False,False,False,0.000999,0.981766,0
chave_pix,550741.74,1420537.82,869796.08,123419.94,674161.68,14,True,False,False,0.612301,0.816928,0
chave_pix,2337772.77,9143480.18,6805707.41,6935.72,2344708.49,13,True,False,False,0.744324,0.997042,0
dados_bancarios,52414.35,576385.14,523970.79,12041.16,64455.51,20,True,True,True,0.909064,0.813186,0
chave_pix,0.01,232813.88,232813.87,38273.42,38273.43,21,True,True,False,1.0,0.0,0
chave_pix,635703.22,4359252.72,3723549.5,50877.9,686581.12,21,False,True,True,0.854172,0.925897,0
pix_copia_e_cola,375280.77,1286121.25,910840.48,11042.86,386323.63,10,True,False,False,0.708207,0.971416,0
pix_copia_e_cola,377063.37,765124.45,388061.08,43009.42,420072.79,19,True,False,False,0.507187,0.897614,0
chave_pix,565285.69,1868095.47,1302809.78,83831.74,649117.43,14,False,False,False,0.6974,0.870853,0
chave_pix,253178.72,469850.91,216672.19,260.91,253439.63,4,True,True,True,0.461151,0.998971,1
pix_copia_e_cola,683101.04,1759590.23,1076489.19,3192.83,686293.87,17,True,False,False,0.611784,0.995348,0
chave_pix,662365.05,3456738.16,2794373.11,128136.93,790501.98,17,False,False,False,0.808384,0.837904,0
chave_pix,1269479.45,5507210.2,4237730.75,151449.61,1420929.06,10,False,False,False,0.769488,0.893415,0
chave_pix,140523.4,198096.51,57573.11,187.14,140710.54,18,True,False,False,0.290632,0.99867,1
chave_pix,1156239.05,3521950.76,2365711.71,21406.83,1177645.88,8,True,False,False,0.671705,0.981822,0
dados_bancarios,1486241.83,6707375.01,5221133.18,30867.97,1517109.8,14,True,False,False,0.778417,0.979653,0
chave_pix,1322778.32,6645965.68,5323187.36,28236.77,1351015.09,20,False,True,True,0.800965,0.9791,0
chave_pix,20296.68,20316.98,20.3,229.64,20526.32,1,False,True,True,0.000999,0.988812,1
chave_pix,2614461.06,21798655.19,19184194.13,30251.28,2644712.34,15,True,False,False,0.880063,0.988562,0
chave_pix,676734.6,3020787.08,2344052.48,27438.62,704173.22,11,True,False,False,0.775974,0.961034,0
pix_copia_e_cola,945407.7,1572564.48,627156.78,7577.77,952985.47,7,True,False,False,0.398811,0.992048,1
chave_pix,297241.4,297538.64139999996,297.24,1346.73,298588.13,16,True,False,False,0.000999,0.99549,0
dados_bancarios,14400.15,76311.25,61911.1,4056.19,18456.34,14,False,False,False,0.811297,0.780228,1
chave_pix,461907.35,990683.88,528776.53,17759.81,479667.16,14,True,False,False,0.533749,0.962975,0
chave_pix,1745844.92,17854175.16,16108330.24,13000.14,1758845.06,9,True,False,False,0.902216,0.992609,0
chave_pix,39241.43,950909.32,911667.89,28490.54,67731.97,0,True,True,True,0.958733,0.579363,0
dados_bancarios,190234.41,190424.64440999998,190.23,36311.65,226546.06,17,False,False,False,0.000999,0.839716,0
pix_copia_e_cola,154382.67,1759999.06,1605616.39,331269.05,485651.72,13,True,False,False,0.912283,0.317888,0
chave_pix,2212731.14,12172893.41,9960162.27,18636.26,2231367.4,19,True,False,False,0.818225,0.991648,0
chave_pix,0.01,0.01001,0.0,359.73,359.74,4,False,True,False,0.0,2.8e-05,1
chave_pix,213351.19,213564.54119,213.35,47700.33,261051.52,16,False,False,False,0.000999,0.817276,0
chave_pix,223968.31,852739.83,628771.52,15266.43,239234.74,21,True,True,True,0.737354,0.936186,0
pix_copia_e_cola,2718733.9,6880694.45,4161960.55,9080.02,2727813.92,9,False,False,False,0.604875,0.996671,0
chave_pix,593366.54,2416301.24,1822934.7,19323.68,612690.22,19,True,False,False,0.754432,0.968461,0
dados_bancarios,291904.52,1910973.29,1619068.77,8659.0,300563.52,17,False,False,False,0.847248,0.971191,0
chave_pix,882251.85,883134.1018499999,882.25,197.41,882449.26,9,True,False,False,0.000999,0.999776,1
chave_pix,242553.92,242796.47392,242.55,10701.09,253255.01,3,True,True,True,0.000999,0.957746,0
chave_pix,504292.23,1874112.76,1369820.53,25722.06,530014.29,17,True,False,False,0.730917,0.951469,0
chave_pix,419568.75,4530227.94,4110659.19,16901.86,436470.61,19,False,False,False,0.907385,0.961276,0
chave_pix,487263.48,1711779.03,1224515.55,5917.19,493180.67,19,True,False,False,0.715347,0.988002,0
chave_pix,238187.65,384289.95,146102.3,4555.63,242743.28,23,True,True,True,0.380188,0.981233,0
chave_pix,282888.68,330806.86,47918.18,7531.16,290419.84,21,True,True,True,0.144852,0.974068,0
chave_pix,284660.56,1288216.81,1003556.25,30487.99,315148.55,11,False,False,False,0.779027,0.903258,0
chave_pix,516239.49,1502671.57,986432.08,5383.22,521622.71,10,True,False,False,0.656452,0.98968,0
chave_pix,219437.99,307127.61,87689.62,110.44,219548.43,3,False,True,True,0.285515,0.999497,1
dados_bancarios,835109.83,3499613.12,2664503.29,23026.98,858136.81,14,True,False,False,0.761371,0.973166,0
chave_pix,388300.38,656509.55,268209.17,33309.7,421610.08,18,False,False,False,0.408538,0.920994,0
chave_pix,1893382.0,12955919.24,11062537.24,167250.45,2060632.45,16,True,False,False,0.85386,0.918835,0
chave_pix,338125.64,338463.76564,338.13,6685.3,344810.94,19,True,False,False,0.000999,0.980612,0
chave_pix,10181834.5,10538548.87,356714.37,15053.23,10196887.73,18,False,False,False,0.033849,0.998524,1
chave_pix,144511.47,144655.98147,144.51,55009.86,199521.33,11,False,False,False,0.000999,0.724291,0
dados_bancarios,332639.5,2334692.8,2002053.3,34566.14,367205.64,14,False,False,False,0.857523,0.905867,0
chave_pix,1030560.45,2724335.59,1693775.14,23756.13,1054316.58,17,True,False,False,0.62172,0.977468,0
chave_pix,121858.53,1091778.82,969920.29,23719.75,145578.28,21,True,True,True,0.888385,0.837065,0
dados_bancarios,1879688.78,4782957.68,2903268.9,73812.84,1953501.62,16,True,False,False,0.607003,0.962215,0
pix_copia_e_cola,410367.53,1679661.81,1269294.28,23585.3,433952.83,18,True,False,False,0.755684,0.94565,0
chave_pix,1015144.02,2835962.05,1820818.03,8558.46,1023702.48,11,True,False,False,0.642046,0.99164,0
pix_copia_e_cola,3862390.55,34796306.88,30933916.33,27333.04,3889723.59,9,True,False,False,0.889,0.992973,0
chave_pix,441407.95,1798077.81,1356669.86,47585.01,488992.96,11,False,False,False,0.754511,0.902688,0
chave_pix,581049.58,2206247.74,1625198.16,28792.87,609842.45,21,True,True,True,0.736634,0.952786,0
chave_pix,2648889.68,4338426.36,1689536.68,21327.07,2670216.75,11,False,False,False,0.389435,0.992013,0
dados_bancarios,217101.37,217318.47136999998,217.1,27911.37,245012.74,23,False,True,True,0.000999,0.886082,0
chave_pix,432017.59,2026826.63,1594809.04,19126.47,451144.06,10,True,False,False,0.78685,0.957605,0
chave_pix,486515.04,2932405.17,2445890.13,5624.07,492139.11,19,False,False,False,0.83409,0.988572,0
chave_pix,3688348.95,17467784.4,13779435.45,192743.33,3881092.28,17,True,False,False,0.788848,0.950338,0
chave_pix,423011.28,3665319.96,3242308.68,7519.32,430530.6,18,True,False,False,0.884591,0.982535,0
chave_pix,896249.93,1131768.14,235518.21,44046.02,940295.95,13,True,False,False,0.208098,0.953157,0
chave_pix,317205.52,1657913.39,1340707.87,1368.71,318574.23,18,False,False,False,0.808672,0.995704,0
chave_pix,624852.38,2049959.44,1425107.06,3737.74,628590.12,10,False,False,False,0.695188,0.994054,0
chave_pix,297998.03,2328065.3,2030067.27,55907.74,353905.77,18,True,False,False,0.871998,0.842026,0
chave_pix,1527060.7,10874866.41,9347805.71,5282.55,1532343.25,11,True,False,False,0.859579,0.996553,0
chave_pix,837702.56,3982935.23,3145232.67,23409.66,861112.22,19,False,False,False,0.789677,0.972815,0
chave_pix,77798.95,223793.04,145994.09,76363.52,154162.47,16,False,False,False,0.652362,0.504656,0
chave_pix,71921.7,97280.16,25358.46,8841.74,80763.44,1,True,True,True,0.260675,0.890523,1
dados_bancarios,0.01,801083.17,801083.16,8488.91,8488.92,7,True,False,False,1.0,1e-06,0
chave_pix,587124.91,1786019.73,1198894.82,162658.79,749783.7,23,True,True,True,0.671266,0.783059,0
chave_pix,2945541.96,10630251.64,7684709.68,8008.48,2953550.44,9,True,False,False,0.722909,0.997289,0
chave_pix,751710.22,2768294.68,2016584.46,38410.23,790120.45,11,False,False,False,0.728457,0.951387,0
dados_bancarios,68333.25,183640.37,115307.12,1827.49,70160.74,18,True,False,False,0.627896,0.973953,0
chave_pix,200691.89,3825028.11,3624336.22,37915.75,238607.64,15,True,False,False,0.947532,0.841096,0
pix_copia_e_cola,480630.17,729947.03,249316.86,6770.9,487401.07,19,True,False,False,0.341555,0.986108,0
chave_pix,10124086.25,90125221.49,80001135.24,48661.18,10172747.43,16,False,False,False,0.887666,0.995217,0
chave_pix,2401528.61,6413337.57,4011808.96,14880.19,2416408.8,10,False,False,False,0.625542,0.993842,0
chave_pix,58912.28,713267.26,654354.98,19873.18,78785.46,16,True,False,False,0.917405,0.747756,0
chave_pix,229193.12,1425320.68,1196127.56,8860.3,238053.42,18,False,False,False,0.839199,0.96278,0
pix_copia_e_cola,202887.77,203090.66,202.89,281.49,203169.26,3,True,True,True,0.000999,0.998615,1
pix_copia_e_cola,1048809.01,1195290.13,146481.12,23584.87,1072393.88,20,False,True,True,0.122549,0.978007,0
chave_pix,118497.39,267155.42,148658.03,1637.37,120134.76,9,True,False,False,0.556448,0.986371,1
chave_pix,8327670.77,12381225.75,4053554.98,164.28,8327835.05,11,True,False,False,0.327395,0.99998,1
dados_bancarios,290509.83,290800.33983,290.51,45086.77,335596.6,12,False,False,False,0.000999,0.865652,0
chave_pix,3507365.41,13641306.57,10133941.16,27462.75,3534828.16,15,True,False,False,0.742886,0.992231,0
chave_pix,44712.51,211472.12,166759.61,417413.32,462125.83,13,False,False,False,0.788565,0.096754,0
dados_bancarios,342409.92,1091575.43,749165.51,24971.04,367380.96,15,True,False,False,0.686316,0.93203,0
chave_pix,1508138.09,9130110.1,7621972.01,14174.29,1522312.38,8,False,False,False,0.834817,0.990689,0
chave_pix,2416622.12,10029599.25,7612977.13,8469.72,2425091.84,15,True,False,False,0.759051,0.996507,0
chave_pix,2427406.82,6306193.17,3878786.35,21656.73,2449063.55,22,False,True,True,0.615076,0.991157,0
chave_pix,1012027.68,4415150.55,3403122.87,2041.12,1014068.8,15,False,False,False,0.770783,0.997987,0
chave_pix,844767.68,1896978.85,1052211.17,5450.94,850218.62,21,True,True,True,0.554677,0.993589,0
dados_bancarios,558238.19,1077737.61,519499.42,9378.63,567616.82,0,True,True,True,0.482028,0.983477,0
chave_pix,206187.2,1619119.4,1412932.2,49459.99,255647.19,17,True,False,False,0.872655,0.80653,0
chave_pix,6538181.0,81098938.51,74560757.51,24611.75,6562792.75,13,False,False,False,0.91938,0.99625,0
dados_bancarios,592614.93,6082450.48,5489835.55,227013.86,819628.79,13,True,False,False,0.90257,0.723028,0
chave_pix,1093684.54,3865011.3,2771326.76,15468.22,1109152.76,9,True,False,False,0.717029,0.986054,0
pix_copia_e_cola,1695060.28,1757844.61,62784.33,1029.84,1696090.12,8,True,False,False,0.035717,0.999393,1
dados_bancarios,186375.38,195748.29,9372.91,193.73,186569.11,20,True,True,True,0.047882,0.998962,1
chave_pix,10010230.57,39779841.35,29769610.78,29422.5,10039653.07,15,False,False,False,0.748359,0.997069,0
pix_copia_e_cola,440811.18,1119229.65,678418.47,5352.36,446163.54,18,False,False,False,0.606148,0.988004,0
chave_pix,1570287.19,4741653.1,3171365.91,71213.28,1641500.47,10,True,False,False,0.668831,0.956617,0
chave_pix,379999.52,1904492.64,1524493.12,38802.52,418802.04,14,True,False,False,0.800472,0.907349,0
chave_pix,1303029.52,1304332.55,1303.03,133.18,1303162.7,5,True,True,True,0.000999,0.999898,1
pix_copia_e_cola,1424750.32,4830479.03,3405728.71,18346.15,1443096.47,14,True,False,False,0.70505,0.987287,0
chave_pix,624880.51,1825791.77,1200911.26,14430.2,639310.71,16,False,False,False,0.657748,0.977429,0
chave_pix,217531.34,2014912.34,1797381.0,8378.97,225910.31,13,True,False,False,0.892039,0.96291,0
chave_pix,272780.52,1193448.61,920668.09,15684.9,288465.42,20,False,True,True,0.771435,0.945626,0
chave_pix,286567.34,1187152.41,900585.07,20501.93,307069.27,21,False,True,True,0.758609,0.933234,0
chave_pix,617879.44,5208560.46,4590681.02,81827.53,699706.97,13,True,False,False,0.881372,0.883055,0
dados_bancarios,220023.33,2304220.59,2084197.26,131896.28,351919.61,10,False,False,False,0.904513,0.625209,0
chave_pix,5689516.13,5695205.65,5689.52,276.15,5689792.28,19,True,False,False,0.000999,0.999951,1
chave_pix,4730917.24,43803047.8,39072130.56,4971.01,4735888.25,9,True,False,False,0.891996,0.99895,0
chave_pix,124078.4,622292.23,498213.83,46742.37,170820.77,16,True,False,False,0.800611,0.726366,0
dados_bancarios,158428.15,1181374.87,1022946.72,30129.96,188558.11,22,True,True,True,0.865895,0.840209,0
chave_pix,8006.26,843098.88,835092.62,24062.59,32068.85,17,True,False,False,0.990504,0.249658,0
chave_pix,2411494.58,7311272.71,4899778.13,95610.54,2507105.12,11,False,False,False,0.670168,0.961864,0
chave_pix,50219.82,448273.46,398053.64,177668.48,227888.3,17,True,False,False,0.887971,0.22037,0
pix_copia_e_cola,2099206.36,3638047.09,1538840.73,17152.87,2116359.23,12,True,False,False,0.422985,0.991895,0
chave_pix,2734478.58,29910759.49,27176280.91,6616.68,2741095.26,12,False,False,False,0.908579,0.997586,0
chave_pix,673349.5,2609667.03,1936317.53,1008.73,674358.23,8,False,False,False,0.741979,0.998504,0
dados_bancarios,571095.87,3814185.78,3243089.91,13218.71,584314.58,12,True,False,False,0.850271,0.977377,0
chave_pix,335616.53,335952.14652999997,335.62,0.01,335616.54,3,False,True,True,0.000999,1.0,1
chave_pix,1528384.75,8763719.05,7235334.3,9945.47,1538330.22,14,True,False,False,0.825601,0.993535,0
dados_bancarios,625461.86,2992514.17,2367052.31,63448.75,688910.61,12,True,False,False,0.790991,0.9079,0
chave_pix,1176467.61,2252791.73,1076324.12,6051.44,1182519.05,12,True,False,False,0.477773,0.994883,0
chave_pix,204030.2,204234.23,204.03,613.03,204643.23,17,True,False,False,0.000999,0.997004,1
chave_pix,10000000.0,15146060.87,5146060.87,22.5,10000022.5,10,True,False,False,0.339762,0.999998,1
dados_bancarios,807800.36,4132833.27,3325032.91,55627.7,863428.06,16,False,False,False,0.804541,0.935573,0
chave_pix,424155.38,3801367.39,3377212.01,18409.16,442564.54,22,True,True,True,0.88842,0.958403,0
dados_bancarios,91152.0,277842.73,186690.73,937.38,92089.38,23,True,True,True,0.67193,0.989821,1
chave_pix,476116.98,476593.0969799999,476.12,468.88,476585.86,13,True,False,False,0.000999,0.999016,1
pix_copia_e_cola,744995.31,2241263.55,1496268.24,33315.2,778310.51,14,False,False,False,0.6676,0.957195,0
dados_bancarios,2429645.63,27390567.3,24960921.67,11533.62,2441179.25,15,True,False,False,0.911296,0.995275,0
chave_pix,249680.4,1707792.44,1458112.04,17346.26,267026.66,16,True,False,False,0.853799,0.935039,0
chave_pix,674521.17,3385365.03,2710843.86,21090.34,695611.51,15,False,False,False,0.800754,0.969681,0
dados_bancarios,19179.85,999062.78,979882.93,40157.64,59337.49,19,False,False,False,0.980802,0.323233,0
chave_pix,99751.19,293939.62,194188.43,960.61,100711.8,14,False,False,False,0.660641,0.990462,1
chave_pix,536471.92,1733028.85,1196556.93,45367.91,581839.83,9,False,False,False,0.690443,0.922027,0
chave_pix,688610.09,3420296.43,2731686.34,13086.84,701696.93,17,True,False,False,0.798669,0.98135,0
dados_bancarios,881159.74,2019884.46,1138724.72,35622.45,916782.19,20,True,True,True,0.563757,0.961144,0
chave_pix,176253.44,447562.44,271309.0,22255.7,198509.14,10,True,False,False,0.606193,0.887886,0
chave_pix,577990.25,2762864.28,2184874.03,2607.53,580597.78,15,False,False,False,0.7908,0.995509,0
dados_bancarios,454300.33,712592.67,258292.34,14414.84,468715.17,10,False,False,False,0.362468,0.969246,0
chave_pix,660746.19,724127.77,63381.58,22.91,660769.1,1,True,True,True,0.087528,0.999965,1
chave_pix,267114.4,655231.82,388117.42,72774.85,339889.25,20,False,True,True,0.592336,0.785887,0
chave_pix,1000528.03,2894706.16,1894178.13,7075.21,1007603.24,17,True,False,False,0.654359,0.992978,0
chave_pix,2109295.49,15490796.99,13381501.5,35550.91,2144846.4,16,True,False,False,0.863836,0.983425,0
chave_pix,308059.58,4508533.37,4200473.79,19561.86,327621.44,12,False,False,False,0.931672,0.940291,0
dados_bancarios,103147.86,1353352.52,1250204.66,31453.76,134601.62,17,True,False,False,0.923783,0.76632,0
pix_copia_e_cola,1497536.46,4828655.7,3331119.24,4134.93,1501671.39,8,True,False,False,0.689865,0.997246,0
chave_pix,456431.93,6670055.49,6213623.56,49656.75,506088.68,20,True,True,True,0.93157,0.901881,0
chave_pix,198043.93,438356.1,240312.17,82.17,198126.1,14,True,False,False,0.548212,0.999585,1
dados_bancarios,0.01,6841.39,6841.38,0.01,0.02,12,True,False,False,0.999999,0.5,1
dados_bancarios,719291.16,3599000.05,2879708.89,1946.81,721237.97,23,False,True,True,0.800141,0.997301,0
chave_pix,234762.82,1112442.47,877679.65,16399.8,251162.62,0,True,True,True,0.788966,0.934704,0
chave_pix,2198944.94,3566372.17,1367427.23,24029.3,2222974.24,12,True,False,False,0.383422,0.98919,0
chave_pix,220305.98,220526.28598,220.31,531.3,220837.28,13,True,False,False,0.000999,0.997594,1
chave_pix,0.01,0.01001,0.0,1059.3,1059.31,0,True,True,False,0.0,9e-06,1
chave_pix,0.01,0.01001,0.0,12901.57,12901.58,22,False,True,False,0.0,1e-06,0
chave_pix,0.01,108656.14,108656.13,1346.58,1346.59,10,False,False,False,1.0,7e-06,1
dados_bancarios,294917.24,1087628.62,792711.38,72788.72,367705.96,2,True,True,True,0.728844,0.802046,0
chave_pix,14577.47,1188584.88,1174007.41,8715.15,23292.62,18,False,False,False,0.987735,0.625841,0
pix_copia_e_cola,46040.65,391871.78,345831.13,12306.6,58347.25,0,True,True,True,0.882511,0.78908,0
chave_pix,596566.3,2431313.6,1834747.3,103668.46,700234.76,23,True,True,True,0.754632,0.851952,0
chave_pix,243262.49,364741.11,121478.62,1479.7,244742.19,9,False,False,False,0.333054,0.993954,1
chave_pix,691943.59,3424999.76,2733056.17,22464.26,714407.85,18,False,False,False,0.797973,0.968555,0
pix_copia_e_cola,958802.07,5613553.15,4654751.08,52665.68,1011467.75,19,True,False,False,0.829199,0.947931,0
dados_bancarios,613054.18,2554218.76,1941164.58,50240.47,663294.65,13,True,False,False,0.759984,0.924256,0
pix_copia_e_cola,2691482.39,18754372.1,16062889.71,47691.88,2739174.27,10,True,False,False,0.856488,0.982589,0
chave_pix,2161169.94,2758527.47,597357.53,2258.76,2163428.7,4,False,True,True,0.216549,0.998956,1
chave_pix,268464.61,1018652.71,750188.1,42342.69,310807.3,19,True,False,False,0.736451,0.863765,0
dados_bancarios,261741.69,556707.24,294965.55,110.24,261851.93,22,True,True,True,0.52984,0.999579,1
chave_pix,1560013.38,5623363.94,4063350.56,5588.42,1565601.8,16,True,False,False,0.722584,0.99643,0
pix_copia_e_cola,842554.02,1042423.54,199869.52,138.59,842692.61,4,True,True,True,0.191735,0.999836,1
pix_copia_e_cola,0.01,138528.81,138528.8,8493.61,8493.62,19,True,False,False,1.0,1e-06,0
chave_pix,136565.13,329672.71,193107.58,174.25,136739.38,15,True,False,False,0.585755,0.998726,1
chave_pix,296814.0,2161688.37,1864874.37,109342.39,406156.39,20,True,True,True,0.862693,0.730787,0
chave_pix,0.01,108434.68,108434.67,726.43,726.44,16,False,False,False,1.0,1.4e-05,1
chave_pix,678878.81,1505990.83,827112.02,4395.92,683274.73,13,True,False,False,0.549215,0.993566,0
dados_bancarios,391189.67,1214721.96,823532.29,26086.06,417275.73,12,False,False,False,0.677959,0.937485,0
chave_pix,195040.69,1564536.94,1369496.25,47725.0,242765.69,22,False,True,True,0.875336,0.803411,0
dados_bancarios,1030085.42,1618887.45,588802.03,165589.03,1195674.45,8,False,False,False,0.363708,0.86151,0
chave_pix,548278.96,1958335.01,1410056.05,11733.77,560012.73,13,True,False,False,0.720028,0.979047,0
pix_copia_e_cola,654799.11,1407860.1,753060.99,274.58,655073.69,5,False,True,True,0.534898,0.999581,1
chave_pix,7618257.57,10662968.82,3044711.25,0.01,7618257.58,13,False,False,False,0.285541,1.0,1
dados_bancarios,950747.7,9727054.76,8776307.06,17018.7,967766.4,21,True,True,True,0.902257,0.982414,0
pix_copia_e_cola,984007.8,4591286.1,3607278.3,16655.41,1000663.21,19,False,False,False,0.785679,0.983356,0
pix_copia_e_cola,603972.23,1149375.81,545403.58,17987.84,621960.07,15,False,False,False,0.474522,0.971079,0
pix_copia_e_cola,1084113.46,3988230.2,2904116.74,19669.17,1103782.63,21,True,True,True,0.728172,0.98218,0
dados_bancarios,245392.79,1184538.44,939145.65,130920.88,376313.67,19,True,False,False,0.792837,0.652096,0
dados_bancarios,1197750.02,2901375.16,1703625.14,6842.74,1204592.76,18,False,False,False,0.587179,0.994319,0
chave_pix,2298482.55,10929458.77,8630976.22,38084.92,2336567.47,8,False,False,False,0.789698,0.9837,0
chave_pix,246639.88,2702620.04,2455980.16,33488.93,280128.81,19,False,False,False,0.90874,0.880452,0
chave_pix,382457.7,835488.38,453030.68,102989.84,485447.54,18,True,False,False,0.542235,0.787846,0
chave_pix,0.01,18851.9,18851.89,3109.94,3109.95,19,True,False,False,0.999999,3e-06,1
chave_pix,634914.72,3246188.46,2611273.74,94819.05,729733.77,16,True,False,False,0.804412,0.870064,0
pix_copia_e_cola,414818.05,3577325.36,3162507.31,28465.13,443283.18,22,False,True,True,0.884042,0.935786,0
chave_pix,120589.48,908675.36,788085.88,12712.52,133302.0,22,True,True,True,0.867291,0.904634,0
chave_pix,175250.35,475765.82,300515.47,33957.16,209207.51,0,False,True,True,0.631646,0.837687,0
pix_copia_e_cola,1336919.56,7591421.86,6254502.3,4730.45,1341650.01,18,True,False,False,0.823891,0.996474,0
chave_pix,904202.13,2530678.24,1626476.11,7936.0,912138.13,15,True,False,False,0.642704,0.9913,0
dados_bancarios,1179914.95,16163053.33,14983138.38,46933.62,1226848.57,14,True,False,False,0.926999,0.961745,0
pix_copia_e_cola,1005768.48,2439858.44,1434089.96,5176.93,1010945.41,19,True,False,False,0.587776,0.994879,0
chave_pix,207065.15,700327.38,493262.23,10037.25,217102.4,15,True,False,False,0.704331,0.953767,0
chave_pix,347645.9,2782975.47,2435329.57,27675.9,375321.8,16,True,False,False,0.875081,0.926261,0
chave_pix,1828950.86,10987207.77,9158256.91,11243.36,1840194.22,8,True,False,False,0.833538,0.99389,0
chave_pix,416291.92,416708.2119199999,416.29,525.47,416817.39,2,False,True,True,0.000999,0.998739,1
dados_bancarios,387346.69,1009194.09,621847.4,3100.57,390447.26,11,True,False,False,0.616182,0.992059,0
dados_bancarios,188546.14,3185345.22,2996799.08,23084.07,211630.21,11,False,False,False,0.940808,0.890923,0
chave_pix,553833.03,6015211.33,5461378.3,73671.54,627504.57,18,False,False,False,0.907928,0.882596,0
chave_pix,820001.98,3352314.13,2532312.15,12232.55,832234.53,18,False,False,False,0.755392,0.985302,0
dados_bancarios,1343585.11,1387966.92,44381.81,1673.54,1345258.65,18,True,False,False,0.031976,0.998756,1
chave_pix,216486.85,441359.5,224872.65,23974.21,240461.06,20,False,True,True,0.5095,0.900299,0
chave_pix,252652.75,2692655.84,2440003.09,5872.46,258525.21,15,True,False,False,0.90617,0.977285,0
pix_copia_e_cola,89983.28,222520.61,132537.33,100247.97,190231.25,9,True,False,False,0.595618,0.47302,0
chave_pix,407015.36,6320654.8,5913639.44,47476.75,454492.11,18,True,False,False,0.935606,0.895539,0
chave_pix,1143532.58,8326249.43,7182716.85,75159.24,1218691.82,14,True,False,False,0.862659,0.938328,0
chave_pix,319652.52,1394551.83,1074899.31,62812.79,382465.31,18,False,False,False,0.770785,0.835769,0
chave_pix,578035.2,5773377.52,5195342.32,149277.5,727312.7,11,False,False,False,0.899879,0.794755,0
dados_bancarios,736521.51,821996.91,85475.4,3934.22,740455.73,14,True,False,False,0.103985,0.994687,1
chave_pix,27922.48,33900.91,5978.43,9750.95,37673.43,10,False,False,False,0.17635,0.741172,0
chave_pix,168562.9,607504.24,438941.34,42225.58,210788.48,18,True,False,False,0.722532,0.799678,0
pix_copia_e_cola,9757018.14,13569489.21,3812471.07,651.47,9757669.61,3,False,True,True,0.280959,0.999933,1
pix_copia_e_cola,296466.5,1241014.08,944547.58,39164.75,335631.25,21,False,True,True,0.761109,0.88331,0
dados_bancarios,132174.01,132306.18401,132.17,110941.26,243115.27,12,False,False,False,0.000999,0.543668,0
chave_pix,1201788.35,2972669.15,1770880.8,47477.91,1249266.26,11,True,False,False,0.595721,0.961995,0
dados_bancarios,1240401.83,7286991.85,6046590.02,30293.48,1270695.31,18,False,False,False,0.829779,0.97616,0
chave_pix,2099155.74,9328438.24,7229282.5,60664.74,2159820.48,12,False,False,False,0.774972,0.971912,0
pix_copia_e_cola,26520.2,26546.720199999996,26.52,400.36,26920.56,15,True,False,False,0.000999,0.985128,1
chave_pix,132298.23,394603.91,262305.68,23138.18,155436.41,22,True,True,True,0.664732,0.851141,0
chave_pix,0.01,1748596.45,1748596.44,66854.47,66854.48,16,True,False,False,1.0,0.0,0
chave_pix,365949.02,1245721.62,879772.6,26299.75,392248.77,19,True,False,False,0.706235,0.932951,0
chave_pix,1045306.76,2590963.87,1545657.11,17264.92,1062571.68,16,True,False,False,0.596557,0.983752,0
chave_pix,190651.59,190842.24158999996,190.65,10307.2,200958.79,8,False,False,False,0.000999,0.94871,0
dados_bancarios,48645.44,48694.085439999995,48.65,2713.06,51358.5,22,False,True,True,0.000999,0.947174,1
chave_pix,408207.87,992426.82,584218.95,24329.74,432537.61,15,True,False,False,0.588677,0.943751,0
chave_pix,381860.78,1153390.53,771529.75,61150.86,443011.64,12,True,False,False,0.668923,0.861966,0
dados_bancarios,3869.87,22384.12,18514.25,27659.2,31529.07,14,False,False,False,0.827115,0.12274,0
chave_pix,403048.46,3962722.42,3559673.96,20973.94,424022.4,16,False,False,False,0.89829,0.950536,0
chave_pix,1108929.52,5766920.53,4657991.01,17848.65,1126778.17,16,False,False,False,0.807709,0.98416,0
pix_copia_e_cola,1259448.9,4695657.77,3436208.87,46794.99,1306243.89,13,True,False,False,0.731784,0.964176,0
chave_pix,130372.36,2367862.27,2237489.91,3654.24,134026.6,7,True,False,False,0.944941,0.972735,0
pix_copia_e_cola,1153644.99,1342980.2,189335.21,740.89,1154385.88,3,False,True,True,0.140981,0.999358,1
pix_copia_e_cola,517614.62,3609026.69,3091412.07,8101.73,525716.35,16,False,False,False,0.856578,0.984589,0
chave_pix,769630.78,5166839.01,4397208.23,19457.63,789088.41,17,False,False,False,0.851044,0.975342,0
dados_bancarios,220035.2,2482395.9,2262360.7,12907.04,232942.24,14,False,False,False,0.911362,0.944591,0
chave_pix,878044.43,7417778.9,6539734.47,18690.34,896734.77,10,True,False,False,0.88163,0.979157,0
pix_copia_e_cola,177543.91,1762773.49,1585229.58,20782.38,198326.29,15,False,False,False,0.899281,0.895211,0
chave_pix,2075683.18,7101969.64,5026286.46,26891.55,2102574.73,10,False,False,False,0.707731,0.98721,0
chave_pix,1793793.37,5382816.21,3589022.84,103573.25,1897366.62,9,True,False,False,0.666756,0.945412,0
pix_copia_e_cola,0.01,393207.04,393207.03,7842.98,7842.99,12,False,False,False,1.0,1e-06,0
chave_pix,501672.24,1570779.61,1069107.37,24985.81,526658.05,11,False,False,False,0.680622,0.952558,0
chave_pix,391226.76,5243687.48,4852460.72,10547.41,401774.17,16,True,False,False,0.925391,0.973748,0
dados_bancarios,2547792.5,2550340.2924999995,2547.79,67.67,2547860.17,17,False,False,False,0.000999,0.999973,1
dados_bancarios,604116.24,937283.32,333167.08,17621.12,621737.36,11,True,False,False,0.35546,0.971658,0
chave_pix,413717.02,425173.78,11456.76,69003.85,482720.87,11,False,False,False,0.026946,0.857052,0
chave_pix,62209.03,62271.23902999999,62.21,253.23,62462.26,11,True,False,False,0.000999,0.995946,1
chave_pix,213229.18,1073209.67,859980.49,17321.16,230550.34,0,True,True,True,0.801316,0.92487,0
chave_pix,407049.11,482499.73,75450.62,12423.09,419472.2,14,True,False,False,0.156374,0.970384,0
dados_bancarios,490921.7,1239032.93,748111.23,21278.52,512200.22,10,True,False,False,0.603786,0.958457,0
chave_pix,65741.0,1123483.07,1057742.07,15775.74,81516.74,11,True,False,False,0.941485,0.806472,0
chave_pix,568747.31,1592731.73,1023984.42,122023.53,690770.84,14,False,False,False,0.642911,0.823352,0
pix_copia_e_cola,518618.92,519137.5389199999,518.62,648.52,519267.44,19,False,False,False,0.000999,0.998751,1
chave_pix,682971.27,3608025.93,2925054.66,4903.64,687874.91,22,True,True,True,0.810708,0.992871,0
chave_pix,337194.92,2090853.93,1753659.01,20794.14,357989.06,22,True,True,True,0.838729,0.941914,0
chave_pix,355148.16,355503.30815999996,355.15,2402.3,357550.46,10,True,False,False,0.000999,0.993281,1
pix_copia_e_cola,655258.57,2546995.16,1891736.59,24585.96,679844.53,12,False,False,False,0.742733,0.963836,0
chave_pix,416421.78,3154301.89,2737880.11,6231.16,422652.94,16,True,False,False,0.867983,0.985257,0
pix_copia_e_cola,191906.27,972108.17,780201.9,15854.37,207760.64,22,True,True,True,0.802588,0.923689,0
chave_pix,33880.36,1116467.31,1082586.95,86528.75,120409.11,11,True,False,False,0.969654,0.281377,0
chave_pix,240018.69,1040696.4,800677.71,95395.54,335414.23,19,False,False,False,0.769367,0.715589,0
chave_pix,779747.61,15562131.25,14782383.64,25980.74,805728.35,12,False,False,False,0.949895,0.967755,0
chave_pix,279198.96,1114965.26,835766.3,51587.06,330786.02,14,True,False,False,0.74959,0.844047,0
chave_pix,813135.86,2584610.9,1771475.04,154078.68,967214.54,10,True,False,False,0.685393,0.840699,0
dados_bancarios,398358.28,2005516.96,1607158.68,6614.88,404973.16,18,False,False,False,0.801369,0.983666,0
dados_bancarios,626163.98,1825290.62,1199126.64,212975.66,839139.64,13,False,False,False,0.656951,0.746198,0
chave_pix,732424.21,3486057.89,2753633.68,17038.33,749462.54,11,False,False,False,0.789899,0.977266,0
chave_pix,190319.02,1148521.12,958202.1,5732.1,196051.12,10,True,False,False,0.834292,0.970762,0
chave_pix,510989.62,3405519.84,2894530.22,123805.41,634795.03,19,True,False,False,0.849953,0.804968,0
dados_bancarios,702361.45,3146061.89,2443700.44,7043.16,709404.61,16,True,False,False,0.776749,0.990072,0
chave_pix,63358.53,429066.89,365708.36,9642.62,73001.15,15,False,False,False,0.852334,0.867911,0
chave_pix,161818.27,831327.88,669509.61,13639.29,175457.56,21,True,True,True,0.80535,0.922264,0
chave_pix,410276.73,3429301.1,3019024.37,18180.75,428457.48,19,True,False,False,0.880361,0.957567,0
chave_pix,365077.5,387117.14,22039.64,21364.61,386442.11,22,False,True,True,0.056933,0.944715,0
chave_pix,372566.8,978445.37,605878.57,45072.92,417639.72,7,True,False,False,0.619226,0.892077,0
chave_pix,171829.08,1775829.19,1604000.11,33721.69,205550.77,16,False,False,False,0.90324,0.835945,0
chave_pix,17239.26,102678.31,85439.05,75989.6,93228.86,18,True,False,False,0.832104,0.184913,0
dados_bancarios,739998.72,2551134.94,1811136.22,94344.54,834343.26,9,False,False,False,0.709934,0.886924,0
dados_bancarios,518474.92,1404696.89,886221.97,15614.2,534089.12,21,False,True,True,0.630899,0.970765,0
chave_pix,376666.28,3146812.99,2770146.71,150207.68,526873.96,20,True,True,True,0.880302,0.714908,0
chave_pix,713102.71,4309104.95,3596002.24,30463.27,743565.98,12,False,False,False,0.834513,0.959031,0
dados_bancarios,336917.97,477800.75,140882.78,42.18,336960.15,8,False,False,False,0.294857,0.999875,1
pix_copia_e_cola,142367.75,1115027.52,972659.77,26663.52,169031.27,14,False,False,False,0.872319,0.842257,0
chave_pix,225085.53,225310.61552999998,225.09,101481.84,326567.37,16,False,False,False,0.000999,0.689247,0
chave_pix,81694.7,571225.69,489530.99,142304.09,223998.79,9,True,False,False,0.856983,0.36471,0
pix_copia_e_cola,250153.95,693967.96,443814.01,5364.12,255518.07,19,True,False,False,0.639531,0.979007,0
pix_copia_e_cola,478559.71,1205120.45,726560.74,11395.72,489955.43,17,True,False,False,0.602895,0.976741,0
chave_pix,172915.56,173088.48,172.92,769.59,173685.15,16,True,False,False,0.000999,0.995569,1
chave_pix,215567.84,876070.61,660502.77,59859.16,275427.0,16,True,False,False,0.753938,0.782668,0
pix_copia_e_cola,274260.65,911373.82,637113.17,17402.8,291663.45,19,False,False,False,0.699069,0.940333,0
chave_pix,1082726.85,1377815.28,295088.43,12107.88,1094834.73,20,False,True,True,0.214171,0.988941,0
chave_pix,694424.91,7428559.31,6734134.4,7528.85,701953.76,9,False,False,False,0.90652,0.989274,0
pix_copia_e_cola,524926.66,1627681.52,1102754.86,26487.88,551414.54,9,True,False,False,0.6775,0.951964,0
pix_copia_e_cola,2743489.38,2809996.13,66506.75,0.01,2743489.39,13,False,False,False,0.023668,1.0,1
chave_pix,322877.85,651520.53,328642.68,37790.37,360668.22,10,False,False,False,0.504424,0.895221,0
dados_bancarios,651816.29,1030824.05,379007.76,57466.55,709282.84,16,False,False,False,0.367675,0.918979,0
chave_pix,880058.42,6360921.03,5480862.61,39864.54,919922.96,9,True,False,False,0.861646,0.956665,0
chave_pix,685449.74,3231981.22,2546531.48,64515.37,749965.11,15,False,False,False,0.787917,0.913976,0
dados_bancarios,2639126.12,12031196.89,9392070.77,25003.69,2664129.81,16,True,False,False,0.780643,0.990615,0
chave_pix,269100.3,470267.15,201166.85,20501.83,289602.13,20,False,True,True,0.427771,0.929207,0
dados_bancarios,390709.84,4139139.11,3748429.27,193114.54,583824.38,17,False,False,False,0.905606,0.669225,0
dados_bancarios,461723.04,1190722.76,728999.72,10920.79,472643.83,16,False,False,False,0.612233,0.976894,0
pix_copia_e_cola,240189.0,718668.39,478479.39,215751.44,455940.44,19,True,False,False,0.665786,0.526799,0
chave_pix,0.01,708106.66,708106.65,50060.97,50060.98,14,False,False,False,1.0,0.0,0
dados_bancarios,325109.34,938985.28,613875.94,15692.01,340801.35,11,True,False,False,0.653765,0.953956,0
chave_pix,96643.22,1113865.53,1017222.31,195833.62,292476.84,16,True,False,False,0.913236,0.33043,0
pix_copia_e_cola,831576.72,2241736.77,1410160.05,21296.92,852873.64,17,True,False,False,0.629048,0.975029,0
dados_bancarios,974452.84,1466711.8,492258.96,707.86,975160.7,14,True,False,False,0.335621,0.999274,1
chave_pix,73472.41,83762.42,10290.01,0.01,73472.42,19,True,False,False,0.122848,1.0,1
chave_pix,7563536.91,8595030.3,1031493.39,295.9,7563832.81,16,False,False,False,0.12001,0.999961,1
pix_copia_e_cola,395729.21,8257876.92,7862147.71,45265.43,440994.64,21,True,True,True,0.952079,0.897356,0
chave_pix,836993.57,11201870.18,10364876.61,4854.81,841848.38,12,True,False,False,0.925281,0.994233,0
dados_bancarios,881327.83,2942163.58,2060835.75,4506.83,885834.66,12,False,False,False,0.700449,0.994912,0
dados_bancarios,0.01,216064.57,216064.56,187.78,187.79,17,True,False,False,1.0,5.3e-05,1
chave_pix,602432.69,5315000.48,4712567.79,40960.01,643392.7,15,False,False,False,0.886654,0.936337,0
chave_pix,1340.92,1342.26092,1.34,27438.06,28778.98,16,False,False,False,0.000998,0.046594,0
chave_pix,369747.85,2475174.19,2105426.34,15096.38,384844.23,10,True,False,False,0.850617,0.960773,0
chave_pix,339223.33,1921927.26,1582703.93,46200.43,385423.76,19,False,False,False,0.823498,0.880131,0
chave_pix,668595.91,692270.39,23674.48,1605.74,670201.65,6,False,False,False,0.034198,0.997604,1
pix_copia_e_cola,1053793.44,1946898.28,893104.84,66011.89,1119805.33,13,False,False,False,0.458732,0.941051,0
chave_pix,541854.95,1452615.89,910760.94,165005.62,706860.57,11,False,False,False,0.62698,0.766566,0
chave_pix,213167.34,607021.46,393854.12,33683.24,246850.58,14,True,False,False,0.648831,0.863548,0
chave_pix,320671.94,1955137.84,1634465.9,37385.38,358057.32,19,False,False,False,0.835985,0.895588,0
chave_pix,2746623.66,2749370.2836599997,2746.62,1350.99,2747974.65,0,False,True,True,0.000999,0.999508,1
chave_pix,263925.83,302238.92,38313.09,6652.75,270578.58,5,True,True,True,0.126764,0.975413,1
dados_bancarios,202675.34,3667269.84,3464594.5,14109.9,216785.24,14,False,False,False,0.944734,0.934913,0
chave_pix,1285476.59,7753803.87,6468327.28,91688.77,1377165.36,21,True,True,True,0.834213,0.933422,0
chave_pix,306931.11,1502199.77,1195268.66,18965.26,325896.37,19,True,False,False,0.795679,0.941806,0
pix_copia_e_cola,56758.99,224508.66,167749.67,8078.7,64837.69,13,True,False,False,0.747186,0.875401,0
chave_pix,353113.01,353466.12301,353.11,4114.74,357227.75,20,False,True,True,0.000999,0.988481,0
chave_pix,1347129.99,3321451.5,1974321.51,13482.34,1360612.33,16,True,False,False,0.594415,0.990091,0
pix_copia_e_cola,3047176.11,19861990.65,16814814.54,15338.05,3062514.16,8,True,False,False,0.846583,0.994992,0
pix_copia_e_cola,52466.64,734148.21,681681.57,1106.82,53573.46,8,True,False,False,0.928534,0.97934,0
chave_pix,18427.74,18446.16774,18.43,7953.94,26381.68,21,True,True,True,0.000999,0.698505,0
dados_bancarios,289635.84,1117135.43,827499.59,9704.58,299340.42,15,True,False,False,0.740733,0.96758,0
chave_pix,2455564.92,8113221.67,5657656.75,123324.8,2578889.72,9,True,False,False,0.697338,0.952179,0
chave_pix,0.01,90214.88,90214.87,53284.06,53284.07,13,True,False,False,1.0,0.0,0
dados_bancarios,684668.7,685353.3686999999,684.67,50950.95,735619.65,17,True,False,False,0.000999,0.930737,0
chave_pix,687646.33,688333.9763299999,687.65,395.67,688042.0,12,True,False,False,0.000999,0.999425,1
chave_pix,457638.68,458096.31867999997,457.64,1592.79,459231.47,15,False,False,False,0.000999,0.996532,1
dados_bancarios,590289.1,12464300.0,11874010.9,28511.92,618801.02,11,True,False,False,0.952642,0.953924,0
chave_pix,209252.02,2190897.33,1981645.31,79147.87,288399.89,18,True,False,False,0.90449,0.725562,0
chave_pix,127775.57,609091.14,481315.57,18179.4,145954.97,9,True,False,False,0.790219,0.875445,0
chave_pix,2215163.57,20585609.6,18370446.03,43761.49,2258925.06,18,True,False,False,0.892393,0.980627,0
pix_copia_e_cola,6391.6,6464.88,73.28,63176.08,69567.68,16,False,False,False,0.011335,0.091876,1
chave_pix,564764.68,1952524.62,1387759.94,19883.16,584647.84,17,True,False,False,0.710752,0.965991,0
chave_pix,17648193.95,58330325.73,40682131.78,123104.19,17771298.14,7,False,False,False,0.697444,0.993073,0
chave_pix,2795574.23,6691294.7,3895720.47,12480.5,2808054.73,11,False,False,False,0.582207,0.995555,0
chave_pix,661008.8,3412652.4,2751643.6,19857.87,680866.67,22,False,True,True,0.806306,0.970834,0
dados_bancarios,812771.29,5181888.15,4369116.86,15286.11,828057.4,22,True,True,True,0.843152,0.98154,0
pix_copia_e_cola,467818.05,1284579.2,816761.15,65327.71,533145.76,12,True,False,False,0.63582,0.877467,0
chave_pix,284966.38,285251.35,284.97,2087.13,287053.51,14,True,False,False,0.000999,0.992729,0
chave_pix,42422.02,262581.6,220159.58,97442.69,139864.71,19,False,False,False,0.838443,0.303308,0
chave_pix,0.01,1228682.55,1228682.54,60716.01,60716.02,11,False,False,False,1.0,0.0,0
chave_pix,384501.61,4109012.83,3724511.22,23027.88,407529.49,16,True,False,False,0.906425,0.943494,0
chave_pix,290659.35,3269871.72,2979212.37,9367.45,300026.8,14,True,False,False,0.91111,0.968778,0
chave_pix,265947.52,3137063.95,2871116.43,5421.9,271369.42,4,False,True,True,0.915224,0.98002,0
chave_pix,716083.03,5118314.73,4402231.7,100506.8,816589.83,13,True,False,False,0.860094,0.876919,0
dados_bancarios,236202.86,236439.06285999995,236.2,3970.8,240173.66,9,True,False,False,0.000999,0.983467,1
dados_bancarios,488444.87,1470998.54,982553.67,54545.12,542989.99,11,False,False,False,0.66795,0.899547,0
chave_pix,740814.84,8111827.53,7371012.69,70468.17,811283.01,15,True,False,False,0.908675,0.91314,0
chave_pix,760804.56,2150898.72,1390094.16,10281.83,771086.39,11,False,False,False,0.646285,0.986666,0
chave_pix,1625440.19,4875750.94,3250310.75,3862.01,1629302.2,13,False,False,False,0.666628,0.99763,0
chave_pix,183582.07,404020.43,220438.36,48090.71,231672.78,19,False,False,False,0.545612,0.79242,0
chave_pix,392712.78,547549.12,154836.34,3786.4,396499.18,21,True,True,True,0.282781,0.99045,0
chave_pix,252214.43,555064.18,302849.75,51640.73,303855.16,13,False,False,False,0.545612,0.830048,0
chave_pix,273625.2,273898.82519999996,273.63,122.34,273747.54,13,True,False,False,0.000999,0.999553,0
pix_copia_e_cola,3202883.59,19448301.36,16245417.77,19532.01,3222415.6,21,False,True,True,0.835313,0.993939,0
chave_pix,807833.68,6501371.87,5693538.19,40780.43,848614.11,21,True,True,True,0.875744,0.951945,0
chave_pix,1076918.02,2609538.59,1532620.57,12119.29,1089037.31,12,True,False,False,0.587315,0.988872,0
pix_copia_e_cola,128653.39,128782.04338999999,128.65,16664.27,145317.66,14,False,False,False,0.000999,0.885325,0
chave_pix,464603.24,1113150.66,648547.42,4270.37,468873.61,16,False,False,False,0.582623,0.990892,0
pix_copia_e_cola,3027715.29,7480694.53,4452979.24,105029.26,3132744.55,13,True,False,False,0.595263,0.966474,0
dados_bancarios,1361058.11,1362419.16811,1361.06,62346.31,1423404.42,15,True,False,False,0.000999,0.956199,0
chave_pix,1503196.51,3637415.39,2134218.88,50989.98,1554186.49,21,False,True,True,0.58674,0.967192,0
chave_pix,1898111.75,6087613.7,4189501.95,15112.91,1913224.66,22,False,True,True,0.688201,0.992101,0
chave_pix,809448.01,4255321.41,3445873.4,39444.89,848892.9,13,False,False,False,0.80978,0.953534,0
chave_pix,31315.51,45986.59,14671.08,112.16,31427.67,5,True,True,True,0.31903,0.996431,1
chave_pix,1796873.98,2145464.79,348590.81,23.62,1796897.6,19,False,False,False,0.162478,0.999987,1
dados_bancarios,1313249.37,5126000.99,3812751.62,10977.29,1324226.66,18,True,False,False,0.743806,0.99171,0
dados_bancarios,2929355.71,8566318.5,5636962.79,10574.51,2939930.22,10,False,False,False,0.658038,0.996403,0
chave_pix,260462.63,1991107.7,1730645.07,16371.17,276833.8,7,True,False,False,0.869187,0.940863,0
chave_pix,1855906.93,3113890.03,1257983.1,9880.61,1865787.54,11,True,False,False,0.403991,0.994704,0
dados_bancarios,866105.95,2429446.07,1563340.12,22697.83,888803.78,18,False,False,False,0.643497,0.974462,0
dados_bancarios,755856.57,4778353.74,4022497.17,22762.0,778618.57,15,True,False,False,0.841817,0.970766,0
chave_pix,436023.3,1543309.54,1107286.24,12777.65,448800.95,13,True,False,False,0.717475,0.971529,0
chave_pix,403789.75,1493702.91,1089913.16,21621.61,425411.36,14,True,False,False,0.729672,0.949175,0
dados_bancarios,1257323.02,4879535.69,3622212.67,11861.12,1269184.14,12,False,False,False,0.742327,0.990655,0
chave_pix,273981.11,1548377.91,1274396.8,35490.16,309471.27,15,True,False,False,0.823053,0.88532,0
chave_pix,169155.5,410454.25,241298.75,8463.54,177619.04,17,True,False,False,0.587882,0.95235,0
chave_pix,29768.33,1352571.03,1322802.7,44155.08,73923.41,9,True,False,False,0.977991,0.402692,0
chave_pix,818774.42,2253811.49,1435037.07,10519.34,829293.76,16,False,False,False,0.636716,0.987315,0
chave_pix,110489.37,273418.7,162929.33,10827.25,121316.62,19,True,False,False,0.595897,0.910752,0
chave_pix,11603.16,75528.66,63925.5,152093.18,163696.34,20,False,True,True,0.846374,0.070882,0
chave_pix,828762.39,7641220.29,6812457.9,5131.04,833893.43,9,True,False,False,0.891541,0.993847,0
pix_copia_e_cola,326545.38,1437077.93,1110532.55,32885.13,359430.51,19,True,False,False,0.772771,0.908508,0
chave_pix,1233052.85,2233771.71,1000718.86,21924.56,1254977.41,18,False,False,False,0.447995,0.98253,0
dados_bancarios,172514.16,891208.25,718694.09,12647.67,185161.83,20,False,True,True,0.806427,0.931694,0
pix_copia_e_cola,515267.92,533711.9,18443.98,1069.74,516337.66,3,False,True,True,0.034558,0.997928,1
dados_bancarios,842203.74,2083321.72,1241117.98,10234.91,852438.65,17,True,False,False,0.59574,0.987993,0
chave_pix,383824.92,1962985.99,1579161.07,10108.58,393933.5,18,False,False,False,0.804469,0.974339,0
chave_pix,527670.87,1184600.8,656929.93,6023.96,533694.83,13,True,False,False,0.554558,0.988713,0
chave_pix,5500779.52,18178773.34,12677993.82,18376.57,5519156.09,20,True,True,True,0.697406,0.99667,0
chave_pix,476361.33,1567218.36,1090857.03,10548.46,486909.79,0,False,True,True,0.696047,0.978336,0
chave_pix,102166.66,422283.16,320116.5,9808.62,111975.28,10,False,False,False,0.758061,0.912404,0
pix_copia_e_cola,1672327.57,5118178.72,3445851.15,12035.17,1684362.74,10,True,False,False,0.673257,0.992855,0
chave_pix,609992.66,800753.94,190761.28,4136.35,614129.01,13,False,False,False,0.238227,0.993265,1
chave_pix,36060.54,36096.60054,36.06,23866.64,59927.18,18,False,False,False,0.000999,0.601739,0
pix_copia_e_cola,588149.01,3087769.9,2499620.89,63093.21,651242.22,12,False,False,False,0.809523,0.903119,0
chave_pix,1476097.31,5155764.01,3679666.7,43792.42,1519889.73,17,False,False,False,0.7137,0.971187,0
dados_bancarios,383889.85,384273.73984999995,383.89,7878.04,391767.89,10,False,False,False,0.000999,0.979891,0
chave_pix,675033.26,2469915.44,1794882.18,128868.99,803902.25,16,False,False,False,0.726698,0.839696,0
chave_pix,512635.18,3891680.84,3379045.66,2046.61,514681.79,17,True,False,False,0.868274,0.996024,0
chave_pix,848563.03,3855621.39,3007058.36,14218.01,862781.04,15,False,False,False,0.779915,0.983521,0
dados_bancarios,447710.68,4472759.0,4025048.32,43092.57,490803.25,21,False,True,True,0.899903,0.9122,0
chave_pix,1293133.59,22009474.55,20716340.96,7365.5,1300499.09,11,True,False,False,0.941247,0.994336,0
chave_pix,19655298.29,145832493.96,126177195.67,24404.38,19679702.67,13,False,False,False,0.86522,0.99876,0
chave_pix,526408.55,6541690.32,6015281.77,7829.65,534238.2,12,True,False,False,0.91953,0.985344,0
dados_bancarios,357798.68,2677764.01,2319965.33,15358.25,373156.93,21,False,True,True,0.866382,0.958842,0
pix_copia_e_cola,0.01,0.01001,0.0,27697.28,27697.29,14,False,False,False,0.0,0.0,0
chave_pix,549792.09,2450227.13,1900435.04,29250.21,579042.3,21,True,True,True,0.775616,0.949485,0
chave_pix,333245.13,3250446.67,2917201.54,1873.43,335118.56,17,True,False,False,0.897477,0.99441,0
chave_pix,385626.62,2601601.48,2215974.86,38547.45,424174.07,18,True,False,False,0.851773,0.909124,0
dados_bancarios,274776.73,2479776.28,2204999.55,45788.54,320565.27,9,True,False,False,0.889193,0.857163,0
chave_pix,388346.89,3944781.02,3556434.13,21326.39,409673.28,17,True,False,False,0.901554,0.947943,0
dados_bancarios,0.01,0.01001,0.0,392.55,392.56,16,True,False,False,0.0,2.5e-05,1
chave_pix,349265.04,2975044.89,2625779.85,16668.57,365933.61,17,True,False,False,0.882602,0.954449,0
chave_pix,695522.35,3007750.32,2312227.97,55216.93,750739.28,11,False,False,False,0.768757,0.92645,0
chave_pix,351961.61,1658046.17,1306084.56,7604.72,359566.33,10,True,False,False,0.787725,0.97885,0
chave_pix,103821.61,103925.43160999999,103.82,4342.89,108164.5,23,True,True,True,0.000999,0.959849,0
chave_pix,506639.48,628658.02,122018.54,93.97,506733.45,22,False,True,True,0.194094,0.999815,1
chave_pix,587178.03,2242718.76,1655540.73,26003.4,613181.43,19,True,False,False,0.738185,0.957593,0
chave_pix,529329.67,2714193.03,2184863.36,11073.67,540403.34,13,False,False,False,0.804977,0.979509,0
pix_copia_e_cola,839673.13,840512.8031299999,839.67,63920.77,903593.9,17,True,False,False,0.000999,0.929259,0
chave_pix,37515.33,388850.13,351334.8,31812.82,69328.15,13,True,False,False,0.903522,0.541127,0
dados_bancarios,1998079.16,14474085.7,12476006.54,88084.51,2086163.67,13,False,False,False,0.861955,0.957777,0
chave_pix,126192.63,126318.82,126.19,288.78,126481.41,22,True,True,True,0.000999,0.997717,1
chave_pix,272660.6,1917420.59,1644759.99,25937.78,298598.38,19,False,False,False,0.857798,0.913135,0
chave_pix,3984553.06,8946977.36,4962424.3,61223.16,4045776.22,16,False,False,False,0.554648,0.984867,0
chave_pix,1353581.23,3863502.11,2509920.88,42251.24,1395832.47,14,True,False,False,0.649649,0.96973,0
chave_pix,803752.0,1011930.61,208178.61,2803.68,806555.68,16,True,False,False,0.205724,0.996524,1
chave_pix,1131943.9,8155508.97,7023565.07,32753.69,1164697.59,14,False,False,False,0.861205,0.971878,0
dados_bancarios,775251.97,6485807.22,5710555.25,50870.43,826122.4,17,True,False,False,0.880469,0.938423,0
chave_pix,928278.85,5071957.3,4143678.45,19699.69,947978.54,18,True,False,False,0.816978,0.979219,0
chave_pix,813109.3,3745966.04,2932856.74,31522.88,844632.18,18,False,False,False,0.782937,0.962679,0
chave_pix,586884.6,1334375.48,747490.88,13290.74,600175.34,15,True,False,False,0.56018,0.977855,0
chave_pix,198525.35,2255786.12,2057260.77,80977.42,279502.77,13,True,False,False,0.911993,0.71028,0
chave_pix,772757.49,844646.61,71889.12,225.63,772983.12,11,True,False,False,0.085111,0.999708,1
chave_pix,0.01,0.01001,0.0,1847.17,1847.18,14,True,False,False,0.0,5e-06,0
chave_pix,582590.72,775356.16,192765.44,28778.34,611369.06,14,True,False,False,0.248615,0.952928,0
chave_pix,174142.67,3248519.37,3074376.7,64782.52,238925.19,13,True,False,False,0.946393,0.728859,0
chave_pix,11385.0,11396.38,11.38,89.67,11474.67,16,False,False,False,0.000999,0.992185,1
chave_pix,579758.2,2323429.13,1743670.93,39063.54,618821.74,10,True,False,False,0.750473,0.936874,0
chave_pix,394070.7,3706042.78,3311972.08,14804.8,408875.5,12,True,False,False,0.893668,0.963791,0
chave_pix,788124.91,2146175.53,1358050.62,19385.24,807510.15,11,True,False,False,0.632777,0.975994,0
chave_pix,789374.58,2484156.89,1694782.31,11518.38,800892.96,19,True,False,False,0.682236,0.985618,0
chave_pix,32372.02,145438.69,113066.67,42028.26,74400.28,16,True,False,False,0.777418,0.435106,0
chave_pix,130873.14,646771.38,515898.24,16483.47,147356.61,9,False,False,False,0.797652,0.888139,0
chave_pix,863441.08,3184149.56,2320708.48,8482.96,871924.04,20,True,True,True,0.728831,0.990271,0
dados_bancarios,5826203.22,37563683.23,31737480.01,38059.59,5864262.81,18,False,False,False,0.844898,0.99351,0
chave_pix,494510.87,2256462.27,1761951.4,24333.9,518844.77,19,True,False,False,0.780847,0.9531,0
dados_bancarios,921668.95,922590.62,921.67,77.63,921746.58,19,True,False,False,0.000999,0.999916,1
chave_pix,1092607.53,6958138.92,5865531.39,42245.13,1134852.66,12,False,False,False,0.842974,0.962775,0
chave_pix,893733.49,2095151.27,1201417.78,35476.54,929210.03,16,True,False,False,0.573428,0.961821,0
dados_bancarios,553557.66,1267840.38,714282.72,66866.9,620424.56,13,False,False,False,0.563385,0.892224,0
pix_copia_e_cola,197360.21,401071.42,203711.21,101684.92,299045.13,20,True,True,True,0.507918,0.659968,0
dados_bancarios,895769.22,3852409.08,2956639.86,4313.28,900082.5,22,True,True,True,0.767478,0.995208,0
chave_pix,53507.07,397084.6,343577.53,4524.59,58031.66,19,True,False,False,0.86525,0.922032,0
chave_pix,30968.46,31980.51,1012.05,120522.6,151491.06,18,False,False,False,0.031646,0.204424,0
chave_pix,1067299.68,25460996.77,24393697.09,17521.64,1084821.32,14,True,False,False,0.958081,0.983848,0
chave_pix,380943.53,1731325.72,1350382.19,12260.87,393204.4,13,False,False,False,0.77997,0.968818,0
chave_pix,87325.19,87412.51518999999,87.33,176275.4,263600.59,20,True,True,True,0.000999,0.331278,0
chave_pix,1843322.84,10100090.63,8256767.79,7476.07,1850798.91,11,False,False,False,0.817494,0.995961,0
chave_pix,158232.08,1490354.43,1332122.35,111118.13,269350.21,22,True,True,True,0.893829,0.587459,0
chave_pix,514385.16,4917561.8,4403176.64,24760.74,539145.9,16,False,False,False,0.895398,0.954074,0
dados_bancarios,1840135.08,2846928.94,1006793.86,1198.86,1841333.94,9,False,False,False,0.353642,0.999349,1
dados_bancarios,499590.82,1104773.01,605182.19,37475.26,537066.08,15,True,False,False,0.547789,0.930222,0
dados_bancarios,457396.4,457853.7964,457.4,24689.78,482086.18,14,False,False,False,0.000999,0.948786,0
chave_pix,411228.82,1008286.49,597057.67,15461.27,426690.09,12,False,False,False,0.592151,0.963765,0
chave_pix,1514990.39,5126797.45,3611807.06,22567.18,1537557.57,14,True,False,False,0.704496,0.985323,0
chave_pix,172118.62,1842264.67,1670146.05,14603.08,186721.7,22,True,True,True,0.906572,0.921792,0
dados_bancarios,551879.44,2196095.32,1644215.88,30988.46,582867.9,20,True,True,True,0.7487,0.946835,0
dados_bancarios,1555198.05,2437932.74,882734.69,22.03,1555220.08,17,False,False,False,0.362083,0.999986,1
chave_pix,126392.31,271131.13,144738.82,31907.06,158299.37,13,False,False,False,0.533833,0.798438,0
dados_bancarios,385580.0,435021.28,49441.28,11453.93,397033.93,22,True,True,True,0.113653,0.971151,0
pix_copia_e_cola,108451.88,672706.08,564254.2,3023.23,111475.11,13,True,False,False,0.838783,0.97288,0
chave_pix,75668.07,75743.73806999999,75.67,13170.15,88838.22,20,False,True,True,0.000999,0.851751,0
chave_pix,79472.56,531397.3,451924.74,92657.66,172130.22,11,True,False,False,0.850446,0.4617,0
chave_pix,934280.82,11011782.92,10077502.1,3756.34,938037.16,16,False,False,False,0.915156,0.995996,0
chave_pix,685294.94,5610249.81,4924954.87,15941.98,701236.92,16,True,False,False,0.877849,0.977266,0
pix_copia_e_cola,1039888.14,9279661.63,8239773.49,29002.53,1068890.67,13,True,False,False,0.887939,0.972867,0
dados_bancarios,183046.74,183229.78673999998,183.05,1258.97,184305.71,16,True,False,False,0.000999,0.993169,1
chave_pix,0.01,0.01001,0.0,21259.18,21259.19,21,False,True,False,0.0,0.0,0
chave_pix,135036.5,457722.23,322685.73,30362.51,165399.01,15,True,False,False,0.704982,0.816429,0
chave_pix,412909.17,1671546.13,1258636.96,2332.38,415241.55,10,True,False,False,0.752978,0.994383,0
chave_pix,444693.93,2108597.68,1663903.75,8569.7,453263.63,11,True,False,False,0.789104,0.981093,0
pix_copia_e_cola,418965.53,3198374.88,2779409.35,34407.97,453373.5,16,True,False,False,0.869007,0.924107,0
chave_pix,191489.15,764648.3,573159.15,25345.29,216834.44,21,True,True,True,0.749572,0.883112,0
dados_bancarios,431783.99,621596.44,189812.45,92403.06,524187.05,12,False,False,False,0.305363,0.823721,0
chave_pix,879293.24,880172.5332399999,879.29,3456.83,882750.07,19,True,False,False,0.000999,0.996084,0
chave_pix,3488196.95,10309616.03,6821419.08,30490.0,3518686.95,11,False,False,False,0.661656,0.991335,0
chave_pix,730678.04,3191802.52,2461124.48,17481.64,748159.68,10,True,False,False,0.771077,0.976634,0
dados_bancarios,914253.37,1578341.69,664088.32,8783.6,923036.97,19,True,False,False,0.420751,0.990484,0
chave_pix,1397482.88,12109034.91,10711552.03,10055.32,1407538.2,11,False,False,False,0.884592,0.992856,0
dados_bancarios,345056.72,887367.86,542311.14,63516.93,408573.65,15,True,False,False,0.611146,0.84454,0
chave_pix,174697.8,1365996.34,1191298.54,12474.95,187172.75,16,True,False,False,0.87211,0.933351,0
chave_pix,736906.16,6957674.97,6220768.81,46911.35,783817.51,11,True,False,False,0.894087,0.94015,0
chave_pix,848697.68,5443178.44,4594480.76,15796.25,864493.93,13,True,False,False,0.84408,0.981728,0
dados_bancarios,737485.65,4820989.12,4083503.47,40765.22,778250.87,2,False,True,True,0.847026,0.947619,0
chave_pix,373516.88,590091.64,216574.76,584.03,374100.91,20,True,True,True,0.367019,0.998439,1
chave_pix,204647.79,380255.29,175607.5,40.38,204688.17,0,True,True,True,0.461815,0.999803,1
dados_bancarios,13687.8,208247.09,194559.29,390.72,14078.52,9,False,False,False,0.934271,0.972247,1
pix_copia_e_cola,744207.54,1971344.68,1227137.14,13489.79,757697.33,17,False,False,False,0.622487,0.982196,0
chave_pix,689177.24,807695.98,118518.74,10809.7,699986.94,18,True,False,False,0.146737,0.984557,0
chave_pix,323396.08,323719.47608,323.4,0.01,323396.09,13,False,False,False,0.000999,1.0,1
pix_copia_e_cola,991120.2,4315402.11,3324281.91,22155.33,1013275.53,9,False,False,False,0.77033,0.978135,0
dados_bancarios,356078.65,1100549.27,744470.62,23533.12,379611.77,15,True,False,False,0.676454,0.938007,0
chave_pix,2143499.84,2373396.16,229896.32,784.07,2144283.91,20,True,True,True,0.096864,0.999634,1
chave_pix,186609.64,1184526.02,997916.38,81064.3,267673.94,0,False,True,True,0.84246,0.697153,0
chave_pix,1216200.79,6126944.44,4910743.65,4003.62,1220204.41,12,True,False,False,0.8015,0.996719,0
chave_pix,248895.6,249144.49559999997,248.9,72768.44,321664.04,19,True,False,False,0.000999,0.773775,0
dados_bancarios,126615.5,721833.58,595218.08,3332.93,129948.43,12,True,False,False,0.824592,0.974352,0
dados_bancarios,439901.05,440340.9510499999,439.9,50727.77,490628.82,11,True,False,False,0.000999,0.896607,0
chave_pix,0.01,0.01001,0.0,452.61,452.62,23,True,True,False,0.0,2.2e-05,1
chave_pix,181087.58,1882450.26,1701362.68,9415.99,190503.57,10,False,False,False,0.903802,0.950573,0
chave_pix,1433328.28,1434761.6082799998,1433.33,16292.72,1449621.0,18,True,False,False,0.000999,0.988761,0
chave_pix,824986.95,3595483.89,2770496.94,21085.73,846072.68,19,True,False,False,0.770549,0.975078,0
chave_pix,6037434.58,6252964.6,215530.02,12257.48,6049692.06,11,True,False,False,0.034468,0.997974,1
pix_copia_e_cola,884403.15,4776673.46,3892270.31,23830.86,908234.01,19,False,False,False,0.81485,0.973761,0
dados_bancarios,66907.12,131944.5,65037.38,39449.11,106356.23,16,True,False,False,0.492915,0.629085,0
chave_pix,0.01,0.01001,0.0,1124.8,1124.81,21,True,True,False,0.0,9e-06,1
dados_bancarios,5976294.97,49322021.22,43345726.25,9788.88,5986083.85,16,False,False,False,0.878831,0.998365,0
pix_copia_e_cola,3774746.08,3778520.83,3774.75,399.76,3775145.84,14,True,False,False,0.000999,0.999894,1
dados_bancarios,188775.58,4583118.29,4394342.71,20133.63,208909.21,16,True,False,False,0.958811,0.903625,0
dados_bancarios,436590.5,808651.5,372061.0,29258.02,465848.52,19,False,False,False,0.460101,0.937194,0
chave_pix,237154.9,1434824.58,1197669.68,9081.72,246236.62,15,True,False,False,0.834715,0.963118,0
dados_bancarios,505571.43,702029.28,196457.85,230.4,505801.83,14,True,False,False,0.279843,0.999544,1
chave_pix,543945.66,748372.68,204427.02,18422.22,562367.88,18,False,False,False,0.273162,0.967242,0
chave_pix,1202934.68,2153261.04,950326.36,69623.92,1272558.6,14,False,False,False,0.441343,0.945288,0
chave_pix,1177726.66,5666779.2,4489052.54,29974.15,1207700.81,21,False,True,True,0.79217,0.975181,0
chave_pix,98099.07,126159.01,28059.94,59.75,98158.82,1,True,True,True,0.222417,0.999391,1
chave_pix,587016.55,1780596.38,1193579.83,29019.79,616036.34,17,True,False,False,0.670326,0.952893,0
chave_pix,91398.1,1158505.93,1067107.83,21707.98,113106.08,12,False,False,False,0.921107,0.808074,0
dados_bancarios,654859.16,4204057.65,3549198.49,91456.63,746315.79,13,False,False,False,0.844232,0.877456,0
chave_pix,10000000.0,185519161.04,175519161.04,9897.47,10009897.47,16,False,False,False,0.946097,0.999011,0
chave_pix,294461.2,1714521.33,1420060.13,10395.74,304856.94,20,True,True,True,0.828255,0.9659,0
chave_pix,98756.97,388764.34,290007.37,13629.61,112386.58,23,True,True,True,0.745972,0.878726,0
chave_pix,1287364.2,9419445.71,8132081.51,4627.27,1291991.47,19,False,False,False,0.863329,0.996418,0
chave_pix,256059.37,759743.69,503684.32,69815.19,325874.56,21,False,True,True,0.662966,0.785761,0
chave_pix,1536374.18,3986194.99,2449820.81,7603.03,1543977.21,22,True,True,True,0.614576,0.995076,0
chave_pix,741298.99,1087661.3,346362.31,33570.82,774869.81,12,True,False,False,0.318447,0.956676,0
chave_pix,1068728.16,9642120.69,8573392.53,9144.66,1077872.82,19,True,False,False,0.88916,0.991516,0
pix_copia_e_cola,99775.67,696937.62,597161.95,52549.43,152325.1,23,True,True,True,0.856837,0.655018,0
dados_bancarios,3072165.86,10689975.43,7617809.57,21806.87,3093972.73,18,True,False,False,0.712612,0.992952,0
pix_copia_e_cola,2435153.73,18737831.98,16302678.25,6073.36,2441227.09,11,True,False,False,0.870041,0.997512,0
pix_copia_e_cola,767116.16,2677446.89,1910330.73,9344.83,776460.99,9,False,False,False,0.71349,0.987965,0
chave_pix,817444.24,4472545.53,3655101.29,8497.98,825942.22,10,True,False,False,0.817231,0.989711,0
chave_pix,1237790.68,2423513.94,1185723.26,27206.14,1264996.82,17,True,False,False,0.489258,0.978493,0
chave_pix,584898.89,3247661.57,2662762.68,10342.6,595241.49,10,False,False,False,0.819902,0.982625,0
chave_pix,490442.01,569185.35,78743.34,6761.04,497203.05,17,True,False,False,0.138344,0.986402,0
dados_bancarios,425953.03,1446523.45,1020570.42,9051.44,435004.47,9,True,False,False,0.705533,0.979192,0
pix_copia_e_cola,2346247.5,8224736.49,5878488.99,19160.95,2365408.45,13,True,False,False,0.714733,0.9919,0
chave_pix,1225699.13,9878592.81,8652893.68,68495.47,1294194.6,20,True,True,True,0.875924,0.947075,0
chave_pix,1162749.91,1163912.6599099997,1162.75,218.63,1162968.54,5,False,True,True,0.000999,0.999812,1
chave_pix,332891.85,1547624.23,1214732.38,14962.28,347854.13,21,True,True,True,0.784901,0.956987,0
chave_pix,316044.69,766808.33,450763.64,91753.66,407798.35,17,False,False,False,0.587844,0.775002,0
dados_bancarios,644909.11,3862071.55,3217162.44,28765.08,673674.19,16,False,False,False,0.833015,0.957301,0
chave_pix,983473.68,4358207.62,3374733.94,57306.2,1040779.88,13,True,False,False,0.77434,0.944939,0
chave_pix,0.01,0.01001,0.0,13381.5,13381.51,8,True,False,False,0.0,1e-06,0
chave_pix,678942.65,2179351.29,1500408.64,6895.7,685838.35,18,True,False,False,0.688466,0.989946,0
chave_pix,1545488.41,9810730.93,8265242.52,56853.07,1602341.48,12,False,False,False,0.84247,0.964519,0
chave_pix,4359219.68,23862803.74,19503584.06,75418.11,4434637.79,11,False,False,False,0.817322,0.982993,0
chave_pix,25104.12,2172792.88,2147688.76,9486.29,34590.41,17,True,False,False,0.988446,0.725754,0
pix_copia_e_cola,718581.92,3608150.85,2889568.93,19389.9,737971.82,18,False,False,False,0.800845,0.973725,0
dados_bancarios,745081.39,1327486.08,582404.69,32982.22,778063.61,13,True,False,False,0.438728,0.95761,0
chave_pix,693247.41,4290595.57,3597348.16,38458.58,731705.99,14,False,False,False,0.838426,0.94744,0
chave_pix,1182308.59,10465627.68,9283319.09,90386.7,1272695.29,9,False,False,False,0.887029,0.92898,0
chave_pix,487633.78,3650828.24,3163194.46,12173.7,499807.48,14,True,False,False,0.866432,0.975643,0
chave_pix,403274.41,442190.09,38915.68,47.89,403322.3,7,True,False,False,0.088007,0.999881,1
dados_bancarios,508614.48,1073570.16,564955.68,22334.03,530948.51,17,True,False,False,0.52624,0.957936,0
chave_pix,2101469.67,11858359.98,9756890.31,2482.41,2103952.08,9,False,False,False,0.822786,0.99882,0
dados_bancarios,581760.19,1656564.5,1074804.31,29210.43,610970.62,16,True,False,False,0.648815,0.95219,0
dados_bancarios,1432703.04,5910970.79,4478267.75,4099.95,1436802.99,23,False,True,True,0.75762,0.997146,0
dados_bancarios,81438.96,296825.67,215386.71,257.21,81696.17,1,True,True,True,0.725634,0.996852,1
chave_pix,885935.86,3634778.3,2748842.44,22920.26,908856.12,1,True,True,True,0.756261,0.974781,0
chave_pix,463555.79,2314362.43,1850806.64,4154.09,467709.88,12,True,False,False,0.799705,0.991118,0
chave_pix,1607486.64,7417813.47,5810326.83,6401.9,1613888.54,19,True,False,False,0.783294,0.996033,0
chave_pix,247866.33,765812.54,517946.21,9204.46,257070.79,9,True,False,False,0.676336,0.964195,0
chave_pix,104982.38,1375885.8,1270903.42,36962.88,141945.26,16,False,False,False,0.923698,0.739598,0
dados_bancarios,281719.81,1538384.38,1256664.57,12280.67,294000.48,0,False,True,True,0.816873,0.958229,0
chave_pix,1437939.05,5955057.43,4517118.38,188339.06,1626278.11,0,True,True,True,0.758535,0.88419,0
chave_pix,906201.91,1732210.08,826008.17,31211.48,937413.39,13,True,False,False,0.476852,0.966705,0
dados_bancarios,1483937.16,2866738.48,1382801.32,15835.97,1499773.13,17,True,False,False,0.48236,0.989441,0
chave_pix,786934.7,2908913.06,2121978.36,33731.73,820666.43,17,False,False,False,0.729475,0.958897,0
dados_bancarios,422680.99,423103.67098999996,422.68,254.36,422935.35,21,False,True,True,0.000999,0.999399,1
chave_pix,263785.29,1052874.18,789088.89,26443.4,290228.69,9,False,False,False,0.749462,0.908888,0
chave_pix,391136.53,5657419.38,5266282.85,49291.82,440428.35,8,False,False,False,0.930863,0.888082,0
chave_pix,230284.13,567873.99,337589.86,17696.68,247980.81,9,True,False,False,0.59448,0.928637,0
dados_bancarios,423272.43,1359606.17,936333.74,11410.01,434682.44,20,False,True,True,0.68868,0.973751,0
dados_bancarios,9864432.53,54117272.69,44252840.16,21139.58,9885572.11,14,False,False,False,0.817721,0.997862,0
chave_pix,245130.39,1904606.69,1659476.3,23945.27,269075.66,13,True,False,False,0.871296,0.911009,0
dados_bancarios,52596.69,52649.28668999999,52.6,157779.67,210376.36,14,True,False,False,0.000999,0.250012,0
chave_pix,0.01,88088.68,88088.67,29786.88,29786.89,14,True,False,False,1.0,0.0,0
dados_bancarios,411059.68,1695565.6,1284505.92,34484.46,445544.14,18,False,False,False,0.757568,0.922601,0
chave_pix,578511.09,1397870.02,819358.93,9046.38,587557.47,11,True,False,False,0.586148,0.984603,0
chave_pix,407907.41,2270560.19,1862652.78,7213.14,415120.55,15,True,False,False,0.820349,0.982624,0
chave_pix,489074.56,2768143.27,2279068.71,5965.69,495040.25,18,True,False,False,0.82332,0.987949,0
chave_pix,303044.36,3188784.45,2885740.09,13675.38,316719.74,0,True,True,True,0.904966,0.956822,0
dados_bancarios,569042.46,4054663.14,3485620.68,10400.49,579442.95,11,True,False,False,0.859657,0.982051,0
chave_pix,456844.51,3202689.21,2745844.7,5217.74,462062.25,18,True,False,False,0.857356,0.988708,0
pix_copia_e_cola,962151.48,10477960.9,9515809.42,18278.35,980429.83,8,True,False,False,0.908174,0.981357,0
chave_pix,1245191.37,4390058.88,3144867.51,104814.93,1350006.3,16,False,False,False,0.716361,0.92236,0
chave_pix,119664.47,562105.93,442441.46,17340.73,137005.2,21,True,True,True,0.787114,0.87343,0
chave_pix,410553.72,898173.14,487619.42,26731.39,437285.11,14,True,False,False,0.542901,0.93887,0
chave_pix,262626.43,832668.94,570042.51,2251.8,264878.23,18,True,False,False,0.684597,0.991499,0
chave_pix,2124696.86,11557651.88,9432955.02,28369.28,2153066.14,12,False,False,False,0.816165,0.986824,0
pix_copia_e_cola,404394.04,627194.4,222800.36,195.65,404589.69,9,True,False,False,0.355233,0.999516,1
chave_pix,0.01,394459.75,394459.74,37068.59,37068.6,12,True,False,False,1.0,0.0,0
dados_bancarios,343791.7,453786.9,109995.2,18115.46,361907.16,14,True,False,False,0.242394,0.949944,0
chave_pix,73788.27,171595.26,97806.99,50339.33,124127.6,10,True,False,False,0.569987,0.594455,0
chave_pix,1480024.17,6185537.56,4705513.39,8203.64,1488227.81,14,False,False,False,0.760728,0.994488,0
chave_pix,1051262.9,3627512.96,2576250.06,14644.97,1065907.87,7,True,False,False,0.710197,0.986261,0
dados_bancarios,0.01,276104.86,276104.85,672.4,672.41,18,True,False,False,1.0,1.5e-05,1
chave_pix,1108269.31,1293025.89,184756.58,372.46,1108641.77,5,True,True,True,0.142887,0.999664,1
chave_pix,6563685.02,6570248.705019998,6563.69,495.47,6564180.49,9,True,False,False,0.000999,0.999925,1
dados_bancarios,1213437.2,1353054.15,139616.95,1502.09,1214939.29,20,True,True,True,0.103187,0.998764,1
dados_bancarios,747464.08,8461063.59,7713599.51,10666.77,758130.85,16,False,False,False,0.911658,0.98593,0
chave_pix,991495.3,5973740.51,4982245.21,5716.94,997212.24,17,False,False,False,0.834024,0.994267,0
chave_pix,978536.22,1777758.55,799222.33,1378.77,979914.99,14,False,False,False,0.449567,0.998593,1
pix_copia_e_cola,333524.2,473798.48,140274.28,49058.05,382582.25,14,True,False,False,0.296063,0.871771,0
pix_copia_e_cola,257364.46,415290.69,157926.23,2868.66,260233.12,14,False,False,False,0.380279,0.988977,1
chave_pix,643626.17,9060508.69,8416882.52,41878.08,685504.25,9,True,False,False,0.928964,0.938909,0
chave_pix,22366.92,194893.64,172526.72,7180.32,29547.24,15,True,False,False,0.885235,0.756988,0
chave_pix,567393.88,2382525.16,1815131.28,29766.11,597159.99,18,True,False,False,0.761852,0.950154,0
chave_pix,1456290.03,18748122.69,17291832.66,8397.5,1464687.53,17,True,False,False,0.922323,0.994267,0
chave_pix,1856436.05,6930744.03,5074307.98,8478.3,1864914.35,13,True,False,False,0.732145,0.995454,0
dados_bancarios,120952.4,589961.42,469009.02,14846.08,135798.48,10,False,False,False,0.794983,0.890676,0
chave_pix,0.01,285250.11,285250.1,96126.57,96126.58,11,False,False,False,1.0,0.0,0
chave_pix,114892.61,594434.91,479542.3,37210.71,152103.32,6,True,False,False,0.80672,0.755359,0
chave_pix,0.01,1148811.73,1148811.72,8665.04,8665.05,20,False,True,False,1.0,1e-06,0
chave_pix,145249.01,532230.56,386981.55,33451.73,178700.74,11,True,False,False,0.727094,0.812806,0
chave_pix,133904.15,134038.05414999998,133.9,22264.48,156168.63,17,False,False,False,0.000999,0.857433,0
chave_pix,1442052.29,1922869.25,480816.96,25897.57,1467949.86,16,False,False,False,0.250052,0.982358,0
chave_pix,20779.65,134387.81,113608.16,13855.65,34635.3,18,True,False,False,0.845375,0.599956,0
chave_pix,657776.84,5491977.87,4834201.03,23967.14,681743.98,19,True,False,False,0.88023,0.964844,0
chave_pix,721182.29,3299065.49,2577883.2,12682.97,733865.26,20,True,True,True,0.781398,0.982718,0
chave_pix,140377.11,768819.71,628442.6,68816.55,209193.66,20,False,True,True,0.817412,0.671039,0
chave_pix,3606257.82,3685534.76,79276.94,176.48,3606434.3,10,False,False,False,0.02151,0.999951,1
chave_pix,858349.34,872675.23,14325.89,0.01,858349.35,11,False,False,False,0.016416,1.0,1
chave_pix,134101.45,264958.39,130856.94,461.36,134562.81,15,True,False,False,0.493877,0.996571,1
pix_copia_e_cola,0.01,653619.01,653619.0,85097.62,85097.63,19,True,False,False,1.0,0.0,0
chave_pix,172086.92,2550902.36,2378815.44,17114.32,189201.24,13,False,False,False,0.932539,0.909544,0
pix_copia_e_cola,486660.96,1403070.78,916409.82,39850.17,526511.13,14,True,False,False,0.653146,0.924313,0
chave_pix,781719.59,1346173.68,564454.09,281.05,782000.64,3,True,True,True,0.419303,0.999641,1
chave_pix,64909.37,732354.01,667444.64,15592.32,80501.69,10,False,False,False,0.911369,0.806311,0
chave_pix,532008.41,3592711.21,3060702.8,24706.65,556715.06,9,False,False,False,0.85192,0.955621,0
dados_bancarios,347819.88,348167.69988,347.82,56988.28,404808.16,14,True,False,False,0.000999,0.859222,0
dados_bancarios,297860.06,1618948.83,1321088.77,12029.61,309889.67,19,True,False,False,0.816016,0.961181,0
pix_copia_e_cola,1486053.84,12737887.83,11251833.99,11634.98,1497688.82,17,True,False,False,0.883336,0.992231,0
dados_bancarios,362290.51,5549340.62,5187050.11,15360.39,377650.9,22,False,True,True,0.934715,0.959326,0
chave_pix,799090.61,3453216.78,2654126.17,30921.82,830012.43,21,False,True,True,0.768595,0.962745,0
dados_bancarios,590408.5,5798953.86,5208545.36,16682.25,607090.75,16,False,False,False,0.898187,0.972521,0
chave_pix,185378.11,529938.87,344560.76,48549.57,233927.68,18,True,False,False,0.65019,0.792459,0
chave_pix,1088291.66,1417029.11,328737.45,654.32,1088945.98,14,True,False,False,0.231991,0.999399,1
chave_pix,180951.61,181132.56160999998,180.95,9091.42,190043.03,18,False,False,False,0.000999,0.952161,0
dados_bancarios,346815.94,2245589.38,1898773.44,5519.35,352335.29,19,False,False,False,0.845557,0.984335,0
dados_bancarios,0.01,0.01001,0.0,198449.46,198449.47,22,True,True,False,0.0,0.0,0
chave_pix,307941.24,715452.54,407511.3,96211.74,404152.98,23,True,True,True,0.569585,0.761942,0
chave_pix,98436.7,460194.91,361758.21,46040.41,144477.11,16,True,False,False,0.786098,0.681331,0
dados_bancarios,2396624.43,5903304.35,3506679.92,25032.37,2421656.8,10,True,False,False,0.59402,0.989663,0
chave_pix,19114743.09,182583006.88,163468263.79,14534.05,19129277.14,17,False,False,False,0.895309,0.99924,0
chave_pix,355422.32,586234.06,230811.74,16848.69,372271.01,18,False,False,False,0.393719,0.954741,0
chave_pix,612692.57,2627059.92,2014367.35,176509.87,789202.44,12,True,False,False,0.766776,0.776344,0
dados_bancarios,0.01,0.01001,0.0,39085.99,39086.0,13,True,False,False,0.0,0.0,0
dados_bancarios,110271.12,110381.39111999999,110.27,33434.09,143705.21,16,False,False,False,0.000999,0.767343,0
dados_bancarios,4209761.99,4213971.75199,4209.76,702.58,4210464.57,5,True,True,True,0.000999,0.999833,1
dados_bancarios,556128.79,3083668.99,2527540.2,24004.92,580133.71,17,True,False,False,0.819654,0.958622,0
chave_pix,1552004.0,6763169.73,5211165.73,67412.46,1619416.46,18,True,False,False,0.770521,0.958372,0
pix_copia_e_cola,94945.61,431659.76,336714.15,344186.41,439132.02,18,True,False,False,0.780045,0.216212,0
pix_copia_e_cola,1426127.64,6148143.15,4722015.51,7792.64,1433920.28,12,True,False,False,0.768039,0.994565,0
dados_bancarios,419789.85,1109107.67,689317.82,11349.15,431139.0,18,False,False,False,0.621507,0.973676,0
chave_pix,693970.85,2598901.33,1904930.48,56205.84,750176.69,13,False,False,False,0.732975,0.925077,0
chave_pix,242787.29,1200915.96,958128.67,25153.69,267940.98,11,True,False,False,0.797832,0.906122,0
pix_copia_e_cola,209287.03,733461.99,524174.96,99103.07,308390.1,14,True,False,False,0.714659,0.678644,0
chave_pix,1035020.97,8688279.05,7653258.08,30083.2,1065104.17,14,True,False,False,0.880872,0.971756,0
dados_bancarios,938180.76,4884877.5,3946696.74,1733.46,939914.22,10,True,False,False,0.807942,0.998156,0
chave_pix,417924.45,897222.03,479297.58,9499.78,427424.23,15,True,False,False,0.534202,0.977774,0
chave_pix,277667.84,727833.32,450165.48,45064.46,322732.3,19,True,False,False,0.618501,0.860366,0
dados_bancarios,10000000.0,68812414.63,58812414.63,49229.84,10049229.84,17,False,False,False,0.854677,0.995101,0
dados_bancarios,476113.9,2549456.79,2073342.89,30708.11,506822.01,17,True,False,False,0.813249,0.93941,0
chave_pix,270871.11,2127472.0,1856600.89,44446.4,315317.51,1,True,True,True,0.872679,0.859042,0
pix_copia_e_cola,1404047.89,4300096.97,2896049.08,21973.39,1426021.28,9,True,False,False,0.673485,0.984591,0
chave_pix,2478515.85,6639824.6,4161308.75,49814.2,2528330.05,11,False,False,False,0.62672,0.980298,0
dados_bancarios,0.01,1049202.94,1049202.93,19630.92,19630.93,22,True,True,False,1.0,1e-06,0
chave_pix,744390.16,6240341.1,5495950.94,10169.67,754559.83,17,True,False,False,0.880713,0.986522,0
chave_pix,933848.71,1803667.95,869819.24,42361.41,976210.12,15,True,False,False,0.48225,0.956606,0
chave_pix,624604.45,2219951.56,1595347.11,37158.67,661763.12,14,False,False,False,0.718641,0.943849,0
chave_pix,1151104.54,5199423.65,4048319.11,10167.47,1161272.01,11,False,False,False,0.778609,0.991245,0
chave_pix,1086081.52,1813875.88,727794.36,131674.65,1217756.17,17,True,False,False,0.401237,0.891871,0
chave_pix,227557.05,1921753.92,1694196.87,70722.95,298280.0,22,False,True,True,0.881589,0.762897,0
chave_pix,1409056.07,1410465.13,1409.06,71242.95,1480299.02,18,True,False,False,0.000999,0.951873,0
chave_pix,1050009.4,1240696.38,190686.98,94.65,1050104.05,21,True,True,True,0.153694,0.99991,1
chave_pix,1192809.19,3785917.01,2593107.82,9094.46,1201903.65,9,False,False,False,0.684935,0.992433,0
dados_bancarios,71867.47,77978.69,6111.22,836.09,72703.56,23,True,True,True,0.07837,0.9885,1
dados_bancarios,405420.05,1393516.34,988096.29,4608.76,410028.81,18,True,False,False,0.709067,0.98876,0
chave_pix,104315.3,985519.15,881203.85,17949.89,122265.19,18,True,False,False,0.894152,0.853189,0
chave_pix,302220.11,1788507.41,1486287.3,4071.94,306292.05,11,False,False,False,0.831021,0.986706,0
chave_pix,850168.02,4038558.76,3188390.74,24143.05,874311.07,20,True,True,True,0.789487,0.972386,0
chave_pix,635838.23,6526515.62,5890677.39,25534.97,661373.2,18,True,False,False,0.902576,0.961391,0
dados_bancarios,1017607.41,5990859.48,4973252.07,51147.79,1068755.2,20,True,True,True,0.83014,0.952143,0
chave_pix,1544477.46,2822891.16,1278413.7,10537.24,1555014.7,21,True,True,True,0.452874,0.993224,0
dados_bancarios,739265.93,4099972.88,3360706.95,13536.51,752802.44,19,False,False,False,0.81969,0.982019,0
chave_pix,3342774.31,25254450.64,21911676.33,55567.94,3398342.25,19,False,False,False,0.867636,0.983649,0
chave_pix,1000858.44,5096359.36,4095500.92,18444.13,1019302.57,9,True,False,False,0.803613,0.981905,0
chave_pix,221111.52,467351.0,246239.48,114810.06,335921.58,10,False,False,False,0.526883,0.658224,0
chave_pix,7283.79,854105.07,846821.28,14343.78,21627.57,12,False,False,False,0.991472,0.336783,0
dados_bancarios,681067.4,6250446.74,5569379.34,104858.36,785925.76,10,False,False,False,0.891037,0.86658,0
chave_pix,0.01,0.01001,0.0,7571.35,7571.36,12,False,False,False,0.0,1e-06,0
dados_bancarios,481361.37,2424860.91,1943499.54,122682.88,604044.25,9,False,False,False,0.801489,0.796898,0
chave_pix,1201050.04,3450949.45,2249899.41,18043.66,1219093.7,14,False,False,False,0.651965,0.985199,0
chave_pix,146368.32,675452.53,529084.21,17461.04,163829.36,13,False,False,False,0.783303,0.893419,0
chave_pix,245992.92,920635.19,674642.27,295202.37,541195.29,15,True,False,False,0.732801,0.454536,0
chave_pix,1161654.12,14226643.73,13064989.61,19872.59,1181526.71,12,False,False,False,0.918347,0.983181,0
dados_bancarios,3527588.45,14993948.95,11466360.5,24537.4,3552125.85,16,True,False,False,0.764733,0.993092,0
pix_copia_e_cola,326997.3,358414.94,31417.64,2446.16,329443.46,12,True,False,False,0.087657,0.992575,0
chave_pix,1489913.72,4758888.39,3268974.67,80517.73,1570431.45,15,True,False,False,0.68692,0.948729,0
chave_pix,325966.93,2136614.48,1810647.55,5331.65,331298.58,20,True,True,True,0.847438,0.983907,0
chave_pix,237673.2,1776939.77,1539266.57,24827.0,262500.2,14,True,False,False,0.866246,0.905421,0
chave_pix,4646631.24,20116928.3,15470297.06,31838.45,4678469.69,15,True,False,False,0.769019,0.993195,0
pix_copia_e_cola,1705346.53,22211754.05,20506407.52,17879.55,1723226.08,13,True,False,False,0.923223,0.989624,0
chave_pix,612050.84,4622732.71,4010681.87,42041.47,654092.31,10,False,False,False,0.8676,0.935725,0
pix_copia_e_cola,688473.32,846254.99,157781.67,614.35,689087.67,6,False,False,False,0.186447,0.999108,1
chave_pix,571952.71,2412455.45,1840502.74,32123.75,604076.46,19,False,False,False,0.762917,0.946822,0
chave_pix,70111.52,95163.54,25052.02,0.01,70111.53,12,True,False,False,0.263252,1.0,1
chave_pix,1882336.61,1884218.94661,1882.34,157.07,1882493.68,8,False,False,False,0.000999,0.999917,1
chave_pix,154340.44,1040124.5,885784.06,10298.75,164639.19,14,False,False,False,0.851613,0.937447,0
chave_pix,157844.46,661541.45,503696.99,24293.45,182137.91,21,False,True,True,0.761399,0.866621,0
chave_pix,117160.67,249449.45,132288.78,11788.95,128949.62,18,True,False,False,0.530323,0.908577,0
pix_copia_e_cola,577398.31,1202045.96,624647.65,20654.45,598052.76,17,True,False,False,0.519654,0.965464,0
chave_pix,897491.64,2537546.53,1640054.89,24613.04,922104.68,19,True,False,False,0.646315,0.973308,0
chave_pix,185571.49,825216.67,639645.18,16280.94,201852.43,16,True,False,False,0.775124,0.919342,0
chave_pix,1756416.91,1758173.3269099998,1756.42,3119.53,1759536.44,11,False,False,False,0.000999,0.998227,1
chave_pix,352025.34,897166.68,545141.34,8051.24,360076.58,16,False,False,False,0.607625,0.97764,0
pix_copia_e_cola,573806.54,1718111.86,1144305.32,40623.18,614429.72,10,False,False,False,0.666025,0.933885,0
dados_bancarios,137640.0,574767.2,437127.2,6282.17,143922.17,10,True,False,False,0.760529,0.95635,0
chave_pix,207686.06,704437.45,496751.39,75851.73,283537.79,11,True,False,False,0.705175,0.732481,0
chave_pix,201665.22,201866.88521999997,201.67,4192.85,205858.07,15,False,False,False,0.000999,0.979632,1
chave_pix,395734.63,3130772.89,2735038.26,15626.25,411360.88,21,False,True,True,0.873598,0.962013,0
chave_pix,1460499.24,1952002.93,491503.69,46451.49,1506950.73,15,True,False,False,0.251795,0.969175,0
chave_pix,0.01,1472884.5,1472884.49,48363.95,48363.96,19,True,False,False,1.0,0.0,0
chave_pix,317558.02,317875.57801999996,317.56,7595.81,325153.83,15,True,False,False,0.000999,0.976639,0
dados_bancarios,163211.59,163374.80159,163.21,8862.34,172073.93,17,True,False,False,0.000999,0.948497,0
dados_bancarios,284144.75,2040269.01,1756124.26,19297.88,303442.63,17,False,False,False,0.860732,0.936404,0
chave_pix,1782450.77,11851736.74,10069285.97,37466.29,1819917.06,15,True,False,False,0.849604,0.979413,0
chave_pix,297080.96,3237373.68,2940292.72,200402.46,497483.42,9,True,False,False,0.908234,0.597168,0
dados_bancarios,995926.13,996922.0561299999,995.93,0.01,995926.14,3,False,True,True,0.000999,1.0,1
chave_pix,1020636.81,1021657.44681,1020.64,1304.74,1021941.55,1,False,True,True,0.000999,0.998723,1
chave_pix,872431.35,1394076.18,521644.83,8784.5,881215.85,22,False,True,True,0.374187,0.990031,0
chave_pix,118132.16,1125782.13,1007649.97,36082.64,154214.8,22,False,True,True,0.895067,0.766023,0
chave_pix,383073.62,1362113.25,979039.63,81198.31,464271.93,20,False,True,True,0.718765,0.825106,0
chave_pix,473117.29,1094037.37,620920.08,45232.42,518349.71,9,False,False,False,0.567549,0.912738,0
dados_bancarios,342013.32,1037827.43,695814.11,71808.38,413821.7,19,False,False,False,0.670453,0.826475,0
chave_pix,84962.8,85047.7628,84.96,17110.9,102073.7,13,True,False,False,0.000999,0.832367,0
chave_pix,702009.35,5497609.92,4795600.57,51854.85,753864.2,17,False,False,False,0.872306,0.931215,0
chave_pix,1021129.67,1403273.59,382143.92,1351.96,1022481.63,1,True,True,True,0.272323,0.998678,1
chave_pix,431662.23,984168.37,552506.14,17772.44,449434.67,18,False,False,False,0.561394,0.960456,0
dados_bancarios,435459.34,2583642.97,2148183.63,5921.23,441380.57,17,False,False,False,0.831455,0.986585,0
chave_pix,751115.96,751867.0759599999,751.12,27875.43,778991.39,18,False,False,False,0.000999,0.964216,0
dados_bancarios,910643.74,1177924.3,267280.56,117.54,910761.28,10,False,False,False,0.226908,0.999871,1
chave_pix,605461.98,2252775.61,1647313.63,1889.73,607351.71,14,True,False,False,0.731237,0.996889,0
chave_pix,0.01,909813.55,909813.54,20409.88,20409.89,14,True,False,False,1.0,0.0,0
chave_pix,547782.48,3585242.11,3037459.63,12620.69,560403.17,20,True,True,True,0.847212,0.977479,0
chave_pix,3193883.61,24179162.01,20985278.4,5443.28,3199326.89,11,True,False,False,0.867908,0.998299,0
chave_pix,622284.44,3380019.64,2757735.2,61764.45,684048.89,11,True,False,False,0.815893,0.909708,0
chave_pix,1113944.1,6634136.38,5520192.28,20726.63,1134670.73,14,False,False,False,0.832089,0.981733,0
chave_pix,631320.34,2011058.28,1379737.94,7254.37,638574.71,18,True,False,False,0.686076,0.98864,0
pix_copia_e_cola,258027.22,1356325.2,1098297.98,18553.82,276581.04,16,True,False,False,0.80976,0.932917,0
chave_pix,9911830.26,42152863.99,32241033.73,40250.67,9952080.93,15,False,False,False,0.76486,0.995956,0
chave_pix,137442.56,1504300.03,1366857.47,6584.91,144027.47,22,False,True,True,0.908634,0.95428,0
chave_pix,246248.6,1641635.35,1395386.75,35997.22,282245.82,17,True,False,False,0.849998,0.872461,0
chave_pix,295333.08,2189796.54,1894463.46,9848.19,305181.27,14,False,False,False,0.865132,0.96773,0
chave_pix,26974581.96,184793091.25,157818509.29,3869.59,26978451.55,23,True,True,True,0.854028,0.999857,0
chave_pix,209041.71,2106784.19,1897742.48,7917.9,216959.61,18,True,False,False,0.900777,0.963505,0
chave_pix,1931876.87,9106671.22,7174794.35,12919.3,1944796.17,11,False,False,False,0.787861,0.993357,0
dados_bancarios,348.48,715.24,366.76,3291.42,3639.9,16,True,False,False,0.512779,0.095739,0
dados_bancarios,336048.18,1890942.18,1554894.0,14204.5,350252.68,12,True,False,False,0.822285,0.959445,0
dados_bancarios,72900.29,72973.19028999998,72.9,284.3,73184.59,2,True,True,True,0.000999,0.996115,1
chave_pix,222120.61,1451096.41,1228975.8,774204.5,996325.11,18,True,False,False,0.846929,0.22294,0
chave_pix,434644.13,1969473.72,1534829.59,58443.37,493087.5,20,True,True,True,0.77931,0.881475,0
dados_bancarios,237017.8,986053.27,749035.47,44544.76,281562.56,13,False,False,False,0.75963,0.841794,0
chave_pix,2108027.74,11502256.11,9394228.37,30586.59,2138614.33,12,True,False,False,0.816729,0.985698,0
dados_bancarios,120941.86,121062.80185999999,120.94,20278.1,141219.96,14,False,False,False,0.000999,0.856408,0
chave_pix,268467.59,2177046.22,1908578.63,122630.83,391098.42,12,False,False,False,0.876683,0.686445,0
chave_pix,1250254.97,16333342.15,15083087.18,25626.26,1275881.23,18,True,False,False,0.923454,0.979915,0
dados_bancarios,1596896.22,25208195.89,23611299.67,4513.73,1601409.95,10,False,False,False,0.936652,0.997181,0
chave_pix,1558228.78,2907622.65,1349393.87,89865.25,1648094.03,20,False,True,True,0.464088,0.945473,0
chave_pix,1441058.23,7313279.53,5872221.3,31660.85,1472719.08,12,True,False,False,0.802953,0.978502,0
dados_bancarios,111882.4,1543190.93,1431308.53,23674.19,135556.59,16,True,False,False,0.927499,0.825356,0
dados_bancarios,160351.22,197611.21,37259.99,368.39,160719.61,17,False,False,False,0.188552,0.997708,1
pix_copia_e_cola,350205.24,772414.73,422209.49,353.38,350558.62,7,False,False,False,0.54661,0.998992,1
chave_pix,981068.56,982049.62856,981.07,31840.31,1012908.87,15,False,False,False,0.000999,0.968565,0
chave_pix,256217.2,1956002.22,1699785.02,4074.93,260292.13,21,True,True,True,0.86901,0.984345,0
dados_bancarios,1042351.17,8392848.61,7350497.44,25241.99,1067593.16,11,True,False,False,0.875805,0.976356,0
dados_bancarios,868903.47,10828063.0,9959159.53,16908.33,885811.8,15,False,False,False,0.919754,0.980912,0
chave_pix,221913.54,793601.24,571687.7,22611.37,244524.91,19,False,False,False,0.720371,0.907529,0
pix_copia_e_cola,178773.52,196855.38,18081.86,569.99,179343.51,8,True,False,False,0.091854,0.996822,1
dados_bancarios,294906.15,1553329.6,1258423.45,24930.5,319836.65,11,False,False,False,0.810146,0.922052,0
chave_pix,349012.86,1432441.92,1083429.06,54005.95,403018.81,19,False,False,False,0.756351,0.865996,0
pix_copia_e_cola,670706.6,2764566.27,2093859.67,33875.93,704582.53,9,True,False,False,0.757392,0.951921,0
chave_pix,5515.73,27038.86,21523.13,14699.7,20215.43,18,True,False,False,0.796007,0.272848,0
chave_pix,787869.25,5845879.93,5058010.68,2980.66,790849.91,8,True,False,False,0.865227,0.996231,0
chave_pix,7548060.87,8005355.1,457294.23,4756.79,7552817.66,19,True,False,False,0.057124,0.99937,1
dados_bancarios,45999.63,46045.629629999996,46.0,30969.36,76968.99,17,True,False,False,0.000999,0.597638,0
chave_pix,1058701.18,6980517.7,5921816.52,15820.27,1074521.45,18,False,False,False,0.848335,0.985277,0
chave_pix,14455.04,60320.97,45865.93,62292.7,76747.74,18,False,False,False,0.760365,0.188345,0
chave_pix,2734089.5,7032568.07,4298478.57,7910.98,2742000.48,12,False,False,False,0.611225,0.997115,0
chave_pix,21248128.6,87433031.42,66184902.82,21393.72,21269522.32,14,False,False,False,0.756978,0.998994,0
chave_pix,413287.94,2337155.04,1923867.1,45203.52,458491.46,19,False,False,False,0.823166,0.901408,0
chave_pix,3581284.71,17236243.17,13654958.46,131124.21,3712408.92,22,True,True,True,0.792224,0.964679,0
chave_pix,3848.65,54055.03,50206.38,23584.23,27432.88,9,True,False,False,0.928801,0.140293,0
chave_pix,948227.29,2758984.51,1810757.22,67656.24,1015883.53,15,False,False,False,0.656313,0.933402,0
chave_pix,2476801.25,12634074.81,10157273.56,13382.4,2490183.65,12,True,False,False,0.803959,0.994626,0
chave_pix,1118818.63,3251908.81,2133090.18,7768.31,1126586.94,12,False,False,False,0.65595,0.993105,0
chave_pix,881223.86,5771132.57,4889908.71,19772.68,900996.54,19,False,False,False,0.847305,0.978055,0
chave_pix,1199492.57,6963495.22,5764002.65,68651.17,1268143.74,12,False,False,False,0.827746,0.945865,0
chave_pix,549600.27,5058075.34,4508475.07,3206.81,552807.08,17,True,False,False,0.891342,0.994199,0
chave_pix,741454.71,1679985.18,938530.47,15354.47,756809.18,12,False,False,False,0.558654,0.979712,0
chave_pix,642553.93,643196.48393,642.55,259.32,642813.25,5,False,True,True,0.000999,0.999597,1
pix_copia_e_cola,579594.63,2114468.64,1534874.01,51785.05,631379.68,19,False,False,False,0.725891,0.917981,0
chave_pix,514116.65,6790007.89,6275891.24,17595.66,531712.31,10,False,False,False,0.924283,0.966908,0
dados_bancarios,838.15,838.9881499999999,0.84,19007.69,19845.84,9,False,False,False,0.001001,0.042233,0
chave_pix,261924.98,2378311.67,2116386.69,11068.18,272993.16,14,False,False,False,0.889869,0.959456,0
chave_pix,1275083.96,8065483.57,6790399.61,21995.78,1297079.74,11,False,False,False,0.841909,0.983042,0
chave_pix,525707.47,2944535.74,2418828.27,22707.03,548414.5,20,False,True,True,0.821463,0.958595,0
chave_pix,1327708.14,1418543.92,90835.78,837.51,1328545.65,4,False,True,True,0.064035,0.99937,1
chave_pix,317243.46,927208.35,609964.89,71399.78,388643.24,18,True,False,False,0.657851,0.816285,0
chave_pix,0.01,796779.83,796779.82,17748.06,17748.07,12,False,False,False,1.0,1e-06,0
chave_pix,1122893.02,5122318.14,3999425.12,8439.29,1131332.31,19,False,False,False,0.780784,0.99254,0
chave_pix,1360229.27,8607880.85,7247651.58,30131.87,1390361.14,17,False,False,False,0.841979,0.978328,0
chave_pix,124483.72,368752.97,244269.25,1488.48,125972.2,18,False,False,False,0.66242,0.988184,0
dados_bancarios,1904780.8,13736897.1,11832116.3,69045.24,1973826.04,17,False,False,False,0.861338,0.96502,0
chave_pix,1737356.01,14210253.42,12472897.41,8245.75,1745601.76,10,False,False,False,0.877739,0.995276,0
chave_pix,186356.84,884647.36,698290.52,13586.69,199943.53,17,True,False,False,0.789343,0.932047,0
chave_pix,550871.0,1970692.62,1419821.62,29542.69,580413.69,11,True,False,False,0.720468,0.949101,0
dados_bancarios,0.01,41640.57,41640.56,5797.43,5797.44,16,True,False,False,1.0,2e-06,1
chave_pix,174516.13,859697.89,685181.76,27709.87,202226.0,19,True,False,False,0.797003,0.862976,0
dados_bancarios,52988.96,126817.69,73828.73,11272.36,64261.32,21,True,True,True,0.582164,0.824586,0
chave_pix,85230.03,85315.26002999999,85.23,5591.69,90821.72,16,True,False,False,0.000999,0.938432,0
chave_pix,243096.07,735858.47,492762.4,4444.08,247540.15,20,True,True,True,0.669643,0.982047,0
chave_pix,37879.09,37916.96908999999,37.88,76960.56,114839.65,1,False,True,True,0.000999,0.329843,0
dados_bancarios,706300.86,1891826.92,1185526.06,28650.89,734951.75,17,True,False,False,0.626657,0.961017,0
dados_bancarios,375002.11,375377.1121099999,375.0,10237.8,385239.91,1,False,True,True,0.000999,0.973425,0
chave_pix,427405.08,427832.49,427.41,3857.82,431262.9,2,True,True,True,0.000999,0.991055,1
chave_pix,372992.15,2848076.78,2475084.63,57773.61,430765.76,14,True,False,False,0.869037,0.865882,0
chave_pix,3475986.75,9494781.51,6018794.76,159840.43,3635827.18,10,True,False,False,0.633906,0.956037,0
chave_pix,286720.64,2509777.75,2223057.11,66326.06,353046.7,21,False,True,True,0.885759,0.812132,0
dados_bancarios,60962.99,1316588.6,1255625.61,23519.05,84482.04,22,False,True,True,0.953696,0.721609,0
chave_pix,49810.09,994872.25,945062.16,30170.98,79981.07,23,True,True,True,0.949933,0.622773,0
chave_pix,9972631.32,56008787.35,46036156.03,4800.5,9977431.82,16,False,False,False,0.821945,0.999519,0
chave_pix,278212.96,659978.18,381765.22,30219.46,308432.42,9,False,False,False,0.578451,0.902022,0
chave_pix,589060.52,1076962.57,487902.05,53655.24,642715.76,19,True,False,False,0.453035,0.916518,0
chave_pix,298066.91,2175582.45,1877515.54,18595.77,316662.68,14,True,False,False,0.862994,0.941276,0
dados_bancarios,459548.71,2960284.16,2500735.45,56732.8,516281.51,11,True,False,False,0.844762,0.890113,0
chave_pix,453800.04,3375631.08,2921831.04,45094.41,498894.45,8,False,False,False,0.865566,0.909611,0
chave_pix,1745855.02,2024496.49,278641.47,11629.52,1757484.54,23,False,True,True,0.137635,0.993383,1
chave_pix,61261.71,61322.97170999999,61.26,28063.2,89324.91,16,True,False,False,0.000999,0.68583,0
dados_bancarios,774868.1,775642.97,774.87,516.6,775384.7,0,False,True,True,0.000999,0.999334,1
chave_pix,244007.45,622238.04,378230.59,28850.57,272858.02,12,False,False,False,0.607855,0.894265,0
pix_copia_e_cola,360539.35,375534.3,14994.95,47109.14,407648.49,21,False,True,True,0.03993,0.884437,0
chave_pix,21574.55,32384.39,10809.84,505.92,22080.47,20,True,True,True,0.333798,0.977087,1
dados_bancarios,2192369.26,13682433.04,11490063.78,83714.44,2276083.7,11,False,False,False,0.839768,0.96322,0
chave_pix,752498.9,5022840.34,4270341.44,13983.95,766482.85,16,False,False,False,0.850185,0.981756,0
chave_pix,1229734.78,7531804.27,6302069.49,13038.85,1242773.63,13,False,False,False,0.836728,0.989508,0
chave_pix,290240.64,1198050.61,907809.97,11407.2,301647.84,0,True,True,True,0.757739,0.962184,0
chave_pix,1106066.98,1119685.09,13618.11,1249.5,1107316.48,22,False,True,True,0.012162,0.998872,1
chave_pix,344492.5,421044.36,76551.86,10735.31,355227.81,15,True,False,False,0.181814,0.969779,1
chave_pix,484556.51,6968724.64,6484168.13,12839.06,497395.57,19,True,False,False,0.930467,0.974187,0
chave_pix,728232.39,4064050.8,3335818.41,12304.8,740537.19,14,False,False,False,0.820811,0.983384,0
chave_pix,363401.95,507386.84,143984.89,6801.91,370203.86,10,True,False,False,0.283777,0.981627,0
dados_bancarios,651951.3,856303.98,204352.68,14471.65,666422.95,19,True,False,False,0.238645,0.978285,0
chave_pix,123511.45,727620.75,604109.3,9669.63,133181.08,16,True,False,False,0.830253,0.927395,0
chave_pix,1817893.85,10420629.68,8602735.83,10615.33,1828509.18,19,False,False,False,0.825549,0.994195,0
chave_pix,1642664.64,3792393.19,2149728.55,36936.11,1679600.75,8,False,False,False,0.566853,0.978009,0
chave_pix,167488.68,712369.43,544880.75,129592.08,297080.76,21,False,True,True,0.764885,0.563782,0
dados_bancarios,770613.97,2101344.77,1330730.8,61045.78,831659.75,15,False,False,False,0.633276,0.926598,0
chave_pix,231978.48,265404.87,33426.39,24.46,232002.94,9,True,False,False,0.125945,0.999895,1
pix_copia_e_cola,7407.01,222972.25,215565.24,71260.29,78667.3,16,False,False,False,0.966781,0.094156,0
chave_pix,1083958.22,5296937.34,4212979.12,14923.19,1098881.41,12,True,False,False,0.795361,0.98642,0
chave_pix,222547.59,5706004.85,5483457.26,10979.18,233526.77,15,True,False,False,0.960998,0.952985,0
pix_copia_e_cola,95156.81,117651.07,22494.26,9545.79,104702.6,21,True,True,True,0.191195,0.908829,0
dados_bancarios,323357.13,1317182.01,993824.88,67053.47,390410.6,22,True,True,True,0.754508,0.828249,0
chave_pix,330562.06,1464310.23,1133748.17,46218.65,376780.71,11,True,False,False,0.774254,0.877333,0
chave_pix,0.01,250587.44,250587.43,80064.12,80064.13,15,True,False,False,1.0,0.0,0
dados_bancarios,1857.82,169789.65,167931.83,1037.88,2895.7,10,True,False,False,0.989058,0.641579,1
dados_bancarios,114625.86,114740.48585999999,114.63,6414.05,121039.91,15,False,False,False,0.000999,0.947009,0
chave_pix,469530.3,1545920.07,1076389.77,10240.79,479771.09,18,True,False,False,0.696278,0.978655,0
dados_bancarios,536624.41,589002.08,52377.67,204.88,536829.29,15,True,False,False,0.088926,0.999618,1
chave_pix,549342.76,615038.87,65696.11,25683.31,575026.07,22,False,True,True,0.106816,0.955335,0
dados_bancarios,4551415.89,4980703.67,429287.78,59.58,4551475.47,21,False,True,True,0.08619,0.999987,1
chave_pix,810899.15,7109029.4,6298130.25,212903.53,1023802.68,10,False,False,False,0.885934,0.792046,0
pix_copia_e_cola,1397601.08,13939069.26,12541468.18,29772.85,1427373.93,18,False,False,False,0.899735,0.979142,0
chave_pix,230278.72,1391068.2,1160789.48,13754.5,244033.22,18,False,False,False,0.834459,0.943637,0
chave_pix,1590721.27,2192892.78,602171.51,9687.29,1600408.56,17,True,False,False,0.274601,0.993947,0
chave_pix,261519.15,1616277.38,1354758.23,47630.06,309149.21,18,True,False,False,0.838197,0.845932,0
chave_pix,304719.28,2659530.58,2354811.3,58548.35,363267.63,1,True,True,True,0.885424,0.838829,0
chave_pix,567015.38,2189450.06,1622434.68,14676.21,581691.59,17,False,False,False,0.741024,0.97477,0
dados_bancarios,2594514.07,3571489.48,976975.41,33066.08,2627580.15,12,False,False,False,0.273548,0.987416,0
chave_pix,567729.52,568297.25,567.73,2451.94,570181.46,13,False,False,False,0.000999,0.9957,1
chave_pix,234655.07,322621.05,87965.98,91164.85,325819.92,18,True,False,False,0.27266,0.720199,0
chave_pix,462474.09,462936.56409,462.47,102961.31,565435.4,17,False,False,False,0.000999,0.817908,0
dados_bancarios,773087.15,1794861.53,1021774.38,21505.42,794592.57,18,True,False,False,0.569278,0.972935,0
chave_pix,0.01,0.01001,0.0,54.97,54.98,6,True,False,False,0.0,0.000182,1
chave_pix,458188.7,3911722.19,3453533.49,17242.6,475431.3,12,False,False,False,0.882868,0.963733,0
dados_bancarios,810862.34,7509812.95,6698950.61,67167.95,878030.29,20,True,True,True,0.892026,0.923502,0
dados_bancarios,678953.4,3501191.68,2822238.28,3868.51,682821.91,19,False,False,False,0.806079,0.994335,0
pix_copia_e_cola,201900.77,537509.28,335608.51,118011.21,319911.98,11,False,False,False,0.624377,0.631114,0
chave_pix,625738.18,5760829.59,5135091.41,10602.1,636340.28,20,False,True,True,0.891381,0.983339,0
pix_copia_e_cola,1181551.01,11386723.71,10205172.7,10970.16,1192521.17,16,True,False,False,0.896234,0.990801,0
chave_pix,2484636.51,7376097.82,4891461.31,12513.41,2497149.92,22,False,True,True,0.66315,0.994989,0
chave_pix,405400.26,405805.66,405.4,6403.6,411803.86,9,False,False,False,0.000999,0.98445,1
chave_pix,0.01,77403.86,77403.85,34524.71,34524.72,16,False,False,False,1.0,0.0,0
chave_pix,149313.46,1416569.69,1267256.23,3540.63,152854.09,20,False,True,True,0.894595,0.976837,0
chave_pix,672424.1,1620963.83,948539.73,116562.48,788986.58,19,False,False,False,0.58517,0.852263,0
chave_pix,0.01,0.01001,0.0,4890.88,4890.89,15,False,False,False,0.0,2e-06,0
pix_copia_e_cola,465642.49,7008447.07,6542804.58,90063.48,555705.97,14,False,False,False,0.93356,0.83793,0
chave_pix,713457.21,3801659.97,3088202.76,2632.5,716089.71,10,False,False,False,0.81233,0.996324,0
chave_pix,23970.3,143935.13,119964.83,940.84,24911.14,3,True,True,True,0.833465,0.962232,1
chave_pix,989398.47,7753845.53,6764447.06,33600.99,1022999.46,8,False,False,False,0.872399,0.967154,0
chave_pix,767405.04,3526036.89,2758631.85,23773.21,791178.25,21,False,True,True,0.78236,0.969952,0
chave_pix,2357983.65,8530619.08,6172635.43,25258.24,2383241.89,12,False,False,False,0.723586,0.989402,0
dados_bancarios,706094.5,5392977.81,4686883.31,62372.41,768466.91,12,True,False,False,0.869071,0.918835,0
pix_copia_e_cola,923569.96,9033769.04,8110199.08,10821.13,934391.09,15,True,False,False,0.897765,0.988419,0
chave_pix,348915.96,683918.19,335002.23,314.19,349230.15,11,True,False,False,0.489828,0.9991,1
chave_pix,623289.03,3814655.66,3191366.63,100856.25,724145.28,15,True,False,False,0.836607,0.860724,0
chave_pix,1218671.14,4432006.7,3213335.56,1125.52,1219796.66,9,False,False,False,0.725029,0.999077,0
chave_pix,270347.21,625602.32,355255.11,7613.72,277960.93,15,True,False,False,0.567861,0.972609,0
pix_copia_e_cola,397463.59,2001538.92,1604075.33,24294.34,421757.93,16,True,False,False,0.801421,0.942397,0
chave_pix,61280.78,1830148.72,1768867.94,13459.57,74740.35,23,False,True,True,0.966516,0.819916,0
chave_pix,426457.82,862405.52,435947.7,13373.54,439831.36,11,True,False,False,0.505502,0.969594,0
chave_pix,626245.29,2491876.58,1865631.29,34798.52,661043.81,9,False,False,False,0.748685,0.947358,0
chave_pix,1025716.18,4842768.33,3817052.15,83175.19,1108891.37,16,False,False,False,0.788196,0.924992,0
chave_pix,1002741.51,1679590.71,676849.2,15168.68,1017910.19,9,False,False,False,0.402985,0.985098,0
dados_bancarios,1156162.68,1905093.27,748930.59,33827.63,1189990.31,10,True,False,False,0.39312,0.971573,0
chave_pix,864197.47,1827253.86,963056.39,12101.37,876298.84,14,True,False,False,0.527051,0.98619,0
chave_pix,1131772.9,4379846.4,3248073.5,9193.64,1140966.54,18,True,False,False,0.741595,0.991942,0
chave_pix,710141.2,2609277.16,1899135.96,18156.21,728297.41,23,False,True,True,0.72784,0.97507,0
dados_bancarios,554291.06,554845.35106,554.29,23063.32,577354.38,15,True,False,False,0.000999,0.960053,0
chave_pix,0.01,25782.73,25782.72,660.07,660.08,4,True,True,False,1.0,1.5e-05,1
chave_pix,1461645.19,1678754.72,217109.53,257.98,1461903.17,12,False,False,False,0.129328,0.999824,1
chave_pix,822537.01,5415652.11,4593115.1,26639.62,849176.63,12,False,False,False,0.848119,0.968629,0
chave_pix,0.01,1150680.18,1150680.17,149050.57,149050.58,21,True,True,False,1.0,0.0,0
chave_pix,1524163.0,20750505.28,19226342.28,55800.1,1579963.1,11,True,False,False,0.926548,0.964683,0
chave_pix,354893.3,355248.1932999999,354.89,16575.28,371468.58,13,False,False,False,0.000999,0.955379,0
chave_pix,334741.44,1096971.43,762229.99,71878.99,406620.43,14,True,False,False,0.694849,0.823228,0
chave_pix,248817.25,840333.34,591516.09,41496.96,290314.21,20,True,True,True,0.703906,0.857062,0
chave_pix,3540473.54,3561745.66,21272.12,169.97,3540643.51,14,True,False,False,0.005972,0.999952,1
chave_pix,0.01,448992.78,448992.77,55911.48,55911.49,8,True,False,False,1.0,0.0,0
chave_pix,401038.09,1038013.16,636975.07,102099.78,503137.87,14,True,False,False,0.613648,0.797074,0
chave_pix,3035183.84,15161969.18,12126785.34,33263.16,3068447.0,13,False,False,False,0.799816,0.98916,0
chave_pix,126160.03,126286.19002999998,126.16,1222.04,127382.07,6,False,False,False,0.000999,0.990406,1
chave_pix,138685.22,663020.97,524335.75,7089.85,145775.07,21,True,True,True,0.790828,0.951364,0
chave_pix,283348.88,933671.23,650322.35,3988.36,287337.24,8,True,False,False,0.696522,0.98612,0
chave_pix,1346613.72,9381532.74,8034919.02,6426.49,1353040.21,16,True,False,False,0.856461,0.99525,0
chave_pix,466936.35,2752362.38,2285426.03,16771.96,483708.31,13,False,False,False,0.830351,0.965326,0
dados_bancarios,392520.27,4486193.88,4093673.61,76439.56,468959.83,19,False,False,False,0.912505,0.837002,0
chave_pix,61981.14,323880.38,261899.24,6604.14,68585.28,18,True,False,False,0.80863,0.903709,0
chave_pix,3418815.39,6869894.86,3451079.47,30537.58,3449352.97,14,False,False,False,0.502348,0.991147,0
dados_bancarios,0.01,0.01001,0.0,297.2,297.21,21,False,True,False,0.0,3.4e-05,1
chave_pix,360214.77,1943385.86,1583171.09,12410.91,372625.68,16,True,False,False,0.814646,0.966693,0
chave_pix,135124.84,1963174.45,1828049.61,95517.48,230642.32,11,False,False,False,0.93117,0.585863,0
chave_pix,292837.41,1965763.36,1672925.95,47575.07,340412.48,17,True,False,False,0.851031,0.860243,0
chave_pix,666113.61,12508362.8,11842249.19,15556.15,681669.76,18,False,False,False,0.946747,0.977179,0
dados_bancarios,764390.14,4695474.51,3931084.37,37705.37,802095.51,14,True,False,False,0.837207,0.952991,0
pix_copia_e_cola,0.01,1294053.74,1294053.73,13656.0,13656.01,13,True,False,False,1.0,1e-06,0
chave_pix,261856.72,3879481.82,3617625.1,51482.31,313339.03,13,True,False,False,0.932502,0.835698,0
chave_pix,0.01,0.01001,0.0,18425.01,18425.02,15,True,False,False,0.0,1e-06,0
chave_pix,276931.41,277208.34140999994,276.93,0.01,276931.42,8,True,False,False,0.000999,1.0,1
chave_pix,253648.68,253902.33,253.65,86.76,253735.44,7,False,False,False,0.000999,0.999658,1
chave_pix,920271.39,7524063.3,6603791.91,5090.26,925361.65,15,True,False,False,0.87769,0.994499,0
chave_pix,931581.87,2293486.48,1361904.61,1528.43,933110.3,5,False,True,True,0.593814,0.998362,1
dados_bancarios,0.01,1418001.81,1418001.8,22105.42,22105.43,20,True,True,False,1.0,0.0,0
pix_copia_e_cola,112784.67,112897.45466999999,112.78,2353.1,115137.77,10,True,False,False,0.000999,0.979563,0
dados_bancarios,397013.97,2357160.08,1960146.11,144209.31,541223.28,13,True,False,False,0.831571,0.733549,0
chave_pix,103910.54,581675.55,477765.01,83752.87,187663.41,22,False,True,True,0.82136,0.553707,0
chave_pix,982529.59,3294595.16,2312065.57,23568.67,1006098.26,21,True,True,True,0.701775,0.976574,0
chave_pix,1378576.06,5569594.03,4191017.97,9360.14,1387936.2,12,True,False,False,0.752482,0.993256,0
chave_pix,852885.34,1639206.55,786321.21,77594.67,930480.01,12,False,False,False,0.479696,0.916608,0
chave_pix,1012707.93,1013720.63793,1012.71,6113.12,1018821.05,14,True,False,False,0.000999,0.994,0
chave_pix,436212.8,502057.7,65844.9,23868.88,460081.68,14,False,False,False,0.13115,0.94812,0
chave_pix,319504.76,1259992.57,940487.81,31760.03,351264.79,13,False,False,False,0.746423,0.909584,0
chave_pix,210119.85,210329.96985,210.12,5554.67,215674.52,11,False,False,False,0.000999,0.974245,0
dados_bancarios,137452.78,601402.98,463950.2,7587.53,145040.31,17,True,False,False,0.771446,0.947687,0
chave_pix,232052.96,618314.97,386262.01,11351.14,243404.1,19,True,False,False,0.624701,0.953365,0
dados_bancarios,466080.09,599368.0,133287.91,684.88,466764.97,18,True,False,False,0.222381,0.998533,1
chave_pix,3529880.12,4422042.77,892162.65,369.06,3530249.18,18,False,False,False,0.201754,0.999895,1
pix_copia_e_cola,777146.44,7061061.22,6283914.78,29931.36,807077.8,15,False,False,False,0.889939,0.962914,0
chave_pix,265680.73,265946.41,265.68,533.76,266214.49,7,True,False,False,0.000999,0.997995,1
chave_pix,559648.18,4167515.6,3607867.42,104240.07,663888.25,13,False,False,False,0.865712,0.842986,0
chave_pix,304033.86,304337.89385999995,304.03,59330.24,363364.1,17,True,False,False,0.000999,0.83672,0
pix_copia_e_cola,1980800.05,2703355.7,722555.65,183.83,1980983.88,9,True,False,False,0.267281,0.999907,1
chave_pix,656120.75,4348066.11,3691945.36,42270.34,698391.09,17,True,False,False,0.849101,0.939475,0
chave_pix,929975.26,9856598.88,8926623.62,24619.94,954595.2,18,False,False,False,0.905649,0.974209,0
chave_pix,0.01,263104.53,263104.52,6580.67,6580.68,16,False,False,False,1.0,2e-06,0
dados_bancarios,1474787.71,4779305.84,3304518.13,30849.96,1505637.67,13,False,False,False,0.691422,0.97951,0
chave_pix,851659.65,3248572.55,2396912.9,12493.0,864152.65,11,False,False,False,0.737836,0.985543,0
pix_copia_e_cola,0.01,316827.36,316827.35,11408.22,11408.23,12,False,False,False,1.0,1e-06,0
chave_pix,404926.24,1120778.21,715851.97,7618.51,412544.75,10,False,False,False,0.63871,0.981533,0
chave_pix,161508.35,1504047.57,1342539.22,31960.07,193468.42,14,True,False,False,0.892618,0.834805,0
pix_copia_e_cola,190215.18,204742.12,14526.94,780.29,190995.47,1,False,True,True,0.070952,0.995915,1
chave_pix,440015.86,971993.81,531977.95,9244.13,449259.99,0,True,True,True,0.547306,0.979424,0
chave_pix,780066.22,780846.29,780.07,137.56,780203.78,13,True,False,False,0.000999,0.999824,1
dados_bancarios,1087776.09,4651038.9,3563262.81,33152.77,1120928.86,22,True,True,True,0.766122,0.970424,0
chave_pix,710371.04,8817097.12,8106726.08,10421.84,720792.88,10,True,False,False,0.919433,0.985541,0
pix_copia_e_cola,1810738.55,8925592.26,7114853.71,59896.33,1870634.88,10,False,False,False,0.79713,0.967981,0
chave_pix,137172.85,1027561.95,890389.1,14797.13,151969.98,14,True,False,False,0.866506,0.902631,0
dados_bancarios,311365.08,1470725.3,1159360.22,20888.79,332253.87,22,True,True,True,0.788291,0.93713,0
dados_bancarios,387984.49,1315806.22,927821.73,8609.33,396593.82,22,False,True,True,0.705136,0.978292,0
dados_bancarios,3002896.43,10331503.24,7328606.81,91301.6,3094198.03,11,False,False,False,0.709346,0.970493,0
chave_pix,0.01,0.01001,0.0,1597.43,1597.44,8,True,False,False,0.0,6e-06,1
dados_bancarios,147029.83,2192910.72,2045880.89,10548.12,157577.95,14,False,False,False,0.932952,0.933061,0
chave_pix,4320558.84,17305552.2,12984993.36,9750.7,4330309.54,9,False,False,False,0.750337,0.997748,0
pix_copia_e_cola,551309.98,3280006.88,2728696.9,35790.11,587100.09,13,False,False,False,0.831918,0.939039,0
chave_pix,240057.07,1564310.88,1324253.81,29422.35,269479.42,17,True,False,False,0.846541,0.890818,0
dados_bancarios,85320.53,214477.12,129156.59,35627.7,120948.23,11,True,False,False,0.602193,0.70543,0
pix_copia_e_cola,35446.51,250014.6,214568.09,5667.61,41114.12,14,False,False,False,0.858222,0.862149,0
chave_pix,569223.26,3762967.75,3193744.49,17326.6,586549.86,12,False,False,False,0.84873,0.97046,0
chave_pix,131021.33,633395.17,502373.84,6318.83,137340.16,11,True,False,False,0.793144,0.953991,0
chave_pix,6283666.29,6289949.956289999,6283.67,162.1,6283828.39,3,True,True,True,0.000999,0.999974,1
chave_pix,73486.8,119162.45,45675.65,37.02,73523.82,16,True,False,False,0.383306,0.999496,1
chave_pix,233997.8,2063407.66,1829409.86,33050.61,267048.41,18,True,False,False,0.886596,0.876237,0
chave_pix,676837.17,4943453.49,4266616.32,52461.53,729298.7,14,False,False,False,0.863084,0.928066,0
dados_bancarios,561253.04,1584112.93,1022859.89,29693.07,590946.11,13,False,False,False,0.645699,0.949753,0
chave_pix,1195393.95,7175889.82,5980495.87,83637.61,1279031.56,12,False,False,False,0.833415,0.934609,0
chave_pix,100898.31,166593.52,65695.21,61468.29,162366.6,14,True,False,False,0.394344,0.621423,0
chave_pix,0.01,356134.34,356134.33,16921.56,16921.57,18,False,False,False,1.0,1e-06,0
chave_pix,2391313.14,3063612.11,672298.97,3202.31,2394515.45,10,False,False,False,0.219447,0.998663,0
chave_pix,301543.3,2162546.26,1861002.96,47728.49,349271.79,15,True,False,False,0.860561,0.863349,0
chave_pix,388668.88,4871086.12,4482417.24,34736.53,423405.41,14,False,False,False,0.920209,0.917959,0
pix_copia_e_cola,23666.24,610262.49,586596.25,93491.64,117157.88,21,True,True,True,0.96122,0.202003,0
dados_bancarios,945696.64,2278202.05,1332505.41,7262.23,952958.87,13,False,False,False,0.584893,0.992379,0
dados_bancarios,4841332.26,5661840.01,820507.75,743.18,4842075.44,5,True,True,True,0.144919,0.999847,1
chave_pix,202249.65,202451.89964999998,202.25,4838.31,207087.96,16,True,False,False,0.000999,0.976636,0
chave_pix,1375530.16,14142924.33,12767394.17,63193.34,1438723.5,14,True,False,False,0.902741,0.956077,0
chave_pix,321192.07,4071832.0,3750639.93,3498.47,324690.54,18,True,False,False,0.921119,0.989225,0
pix_copia_e_cola,2688618.37,5453677.01,2765058.64,68754.24,2757372.61,20,False,True,True,0.507008,0.975065,0
chave_pix,531993.63,1449843.03,917849.4,41559.21,573552.84,12,True,False,False,0.633068,0.927541,0
chave_pix,344203.53,4278533.35,3934329.82,27835.26,372038.79,13,False,False,False,0.919551,0.925182,0
chave_pix,173611.8,492765.12,319153.32,3917.91,177529.71,23,True,True,True,0.647678,0.977931,0
dados_bancarios,256992.72,1480623.71,1223630.99,81086.53,338079.25,23,False,True,True,0.826429,0.760155,0
chave_pix,293210.11,1771357.4,1478147.29,60949.94,354160.05,9,True,False,False,0.834472,0.827903,0
pix_copia_e_cola,497748.59,1393248.79,895500.2,45376.1,543124.69,18,True,False,False,0.642742,0.916454,0
chave_pix,2198224.71,2200422.93,2198.22,196.58,2198421.29,16,True,False,False,0.000999,0.999911,1
chave_pix,1988435.83,11145688.5,9157252.67,34611.94,2023047.77,9,True,False,False,0.821596,0.982891,0
chave_pix,0.01,547662.33,547662.32,1652.57,1652.58,20,True,True,False,1.0,6e-06,0
pix_copia_e_cola,0.01,539562.87,539562.86,35008.84,35008.85,17,True,False,False,1.0,0.0,0
chave_pix,288165.99,764023.71,475857.72,18224.53,306390.52,19,False,False,False,0.622831,0.940519,0
chave_pix,3439121.37,4727625.36,1288503.99,3665.11,3442786.48,5,True,True,True,0.272548,0.998935,1
chave_pix,59417.8,102057.82,42640.02,19205.84,78623.64,18,True,False,False,0.417803,0.755724,0
chave_pix,196504.66,2687969.9,2491465.24,8778.36,205283.02,12,False,False,False,0.926895,0.957238,0
chave_pix,188079.4,188267.47939999998,188.08,9533.2,197612.6,15,True,False,False,0.000999,0.951758,0
chave_pix,2926614.41,2929541.02,2926.61,53356.35,2979970.76,10,True,False,False,0.000999,0.982095,0
pix_copia_e_cola,113737.32,113851.05731999999,113.74,131493.49,245230.81,17,False,False,False,0.000999,0.463797,0
chave_pix,706670.11,3167539.52,2460869.41,22916.16,729586.27,7,False,False,False,0.776903,0.96859,0
chave_pix,612008.02,1840243.12,1228235.1,18360.09,630368.11,8,True,False,False,0.667431,0.970874,0
chave_pix,218237.04,1066555.97,848318.93,0.01,218237.05,12,False,False,False,0.795382,1.0,0
chave_pix,2845941.49,8842597.44,5996655.95,2798.19,2848739.68,12,True,False,False,0.678155,0.999018,0
chave_pix,540727.51,4363710.19,3822982.68,4065.2,544792.71,20,True,True,True,0.876085,0.992538,0
dados_bancarios,282959.66,976763.43,693803.77,92368.23,375327.89,18,False,False,False,0.710309,0.7539,0
chave_pix,933099.33,4406723.63,3473624.3,5698.42,938797.75,17,False,False,False,0.788256,0.99393,0
chave_pix,3221472.53,4430038.95,1208566.42,143.22,3221615.75,5,False,True,True,0.272812,0.999956,1
chave_pix,0.01,0.01001,0.0,19445.73,19445.74,15,True,False,False,0.0,1e-06,0
chave_pix,287804.59,2909695.17,2621890.58,13462.34,301266.93,16,True,False,False,0.901088,0.955314,0
chave_pix,514085.78,1140681.8,626596.02,5254.47,519340.25,16,False,False,False,0.549317,0.989882,0
chave_pix,2216703.82,2218920.52,2216.7,23.56,2216727.38,21,True,True,True,0.000999,0.999989,1
chave_pix,1099426.15,9438542.59,8339116.44,6334.3,1105760.45,14,False,False,False,0.883517,0.994272,0
chave_pix,183726.99,1652719.27,1468992.28,52545.71,236272.7,9,True,False,False,0.888834,0.777606,0
chave_pix,890654.71,6691404.77,5800750.06,15403.9,906058.61,19,False,False,False,0.866896,0.982999,0
dados_bancarios,1372582.6,4789215.06,3416632.46,8484.8,1381067.4,12,True,False,False,0.713401,0.993856,0
chave_pix,4452220.06,17233127.59,12780907.53,56047.88,4508267.94,16,False,False,False,0.741648,0.987568,0
dados_bancarios,8317892.69,9421360.35,1103467.66,744.96,8318637.65,19,False,False,False,0.117124,0.99991,1
pix_copia_e_cola,100559.87,484169.19,383609.32,15073.81,115633.68,15,True,False,False,0.792304,0.869642,0
chave_pix,1193005.74,11173853.25,9980847.51,42587.55,1235593.29,10,True,False,False,0.893232,0.965533,0
dados_bancarios,251907.96,1080933.37,829025.41,83178.25,335086.21,17,True,False,False,0.766953,0.751771,0
chave_pix,258642.54,1809299.45,1550656.91,16192.5,274835.04,18,False,False,False,0.857048,0.941083,0
chave_pix,352917.46,687174.25,334256.79,1066.2,353983.66,14,True,False,False,0.486422,0.996988,1
dados_bancarios,1134515.58,4878356.46,3743840.88,21773.34,1156288.92,13,True,False,False,0.767439,0.98117,0
chave_pix,10000000.0,10010000.0,10000.0,281.87,10000281.87,3,True,True,True,0.000999,0.999972,1
chave_pix,5044147.53,5049191.68,5044.15,189.01,5044336.54,3,True,True,True,0.000999,0.999963,1
chave_pix,147552.95,325947.75,178394.8,5752.83,153305.78,11,True,False,False,0.547311,0.962475,0
chave_pix,195210.01,398257.59,203047.58,27276.76,222486.77,16,False,False,False,0.50984,0.877401,0
chave_pix,961715.65,3462965.51,2501249.86,41100.47,1002816.12,12,True,False,False,0.722286,0.959015,0
chave_pix,1091876.77,11832931.44,10741054.67,32081.68,1123958.45,10,False,False,False,0.907726,0.971457,0
chave_pix,39626.6,1048490.24,1008863.64,32838.73,72465.33,21,True,True,True,0.962206,0.546835,0
chave_pix,1325443.32,12657089.66,11331646.34,0.01,1325443.33,18,False,False,False,0.895281,1.0,0
chave_pix,1377040.44,5921196.98,4544156.54,32642.7,1409683.14,12,False,False,False,0.767439,0.976844,0
dados_bancarios,120644.5,1051080.35,930435.85,62778.18,183422.68,13,True,False,False,0.885219,0.65774,0
chave_pix,0.01,0.01001,0.0,6662.11,6662.12,22,True,True,False,0.0,2e-06,0
pix_copia_e_cola,1024325.3,6428140.68,5403815.38,11734.96,1036060.26,21,True,True,True,0.84065,0.988673,0
pix_copia_e_cola,1375288.77,8164407.06,6789118.29,10071.99,1385360.76,17,True,False,False,0.831551,0.99273,0
chave_pix,1938221.98,9102344.13,7164122.15,26818.36,1965040.34,16,True,False,False,0.787063,0.986352,0
chave_pix,621738.53,3442533.78,2820795.25,5825.97,627564.5,16,True,False,False,0.819395,0.990717,0
chave_pix,431117.75,1963962.57,1532844.82,2892.54,434010.29,9,True,False,False,0.780486,0.993335,0
chave_pix,972783.96,1069675.57,96891.61,253100.44,1225884.4,19,True,False,False,0.09058,0.793536,0
dados_bancarios,3131194.18,18507300.75,15376106.57,39237.35,3170431.53,8,False,False,False,0.830813,0.987624,0
chave_pix,349501.37,349850.87136999995,349.5,719.01,350220.38,19,True,False,False,0.000999,0.997947,1
chave_pix,514543.02,2429788.53,1915245.51,12542.93,527085.95,14,True,False,False,0.788235,0.976203,0
chave_pix,157415.3,309950.92,152535.62,19332.79,176748.09,13,True,False,False,0.492128,0.89062,0
chave_pix,2514878.33,2517393.21,2514.88,1888.61,2516766.94,0,True,True,True,0.000999,0.99925,1
chave_pix,2313948.38,10501106.89,8187158.51,1864.46,2315812.84,10,True,False,False,0.779647,0.999195,0
chave_pix,131386.82,675968.52,544581.7,51364.71,182751.53,22,True,True,True,0.805632,0.718937,0
pix_copia_e_cola,912290.07,3332720.47,2420430.4,46979.14,959269.21,20,True,True,True,0.726263,0.951026,0
chave_pix,1187368.06,3397741.16,2210373.1,35399.07,1222767.13,16,False,False,False,0.650542,0.97105,0
chave_pix,58020.57,533392.95,475372.38,132554.2,190574.77,10,False,False,False,0.891224,0.30445,0
dados_bancarios,12506.65,140452.7,127946.05,2658.05,15164.7,20,True,True,True,0.910955,0.824721,1
chave_pix,149452.69,563605.55,414152.86,7767.74,157220.43,21,False,True,True,0.734828,0.950593,0
chave_pix,1104378.13,6625542.79,5521164.66,12674.82,1117052.95,22,True,True,True,0.833315,0.988653,0
chave_pix,1650694.07,10910321.09,9259627.02,11392.88,1662086.95,17,False,False,False,0.848703,0.993145,0
chave_pix,429717.44,430147.15744,429.72,0.01,429717.45,5,True,True,True,0.000999,1.0,1
chave_pix,72323.84,320734.63,248410.79,17108.23,89432.07,18,True,False,False,0.774506,0.808701,0
chave_pix,1290967.91,5795806.21,4504838.3,50008.4,1340976.31,9,False,False,False,0.777258,0.962707,0
chave_pix,1176.41,106195.3,105018.89,105.49,1281.9,1,True,True,True,0.988922,0.917708,1
chave_pix,1938570.78,10312777.59,8374206.81,5755.38,1944326.16,12,True,False,False,0.812022,0.99704,0
dados_bancarios,359578.62,2970058.54,2610479.92,4288.08,363866.7,16,False,False,False,0.878932,0.988215,0
chave_pix,359133.39,2267080.08,1907946.69,43088.24,402221.63,21,False,True,True,0.841588,0.892874,0
chave_pix,596790.6,1509970.85,913180.25,19810.55,616601.15,17,True,False,False,0.604767,0.967871,0
dados_bancarios,9806038.97,34976539.97,25170501.0,28363.14,9834402.11,18,False,False,False,0.71964,0.997116,0
chave_pix,292743.85,2939608.01,2646864.16,147925.16,440669.01,12,False,False,False,0.900414,0.664317,0
chave_pix,581303.53,3929256.0,3347952.47,33227.42,614530.95,16,False,False,False,0.852058,0.94593,0
chave_pix,327125.39,2856484.02,2529358.63,27853.85,354979.24,16,True,False,False,0.88548,0.921534,0
chave_pix,25995.47,1777461.34,1751465.87,127493.31,153488.78,2,True,True,True,0.985375,0.169364,0
chave_pix,398230.43,587971.92,189741.49,589.87,398820.3,5,True,True,True,0.322705,0.998521,1
dados_bancarios,1348499.33,1520399.67,171900.34,190.73,1348690.06,13,True,False,False,0.113063,0.999859,1
dados_bancarios,736495.57,3726658.35,2990162.78,10974.31,747469.88,15,True,False,False,0.802371,0.985318,0
chave_pix,1558.46,1560.02,1.56,1954.13,3512.59,15,True,False,False,0.001,0.443678,1
chave_pix,560726.3,1124887.29,564160.99,29098.07,589824.37,12,False,False,False,0.501527,0.950667,0
pix_copia_e_cola,917757.47,8094390.81,7176633.34,122680.46,1040437.93,14,False,False,False,0.886618,0.882088,0
pix_copia_e_cola,325043.99,1759168.3,1434124.31,6722.98,331766.97,20,True,True,True,0.815229,0.979736,0
chave_pix,3413056.0,13051482.38,9638426.38,28583.97,3441639.97,13,False,False,False,0.738493,0.991695,0
chave_pix,0.01,469327.6,469327.59,2665.71,2665.72,0,False,True,False,1.0,4e-06,1
chave_pix,0.01,2120420.37,2120420.36,9657.54,9657.55,12,True,False,False,1.0,1e-06,0
chave_pix,2225121.71,9355398.74,7130277.03,7849.88,2232971.59,20,True,True,True,0.762156,0.996485,0
chave_pix,851242.3,3169350.61,2318108.31,51357.05,902599.35,12,False,False,False,0.731414,0.943101,0
chave_pix,514098.87,2778787.49,2264688.62,8912.48,523011.35,22,False,True,True,0.814992,0.982959,0
dados_bancarios,1218030.6,7394320.99,6176290.39,13170.16,1231200.76,15,True,False,False,0.835275,0.989303,0
chave_pix,278477.17,510549.69,232072.52,74325.31,352802.48,18,True,False,False,0.454554,0.789329,0
chave_pix,150080.06,1452676.23,1302596.17,50582.53,200662.59,15,False,False,False,0.896687,0.747922,0
chave_pix,419413.91,3465972.36,3046558.45,25965.38,445379.29,13,True,False,False,0.878991,0.941701,0
chave_pix,204551.13,779593.07,575041.94,10044.33,214595.46,19,True,False,False,0.737618,0.953194,0
chave_pix,1892147.32,5661023.74,3768876.42,4072.62,1896219.94,12,False,False,False,0.665759,0.997852,0
pix_copia_e_cola,1489433.43,6384710.15,4895276.72,91001.19,1580434.62,17,True,False,False,0.766719,0.94242,0
pix_copia_e_cola,3201628.16,4066087.84,864459.68,447.79,3202075.95,8,True,False,False,0.212602,0.99986,1
chave_pix,364735.39,1742953.91,1378218.52,67602.33,432337.72,11,False,False,False,0.790737,0.843635,0
chave_pix,396529.65,1753366.39,1356836.74,13627.5,410157.15,19,False,False,False,0.773847,0.966775,0
chave_pix,188888.53,189077.41852999997,188.89,7368.42,196256.95,14,False,False,False,0.000999,0.962455,0
chave_pix,1342273.05,8177983.08,6835710.03,16250.0,1358523.05,10,True,False,False,0.835867,0.988038,0
chave_pix,173057.97,173231.02797,173.06,20646.39,193704.36,19,False,False,False,0.000999,0.893413,0
chave_pix,1296863.0,2517425.07,1220562.07,73315.6,1370178.6,11,True,False,False,0.484845,0.946492,0
dados_bancarios,213313.66,1323986.91,1110673.25,9209.85,222523.51,12,False,False,False,0.838885,0.958612,0
dados_bancarios,505388.69,2711838.58,2206449.89,7184.09,512572.78,15,False,False,False,0.813636,0.985984,0
pix_copia_e_cola,150924.76,151075.68,150.92,1193.81,152118.57,23,True,True,True,0.000999,0.992152,1
chave_pix,10243585.49,10742212.32,498626.83,1834.47,10245419.96,4,False,True,True,0.046418,0.999821,1
chave_pix,342687.42,1953431.05,1610743.63,41656.48,384343.9,13,True,False,False,0.824572,0.891617,0
chave_pix,482196.87,5453605.1,4971408.23,16509.44,498706.31,10,False,False,False,0.911582,0.966895,0
pix_copia_e_cola,96292.44,96388.73243999999,96.29,39223.06,135515.5,15,True,False,False,0.000999,0.710564,0
dados_bancarios,204359.18,715001.89,510642.71,2360.78,206719.96,13,True,False,False,0.714184,0.98858,0
dados_bancarios,1312406.14,1313718.55,1312.41,24.22,1312430.36,3,True,True,True,0.000999,0.999982,1
chave_pix,343051.51,3697877.61,3354826.1,101179.2,444230.71,12,True,False,False,0.90723,0.772237,0
chave_pix,1030125.99,3682730.31,2652604.32,13453.23,1043579.22,19,True,False,False,0.720282,0.987109,0
chave_pix,268988.18,269257.16818,268.99,16013.83,285002.01,10,True,False,False,0.000999,0.943812,0
dados_bancarios,16493.9,16510.3939,16.49,40694.54,57188.44,15,False,False,False,0.000999,0.288413,0
dados_bancarios,360832.07,2239682.83,1878850.76,8923.29,369755.36,17,False,False,False,0.838891,0.975867,0
chave_pix,154144.96,1398861.88,1244716.92,13713.76,167858.72,10,True,False,False,0.889807,0.918302,0
pix_copia_e_cola,774591.38,3137536.23,2362944.85,0.01,774591.39,13,True,False,False,0.753121,1.0,0
dados_bancarios,361196.94,612560.78,251363.84,41955.9,403152.84,15,True,False,False,0.410349,0.895931,0
pix_copia_e_cola,74875.86,1145702.44,1070826.58,8723.22,83599.08,7,True,False,False,0.934646,0.895654,0
pix_copia_e_cola,9473336.92,13198898.98,3725562.06,1155.87,9474492.79,2,True,True,True,0.282263,0.999878,1
chave_pix,220643.11,1418709.91,1198066.8,6273.88,226916.99,19,False,False,False,0.844476,0.972352,0
dados_bancarios,586593.44,10491857.74,9905264.3,7638.66,594232.1,17,False,False,False,0.944091,0.987145,0
chave_pix,1344182.58,6702858.7,5358676.12,20817.03,1364999.61,7,False,False,False,0.799461,0.984749,0
dados_bancarios,378036.81,638565.57,260528.76,10487.89,388524.7,18,False,False,False,0.407991,0.973006,0
dados_bancarios,283829.88,454550.6,170720.72,3564.08,287393.96,22,False,True,True,0.375581,0.987599,1
dados_bancarios,2174073.11,4238416.7,2064343.59,8942.88,2183015.99,20,False,True,True,0.487055,0.995903,0
pix_copia_e_cola,102806.36,909353.72,806547.36,21928.12,124734.48,11,False,False,False,0.886946,0.824202,0
chave_pix,121273.87,624574.54,503300.67,36258.68,157532.55,18,True,False,False,0.80583,0.769834,0
pix_copia_e_cola,837174.93,6921802.67,6084627.74,39628.71,876803.64,12,True,False,False,0.879052,0.954803,0
chave_pix,324602.97,2668183.96,2343580.99,19156.48,343759.45,14,False,False,False,0.878343,0.944274,0
chave_pix,1356903.88,7984766.75,6627862.87,21752.51,1378656.39,10,True,False,False,0.830063,0.984222,0
chave_pix,271550.97,421597.41,150046.44,7907.08,279458.05,13,False,False,False,0.3559,0.971706,0
chave_pix,1081791.43,9501085.09,8419293.66,73984.39,1155775.82,12,True,False,False,0.88614,0.935987,0
chave_pix,232469.74,317783.82,85314.08,143.9,232613.64,9,True,False,False,0.268466,0.999381,1
pix_copia_e_cola,1123561.68,1178223.88,54662.2,854.39,1124416.07,5,True,True,True,0.046394,0.99924,1
chave_pix,70565.01,740344.89,669779.88,20891.86,91456.87,15,True,False,False,0.904686,0.771566,0
chave_pix,0.01,0.01001,0.0,72011.37,72011.38,15,False,False,False,0.0,0.0,0
chave_pix,67861.03,150267.35,82406.32,1062.93,68923.96,1,True,True,True,0.548398,0.984578,1
chave_pix,308778.37,360318.72,51540.35,780.59,309558.96,6,True,False,False,0.143041,0.997478,1
chave_pix,10887718.41,48233681.01,37345962.6,63581.57,10951299.98,10,False,False,False,0.774271,0.994194,0
chave_pix,787303.32,788090.6233199999,787.3,421.48,787724.8,10,True,False,False,0.000999,0.999465,1
chave_pix,108779.53,108888.31,108.78,99.75,108879.28,17,True,False,False,0.000999,0.999084,1
chave_pix,128215.83,128344.04582999999,128.22,38539.81,166755.64,8,True,False,False,0.000999,0.768885,0
chave_pix,5510313.01,6953073.95,1442760.94,199.6,5510512.61,9,True,False,False,0.2075,0.999964,1
chave_pix,807808.97,8032177.29,7224368.32,8045.16,815854.13,8,False,False,False,0.899428,0.990139,0
dados_bancarios,651206.78,8357834.88,7706628.1,36971.75,688178.53,12,False,False,False,0.922084,0.946276,0
chave_pix,340522.29,2180085.95,1839563.66,3866.17,344388.46,16,True,False,False,0.843803,0.988774,0
pix_copia_e_cola,109505.48,1679206.93,1569701.45,44941.83,154447.31,13,False,False,False,0.934787,0.709015,0
chave_pix,908921.73,3566742.39,2657820.66,24237.08,933158.81,12,True,False,False,0.745168,0.974027,0
chave_pix,393066.79,1941447.55,1548380.76,17377.21,410444.0,16,True,False,False,0.797539,0.957662,0
dados_bancarios,254370.9,2992949.86,2738578.96,55404.59,309775.49,22,False,True,True,0.91501,0.821146,0
chave_pix,230584.35,630914.05,400329.7,105515.49,336099.84,19,True,False,False,0.634523,0.686059,0
dados_bancarios,1146857.5,3432407.47,2285549.97,6156.72,1153014.22,13,False,False,False,0.665874,0.99466,0
chave_pix,99025.74,672629.43,573603.69,20272.84,119298.58,20,True,True,True,0.852778,0.830066,0
chave_pix,23574.7,159902.11,136327.41,14169.96,37744.66,9,True,False,False,0.852568,0.624584,1
chave_pix,163587.55,163751.13754999996,163.59,61296.69,224884.24,21,False,True,True,0.000999,0.72743,0
dados_bancarios,1290886.11,1583682.83,292796.72,155.49,1291041.6,6,False,False,False,0.184883,0.99988,1
chave_pix,218117.33,238066.53,19949.2,369.7,218487.03,21,True,True,True,0.083797,0.998308,1
chave_pix,674299.05,1341288.14,666989.09,58190.86,732489.91,22,False,True,True,0.497275,0.920557,0
chave_pix,1211148.19,14550686.37,13339538.18,108282.51,1319430.7,20,False,True,True,0.916764,0.917932,0
dados_bancarios,0.01,944922.55,944922.54,984.76,984.77,12,False,False,False,1.0,1e-05,0
chave_pix,400462.33,649904.62,249442.29,22038.71,422501.04,14,True,False,False,0.383814,0.947838,0
chave_pix,289472.11,2246406.25,1956934.14,7732.32,297204.43,17,False,False,False,0.87114,0.973983,0
chave_pix,638506.76,984183.35,345676.59,751.31,639258.07,20,False,True,True,0.351232,0.998825,1
chave_pix,769973.94,3249284.33,2479310.39,55144.83,825118.77,11,False,False,False,0.763033,0.933167,0
chave_pix,137687.06,315145.09,177458.03,10992.98,148680.04,6,True,False,False,0.563099,0.926063,1
chave_pix,0.01,18314.8,18314.79,22738.91,22738.92,5,True,True,False,0.999999,0.0,0
chave_pix,517195.22,4399849.14,3882653.92,10533.07,527728.29,11,True,False,False,0.882452,0.980041,0
chave_pix,1127970.58,4055864.36,2927893.78,62410.4,1190380.98,14,False,False,False,0.721891,0.947571,0
chave_pix,221661.68,833878.27,612216.59,7834.41,229496.09,19,True,False,False,0.73418,0.965863,0
chave_pix,336578.65,1033251.12,696672.47,40074.54,376653.19,9,False,False,False,0.674253,0.893604,0
chave_pix,106570.91,141565.19,34994.28,0.01,106570.92,23,False,True,True,0.247196,1.0,0
pix_copia_e_cola,624594.1,2153135.02,1528540.92,16351.74,640945.84,11,False,False,False,0.709914,0.974488,0
chave_pix,5887860.35,17013416.57,11125556.22,2946.8,5890807.15,18,False,False,False,0.653928,0.9995,0
chave_pix,266310.31,1055904.01,789593.7,42609.81,308920.12,21,True,True,True,0.747789,0.862069,0
chave_pix,49107.54,49156.64754,49.11,17845.37,66952.91,1,True,True,True,0.000999,0.733464,0
chave_pix,321572.25,877095.2,555522.95,5832.19,327404.44,23,True,True,True,0.633367,0.982187,0
dados_bancarios,8664.55,714780.53,706115.98,19857.04,28521.59,13,True,False,False,0.987878,0.303789,0
dados_bancarios,0.01,84247.47,84247.46,1370.45,1370.46,17,True,False,False,1.0,7e-06,1
chave_pix,152372.18,188526.98,36154.8,11340.26,163712.44,2,True,True,True,0.191775,0.930731,1
chave_pix,545255.92,2285353.48,1740097.56,11868.96,557124.88,23,False,True,True,0.761413,0.978696,0
chave_pix,571473.41,616855.85,45382.44,910.58,572383.99,0,False,True,True,0.073571,0.998409,1
chave_pix,139805.86,420279.12,280473.26,32264.84,172070.7,13,False,False,False,0.66735,0.812491,0
chave_pix,292081.85,743478.3,451396.45,27220.59,319302.44,22,False,True,True,0.607141,0.91475,0
chave_pix,572270.34,2326819.68,1754549.34,27823.68,600094.02,13,True,False,False,0.754055,0.953634,0
dados_bancarios,1111847.87,7882305.79,6770457.92,10369.69,1122217.56,15,False,False,False,0.858944,0.99076,0
chave_pix,394357.27,1638189.45,1243832.18,22564.34,416921.61,9,False,False,False,0.759272,0.945879,0
chave_pix,1276389.91,1387047.94,110658.03,50262.58,1326652.49,19,True,False,False,0.07978,0.962113,0
pix_copia_e_cola,946461.8,2767953.23,1821491.43,69295.12,1015756.92,14,True,False,False,0.658064,0.93178,0
chave_pix,150809.68,2729339.8,2578530.12,39299.25,190108.93,21,True,True,True,0.944745,0.79328,0
chave_pix,506179.48,1069481.76,563302.28,19552.76,525732.24,17,False,False,False,0.526706,0.962809,0
dados_bancarios,241264.91,2440114.72,2198849.81,16868.24,258133.15,17,True,False,False,0.901126,0.934653,0
dados_bancarios,494511.48,495005.9914799999,494.51,40178.81,534690.29,9,True,False,False,0.000999,0.924856,0
pix_copia_e_cola,39293.32,39332.61332,39.29,65717.33,105010.65,15,False,False,False,0.000999,0.374184,0
pix_copia_e_cola,6671944.44,45524024.31,38852079.87,1179.63,6673124.07,15,False,False,False,0.853441,0.999823,0
chave_pix,109249.83,189667.93,80418.1,105629.4,214879.23,19,True,False,False,0.423994,0.508424,0
chave_pix,817105.87,3949251.26,3132145.39,5769.2,822875.07,16,True,False,False,0.793099,0.992989,0
dados_bancarios,28568.29,175326.71,146758.42,13644.24,42212.53,12,True,False,False,0.837057,0.676773,0
pix_copia_e_cola,350103.11,1184766.29,834663.18,38483.36,388586.47,11,True,False,False,0.704496,0.900966,0
chave_pix,1128953.4,6702246.67,5573293.27,8295.29,1137248.69,21,True,True,True,0.831556,0.992706,0
chave_pix,109205.82,327166.41,217960.59,11197.81,120403.63,10,False,False,False,0.666207,0.906998,0
chave_pix,151266.44,1533323.04,1382056.6,11523.95,162790.39,18,True,False,False,0.901347,0.92921,0
pix_copia_e_cola,1072336.01,1582663.68,510327.67,33086.4,1105422.41,21,True,True,True,0.322449,0.970069,0
dados_bancarios,327426.45,3010015.91,2682589.46,13634.54,341060.99,17,True,False,False,0.891221,0.960023,0
dados_bancarios,0.01,66763.16,66763.15,15159.09,15159.1,1,True,True,False,1.0,1e-06,0
chave_pix,185270.23,315892.16,130621.93,40331.15,225601.38,0,True,True,True,0.413502,0.821228,0
chave_pix,57588.33,1414913.56,1357325.23,32434.3,90022.63,16,False,False,False,0.959299,0.639709,0
chave_pix,307897.28,357977.97,50080.69,18423.12,326320.4,10,True,False,False,0.139899,0.943543,0
chave_pix,1058850.2,3618016.83,2559166.63,12296.7,1071146.9,11,True,False,False,0.70734,0.98852,0
pix_copia_e_cola,900480.08,928321.15,27841.07,887.04,901367.12,10,True,False,False,0.029991,0.999016,1
chave_pix,498176.62,561615.82,63439.2,12566.23,510742.85,11,False,False,False,0.112958,0.975396,0
chave_pix,1093826.72,4276858.81,3183032.09,40367.59,1134194.31,15,False,False,False,0.744245,0.964409,0
chave_pix,1053503.91,7108920.14,6055416.23,24145.33,1077649.24,15,True,False,False,0.851805,0.977594,0
dados_bancarios,335049.75,382436.04,47386.29,0.01,335049.76,21,False,True,True,0.123906,1.0,0
chave_pix,683697.34,5176671.98,4492974.64,15120.83,698818.17,9,True,False,False,0.867927,0.978362,0
chave_pix,1075033.29,2380203.93,1305170.64,17403.04,1092436.33,19,False,False,False,0.548344,0.98407,0
chave_pix,6845776.69,6852622.466689999,6845.78,389.57,6846166.26,22,True,True,True,0.000999,0.999943,1
chave_pix,676311.36,7582358.81,6906047.45,105127.48,781438.84,20,False,True,True,0.910805,0.865469,0
chave_pix,696763.08,1027777.91,331014.83,2505.28,699268.36,15,True,False,False,0.322068,0.996417,1
dados_bancarios,243757.66,244001.41765999998,243.76,4782.79,248540.45,20,True,True,True,0.000999,0.980756,1
pix_copia_e_cola,1342810.43,6629594.46,5286784.03,35610.67,1378421.1,14,True,False,False,0.797452,0.974166,0
chave_pix,13488.79,2613823.67,2600334.88,10708.8,24197.59,17,False,False,False,0.994839,0.557444,0
chave_pix,125159.2,125284.36,125.16,2620.42,127779.62,8,True,False,False,0.000999,0.979493,1
dados_bancarios,3142.83,67636.16,64493.33,200.79,3343.62,20,False,True,True,0.953533,0.939948,1
dados_bancarios,9545871.06,35110053.31,25564182.25,24154.51,9570025.57,15,False,False,False,0.728116,0.997476,0
chave_pix,360647.55,3519217.32,3158569.77,97555.44,458202.99,18,False,False,False,0.897521,0.787091,0
dados_bancarios,10157795.12,10182295.58,24500.46,569.35,10158364.47,1,True,True,True,0.002406,0.999944,1
pix_copia_e_cola,596691.25,653683.28,56992.03,6717.24,603408.49,16,True,False,False,0.087186,0.988868,0
dados_bancarios,806101.69,7492394.18,6686292.49,84107.68,890209.37,18,False,False,False,0.892411,0.905519,0
chave_pix,292730.36,2693715.49,2400985.13,13006.04,305736.4,22,True,True,True,0.891328,0.95746,0
dados_bancarios,531604.59,4513609.27,3982004.68,76608.7,608213.29,8,False,False,False,0.882222,0.874043,0
dados_bancarios,2887045.28,2889932.3252799995,2887.05,597.63,2887642.91,10,False,False,False,0.000999,0.999793,1
dados_bancarios,14949.84,17496.51,2546.67,520.35,15470.19,2,True,True,True,0.145553,0.966364,1
dados_bancarios,0.01,242913.26,242913.25,68085.05,68085.06,17,False,False,False,1.0,0.0,0
pix_copia_e_cola,347571.07,2228576.73,1881005.66,6852.81,354423.88,18,True,False,False,0.844039,0.980665,0
chave_pix,219029.58,3415786.41,3196756.83,65360.45,284390.03,16,False,False,False,0.935877,0.770173,0
chave_pix,1061190.77,1062251.96077,1061.19,1842.98,1063033.75,1,False,True,True,0.000999,0.998266,1
chave_pix,426359.64,2256996.36,1830636.72,35440.9,461800.54,19,False,False,False,0.811094,0.923255,0
chave_pix,944071.84,5114060.75,4169988.91,22683.51,966755.35,12,True,False,False,0.815397,0.976536,0
chave_pix,269735.55,951902.2,682166.65,211136.16,480871.71,17,True,False,False,0.716635,0.56093,0
pix_copia_e_cola,297577.29,1123643.57,826066.28,6088.76,303666.05,10,True,False,False,0.735168,0.979949,0
chave_pix,160107.2,1252448.68,1092341.48,73941.58,234048.78,11,True,False,False,0.872165,0.684076,0
chave_pix,651827.16,8310352.46,7658525.3,37266.76,689093.92,11,False,False,False,0.921564,0.945919,0
dados_bancarios,2108120.68,29398954.76,27290834.08,16378.34,2124499.02,20,True,True,True,0.928293,0.992291,0
chave_pix,76101.14,415663.67,339562.53,3079.93,79181.07,21,True,True,True,0.816917,0.961103,0
dados_bancarios,352900.14,10589555.87,10236655.73,40492.03,393392.17,23,True,True,True,0.966675,0.89707,0
chave_pix,70505.69,663430.06,592924.37,12084.04,82589.73,10,True,False,False,0.893726,0.853686,0
chave_pix,1066339.88,4076068.34,3009728.46,42952.26,1109292.14,15,True,False,False,0.73839,0.96128,0
chave_pix,2252825.17,2392697.76,139872.59,4790.44,2257615.61,21,False,True,True,0.058458,0.997878,1
chave_pix,0.01,2178465.21,2178465.2,19981.79,19981.8,17,False,False,False,1.0,1e-06,0
chave_pix,134184.03,145770.55,11586.52,1355.02,135539.05,18,True,False,False,0.079485,0.990003,0
dados_bancarios,195914.01,1761861.08,1565947.07,8626.48,204540.49,18,True,False,False,0.888803,0.957825,0
dados_bancarios,0.01,0.01001,0.0,1784.05,1784.06,0,False,True,False,0.0,6e-06,1
pix_copia_e_cola,783043.08,3123223.67,2340180.59,140.92,783184.0,19,True,False,False,0.749284,0.99982,0
chave_pix,1238879.7,4813438.02,3574558.32,33922.92,1272802.62,12,False,False,False,0.742621,0.973348,0
chave_pix,1109118.73,15172454.71,14063335.98,29761.3,1138880.03,12,True,False,False,0.926899,0.973868,0
chave_pix,0.01,960813.68,960813.67,64626.35,64626.36,12,True,False,False,1.0,0.0,0
chave_pix,96009.39,608960.91,512951.52,14566.91,110576.3,20,False,True,True,0.842339,0.868264,0
chave_pix,53184.61,541144.94,487960.33,15629.71,68814.32,14,True,False,False,0.901718,0.772871,0
chave_pix,756847.78,2900167.4,2143319.62,28827.88,785675.66,12,False,False,False,0.739033,0.963308,0
chave_pix,439065.98,5928924.26,5489858.28,60918.14,499984.12,23,True,True,True,0.925945,0.87816,0
pix_copia_e_cola,253442.43,1360481.78,1107039.35,21654.32,275096.75,11,True,False,False,0.813711,0.921285,0
chave_pix,334649.14,2493322.11,2158672.97,44573.14,379222.28,9,True,False,False,0.865782,0.882462,0
chave_pix,57918.07,161592.67,103674.6,31792.7,89710.77,20,True,True,True,0.64158,0.645609,0
dados_bancarios,64288.03,137935.66,73647.63,0.01,64288.04,11,True,False,False,0.533927,1.0,1
chave_pix,9065.34,9074.41,9.07,53.03,9118.37,10,True,False,False,0.001,0.994184,1
chave_pix,612627.94,8314875.01,7702247.07,100338.94,712966.88,9,True,False,False,0.926321,0.859266,0
chave_pix,1104640.05,3163967.96,2059327.91,30105.4,1134745.45,11,True,False,False,0.650869,0.973469,0
chave_pix,1489009.33,13977983.04,12488973.71,5740.37,1494749.7,17,True,False,False,0.893475,0.99616,0
chave_pix,526437.17,4315042.32,3788605.15,22106.81,548543.98,7,True,False,False,0.878,0.959699,0
dados_bancarios,952318.58,2585155.0,1632836.42,30309.13,982627.71,12,False,False,False,0.63162,0.969155,0
chave_pix,286023.11,1670025.36,1384002.25,47569.96,333593.07,15,True,False,False,0.828731,0.857401,0
chave_pix,510137.23,847739.94,337602.71,9685.61,519822.84,9,True,False,False,0.398239,0.981367,0
chave_pix,921827.96,4138320.59,3216492.63,24863.33,946691.29,21,False,True,True,0.777246,0.973737,0
dados_bancarios,260527.85,2018119.48,1757591.63,15885.32,276413.17,19,True,False,False,0.870906,0.942531,0
dados_bancarios,1455775.84,2324008.95,868233.11,497.82,1456273.66,4,True,True,True,0.373593,0.999658,1
chave_pix,4462.76,66124.2,61661.44,42311.3,46774.06,19,True,False,False,0.932509,0.095411,0
chave_pix,311242.84,1565359.22,1254116.38,8185.38,319428.22,20,False,True,True,0.801168,0.974375,0
chave_pix,1274430.78,6944947.88,5670517.1,12249.9,1286680.68,10,False,False,False,0.816495,0.990479,0
chave_pix,718119.87,2565045.17,1846925.3,2790.39,720910.26,21,True,True,True,0.720036,0.996129,0
chave_pix,446531.0,2417542.89,1971011.89,10976.39,457507.39,10,True,False,False,0.815296,0.976008,0
dados_bancarios,666425.05,1977603.68,1311178.63,170849.78,837274.83,13,False,False,False,0.663014,0.795945,0
chave_pix,288240.58,288528.82058,288.24,635.1,288875.68,0,False,True,True,0.000999,0.997801,1
chave_pix,1016081.0,1391706.69,375625.69,1414.03,1017495.03,8,True,False,False,0.269903,0.99861,1
dados_bancarios,407062.57,526575.19,119512.62,6655.74,413718.31,13,True,False,False,0.226962,0.983912,0
chave_pix,953871.08,3666914.38,2713043.3,13040.31,966911.39,14,False,False,False,0.739871,0.986513,0
dados_bancarios,1543167.94,6847165.64,5303997.7,32015.0,1575182.94,22,False,True,True,0.774627,0.979675,0
chave_pix,380397.99,1884175.21,1503777.22,157611.27,538009.26,10,True,False,False,0.798109,0.707047,0
chave_pix,292623.7,292916.3237,292.62,37685.92,330309.62,16,False,False,False,0.000999,0.885907,0
chave_pix,103288.5,1789176.13,1685887.63,14657.58,117946.08,14,True,False,False,0.94227,0.875726,0
dados_bancarios,32640.88,782669.02,750028.14,111298.08,143938.96,20,True,True,True,0.958295,0.226769,0
chave_pix,107891.16,1787179.99,1679288.83,10056.25,117947.41,13,True,False,False,0.939631,0.91474,0
chave_pix,888653.13,889541.7831299999,888.65,15272.17,903925.3,18,False,False,False,0.000999,0.983105,0
chave_pix,9026472.66,48605512.36,39579039.7,61943.66,9088416.32,15,False,False,False,0.814291,0.993184,0
chave_pix,775354.99,898669.4,123314.41,5826.21,781181.2,14,True,False,False,0.137219,0.992542,0
dados_bancarios,2352495.46,11308947.32,8956451.86,49996.69,2402492.15,13,False,False,False,0.791979,0.97919,0
chave_pix,49208.8,82210.66,33001.86,67072.3,116281.1,15,True,False,False,0.40143,0.423188,0
chave_pix,3082573.58,11496461.76,8413888.18,42639.03,3125212.61,16,False,False,False,0.731868,0.986356,0
chave_pix,656065.4,4212991.05,3556925.65,32907.34,688972.74,23,True,True,True,0.844276,0.952237,0
chave_pix,1259425.88,13121358.05,11861932.17,118680.99,1378106.87,22,False,True,True,0.904017,0.913881,0
pix_copia_e_cola,2504859.56,11343044.03,8838184.47,16210.54,2521070.1,12,False,False,False,0.779172,0.99357,0
chave_pix,598834.27,3508348.67,2909514.4,39665.28,638499.55,15,False,False,False,0.829312,0.937877,0
chave_pix,120406.39,248777.5,128371.11,2279.98,122686.37,7,True,False,False,0.516008,0.981416,1
chave_pix,240768.04,2212736.42,1971968.38,36671.46,277439.5,17,True,False,False,0.89119,0.867822,0
chave_pix,32375.45,101176.99,68801.54,28928.81,61304.26,12,False,False,False,0.680012,0.528111,0
chave_pix,158279.4,158437.68,158.28,263.54,158542.94,4,False,True,True,0.000999,0.998338,1
chave_pix,871279.65,2206527.08,1335247.43,7201.32,878480.97,14,False,False,False,0.605135,0.991803,0
chave_pix,1317982.01,17638184.49,16320202.48,19768.12,1337750.13,15,False,False,False,0.925277,0.985223,0
pix_copia_e_cola,1388297.3,4900350.4,3512053.1,210790.15,1599087.45,15,False,False,False,0.716694,0.868181,0
chave_pix,135734.11,146555.55,10821.44,12628.12,148362.23,12,False,False,False,0.073838,0.914883,0
dados_bancarios,166935.15,633221.6,466286.45,166347.6,333282.75,16,False,False,False,0.736372,0.500881,0
dados_bancarios,181400.85,1297515.98,1116115.13,8457.18,189858.03,17,False,False,False,0.860194,0.955455,0
chave_pix,854863.0,6302734.8,5447871.8,6507.89,861370.89,17,True,False,False,0.864366,0.992445,0
chave_pix,322014.08,866772.53,544758.45,13837.05,335851.13,22,False,True,True,0.628491,0.9588,0
dados_bancarios,241766.46,1530029.44,1288262.98,19451.4,261217.86,15,True,False,False,0.841986,0.925536,0
chave_pix,1152045.62,4065390.33,2913344.71,7759.02,1159804.64,14,True,False,False,0.716621,0.99331,0
chave_pix,1474803.81,1702157.39,227353.58,115.34,1474919.15,12,True,False,False,0.133568,0.999922,1
chave_pix,372823.99,1205239.42,832415.43,12790.3,385614.29,11,True,False,False,0.690664,0.966831,0
chave_pix,1435932.8,9528082.58,8092149.78,10764.57,1446697.37,13,False,False,False,0.849295,0.992559,0
pix_copia_e_cola,493.28,515.09,21.81,748.77,1242.05,5,False,True,False,0.042342,0.39715,1
chave_pix,921287.92,21112547.5,20191259.58,66022.03,987309.95,14,True,False,False,0.956363,0.933129,0
chave_pix,167666.05,579766.23,412100.18,224015.9,391681.95,15,False,False,False,0.710804,0.428067,0
pix_copia_e_cola,154826.69,154981.51669,154.83,146.19,154972.88,21,True,True,True,0.000999,0.999057,1
chave_pix,357573.98,6320199.62,5962625.64,51037.51,408611.49,12,True,False,False,0.943424,0.875095,0
chave_pix,888905.27,889794.18,888.91,2130.84,891036.11,1,True,True,True,0.000999,0.997609,1
chave_pix,655284.2,5734321.14,5079036.94,17261.38,672545.58,21,True,True,True,0.885726,0.974334,0
dados_bancarios,877898.78,2139262.3,1261363.52,9587.39,887486.17,13,False,False,False,0.589625,0.989197,0
chave_pix,2754456.59,10172358.6,7417902.01,7821.71,2762278.3,12,False,False,False,0.729221,0.997168,0
chave_pix,1870159.68,6235207.67,4365047.99,16836.45,1886996.13,11,False,False,False,0.700065,0.991078,0
chave_pix,145420.13,228213.15,82793.02,6203.92,151624.05,15,False,False,False,0.362788,0.959084,0
pix_copia_e_cola,332541.38,3022332.1,2689790.72,38042.61,370583.99,8,False,False,False,0.889972,0.897344,0
chave_pix,869116.26,11697865.74,10828749.48,11166.17,880282.43,9,False,False,False,0.925703,0.987315,0
pix_copia_e_cola,5039827.29,7553235.71,2513408.42,2458.34,5042285.63,21,True,True,True,0.332759,0.999512,1
chave_pix,484622.2,485106.82219999994,484.62,102494.77,587116.97,19,False,False,False,0.000999,0.825427,0
chave_pix,256394.89,1994172.84,1737777.95,6126.46,262521.35,21,True,True,True,0.871428,0.976663,0
chave_pix,1685945.97,6482338.49,4796392.52,39940.3,1725886.27,12,False,False,False,0.739917,0.976858,0
chave_pix,820343.53,4765722.69,3945379.16,10275.61,830619.14,16,True,False,False,0.827866,0.987629,0
dados_bancarios,78432.64,1662713.35,1584280.71,22354.57,100787.21,11,False,False,False,0.952829,0.7782,0
chave_pix,105173.19,889465.48,784292.29,21557.78,126730.97,13,True,False,False,0.881757,0.829893,0
dados_bancarios,2742866.81,7934368.92,5191502.11,9756.06,2752622.87,13,True,False,False,0.654306,0.996456,0
dados_bancarios,261820.17,3304548.52,3042728.35,50339.77,312159.94,12,False,False,False,0.92077,0.838737,0
chave_pix,125357.69,676758.37,551400.68,4861.81,130219.5,16,True,False,False,0.814767,0.962665,0
chave_pix,962633.34,3679169.38,2716536.04,438586.92,1401220.26,20,False,True,True,0.738356,0.686996,0
chave_pix,1101048.73,4233259.32,3132210.59,20326.64,1121375.37,18,True,False,False,0.739905,0.981873,0
dados_bancarios,932155.06,5908691.8,4976536.74,34405.95,966561.01,15,True,False,False,0.84224,0.964404,0
chave_pix,527399.49,3181270.69,2653871.2,12295.29,539694.78,20,False,True,True,0.834217,0.977218,0
chave_pix,903185.34,6259986.76,5356801.42,4274.89,907460.23,19,False,False,False,0.855721,0.995289,0
chave_pix,349777.58,5125645.93,4775868.35,7324.61,357102.19,15,True,False,False,0.931759,0.979489,0
chave_pix,24945.04,24969.98504,24.95,47835.5,72780.54,17,True,False,False,0.000999,0.342743,0
chave_pix,3791662.79,6880734.47,3089071.68,13379.18,3805041.97,20,False,True,True,0.448945,0.996484,0
chave_pix,615744.03,616359.77403,615.74,4918.89,620662.92,13,False,False,False,0.000999,0.992075,0
chave_pix,636489.03,6175656.75,5539167.72,9517.73,646006.76,11,True,False,False,0.896936,0.985267,0
chave_pix,9745904.55,12317245.6,2571341.05,8373.71,9754278.26,2,True,True,True,0.208759,0.999142,1
chave_pix,2389765.8,7777023.35,5387257.55,65474.44,2455240.24,22,False,True,True,0.692715,0.973333,0
chave_pix,341441.17,423305.98,81864.81,8789.24,350230.41,5,True,True,True,0.193394,0.974904,1
pix_copia_e_cola,751294.06,3835390.13,3084096.07,6663.37,757957.43,18,True,False,False,0.804115,0.991209,0
chave_pix,785340.02,2532045.78,1746705.76,38897.49,824237.51,13,True,False,False,0.68984,0.952808,0
chave_pix,1150448.34,3654338.76,2503890.42,21427.81,1171876.15,21,True,True,True,0.685183,0.981715,0
chave_pix,805240.49,1762276.22,957035.73,24802.0,830042.49,20,False,True,True,0.543068,0.97012,0
chave_pix,2515631.57,12468959.4,9953327.83,55799.72,2571431.29,9,False,False,False,0.798248,0.9783,0
chave_pix,43425.35,2376466.23,2333040.88,53301.49,96726.84,17,True,False,False,0.981727,0.448948,0
chave_pix,838295.76,5057772.61,4219476.85,23162.34,861458.1,11,True,False,False,0.834256,0.973113,0
chave_pix,0.01,0.01001,0.0,8215.93,8215.94,23,False,True,False,0.0,1e-06,0
chave_pix,849111.55,1559908.26,710796.71,10246.99,859358.54,20,True,True,True,0.455666,0.988076,0
dados_bancarios,249243.87,1056251.74,807007.87,134588.95,383832.82,22,True,True,True,0.76403,0.649355,0
dados_bancarios,2916323.18,19006150.16,16089826.98,22935.04,2939258.22,12,False,False,False,0.846559,0.992197,0
chave_pix,0.01,84981.44,84981.43,670.15,670.16,9,True,False,False,1.0,1.5e-05,1
chave_pix,889084.01,2176895.49,1287811.48,18780.01,907864.02,0,True,True,True,0.591582,0.979314,0
chave_pix,4666039.06,11025686.21,6359647.15,1065.18,4667104.24,9,True,False,False,0.576803,0.999772,0
chave_pix,522578.59,5001261.43,4478682.84,9045.29,531623.88,22,False,True,True,0.895511,0.982986,0
pix_copia_e_cola,293407.75,1001154.84,707747.09,5633.0,299040.75,16,True,False,False,0.706931,0.981163,0
pix_copia_e_cola,1774846.78,6409423.22,4634576.44,20734.09,1795580.87,8,False,False,False,0.723088,0.988453,0
chave_pix,84798.77,374785.77,289987.0,16556.83,101355.6,18,True,False,False,0.773741,0.836646,0
chave_pix,814835.18,4063455.6,3248620.42,23317.06,838152.24,12,False,False,False,0.799472,0.97218,0
chave_pix,520462.29,520982.7522899999,520.46,7.44,520469.73,22,False,True,True,0.000999,0.999986,1
chave_pix,226826.24,608276.28,381450.04,21672.54,248498.78,19,True,False,False,0.6271,0.912786,0
chave_pix,1127774.86,15211434.25,14083659.39,7724.79,1135499.65,21,False,True,True,0.92586,0.993197,0
dados_bancarios,405132.77,4856787.99,4451655.22,18781.89,423914.66,19,False,False,False,0.916584,0.955694,0
chave_pix,755098.03,2915888.92,2160790.89,3801.77,758899.8,13,False,False,False,0.74104,0.99499,0
dados_bancarios,128383.95,128512.33394999999,128.38,15373.64,143757.59,16,True,False,False,0.000999,0.893059,0
chave_pix,413855.96,414269.81596,413.86,4575.67,418431.63,18,True,False,False,0.000999,0.989065,0
chave_pix,963771.96,8300509.12,7336737.16,10264.55,974036.51,22,True,True,True,0.88389,0.989462,0
chave_pix,1129132.16,5866806.48,4737674.32,95826.74,1224958.9,16,True,False,False,0.807539,0.921771,0
chave_pix,2590586.81,17615183.88,15024597.07,26409.99,2616996.8,10,True,False,False,0.852934,0.989908,0
chave_pix,696328.54,2738055.71,2041727.17,56709.59,753038.13,17,False,False,False,0.745685,0.924692,0
chave_pix,341391.3,1806386.56,1464995.26,11526.73,352918.03,14,False,False,False,0.811009,0.967339,0
chave_pix,484796.58,1175188.39,690391.81,40489.83,525286.41,13,True,False,False,0.587473,0.922919,0
chave_pix,1204436.87,4502534.19,3298097.32,13043.02,1217479.89,18,True,False,False,0.732498,0.989287,0
pix_copia_e_cola,692654.27,907151.32,214497.05,4169.44,696823.71,2,False,True,True,0.236451,0.994017,1
chave_pix,389284.17,1177118.95,787834.78,21891.94,411176.11,16,True,False,False,0.669291,0.946758,0
chave_pix,347993.7,1291399.5,943405.8,95044.5,443038.2,11,True,False,False,0.73053,0.785471,0
chave_pix,94391.12,814424.3,720033.18,13659.81,108050.93,23,False,True,True,0.884101,0.87358,0
chave_pix,326544.15,980373.82,653829.67,18225.99,344770.14,20,True,True,True,0.666919,0.947136,0
dados_bancarios,331758.07,5354831.14,5023073.07,18167.4,349925.47,13,False,False,False,0.938045,0.948082,0
chave_pix,40446.06,40486.50605999999,40.45,22012.22,62458.28,12,True,False,False,0.000999,0.647569,0
chave_pix,370456.3,5404330.51,5033874.21,159657.64,530113.94,18,True,False,False,0.931452,0.698824,0
chave_pix,559010.38,4581875.1,4022864.72,53778.72,612789.1,11,True,False,False,0.877995,0.912239,0
pix_copia_e_cola,495565.06,3015738.35,2520173.29,18322.9,513887.96,11,True,False,False,0.835674,0.964345,0
chave_pix,4034.68,604909.62,600874.94,23244.25,27278.93,17,True,False,False,0.99333,0.147905,0
chave_pix,606175.59,2490139.25,1883963.66,32788.74,638964.33,16,True,False,False,0.75657,0.948685,0
dados_bancarios,719843.17,1003527.75,283684.58,15584.76,735427.93,18,False,False,False,0.282687,0.978809,0
chave_pix,1601689.5,11041758.53,9440069.03,158218.63,1759908.13,16,True,False,False,0.854943,0.910098,0
chave_pix,592472.27,4161134.84,3568662.57,6057.68,598529.95,17,True,False,False,0.857618,0.989879,0
chave_pix,387027.15,2320970.95,1933943.8,11494.87,398522.02,8,True,False,False,0.833248,0.971156,0
chave_pix,355433.93,3432266.44,3076832.51,22632.4,378066.33,19,True,False,False,0.896443,0.940136,0
chave_pix,241169.72,1313175.54,1072005.82,128770.16,369939.88,20,False,True,True,0.816346,0.651916,0
chave_pix,185529.91,260949.63,75419.72,1123.21,186653.12,6,True,False,False,0.28902,0.993982,1
chave_pix,853593.51,3465587.27,2611993.76,20637.28,874230.79,23,False,True,True,0.753694,0.976394,0
pix_copia_e_cola,488755.94,660059.22,171303.28,9764.34,498520.28,14,True,False,False,0.259527,0.980413,0
chave_pix,315797.84,2483310.53,2167512.69,29903.04,345700.88,14,True,False,False,0.872832,0.9135,0
dados_bancarios,181999.19,306559.73,124560.54,11841.34,193840.53,18,False,False,False,0.406317,0.938912,0
chave_pix,1225015.68,9176515.33,7951499.65,29821.11,1254836.79,16,True,False,False,0.866505,0.976235,0
chave_pix,487473.4,487960.8734,487.47,0.01,487473.41,10,False,False,False,0.000999,1.0,1
chave_pix,1513762.63,19116751.27,17602988.64,36563.85,1550326.48,19,True,False,False,0.920815,0.976415,0
pix_copia_e_cola,899173.0,7954568.86,7055395.86,25340.34,924513.34,15,True,False,False,0.886961,0.972591,0
pix_copia_e_cola,132416.06,1837617.85,1705201.79,9084.04,141500.1,11,True,False,False,0.927941,0.935802,0
chave_pix,58751.28,1083057.43,1024306.15,17983.29,76734.57,13,True,False,False,0.945754,0.765643,0
dados_bancarios,277262.13,1546720.12,1269457.99,11819.47,289081.6,17,False,False,False,0.820742,0.959114,0
pix_copia_e_cola,565453.31,706251.92,140798.61,22.86,565476.17,5,True,True,True,0.19936,0.99996,1
dados_bancarios,537308.17,3074043.46,2536735.29,15700.57,553008.74,18,True,False,False,0.825211,0.971609,0
dados_bancarios,94202.93,395530.81,301327.88,17692.04,111894.97,15,False,False,False,0.761832,0.841887,0
pix_copia_e_cola,585936.99,625018.45,39081.46,21988.06,607925.05,16,True,False,False,0.062528,0.963831,0
dados_bancarios,438847.48,673583.55,234736.07,20051.87,458899.35,18,False,False,False,0.348488,0.956304,0
dados_bancarios,215944.1,1817847.85,1601903.75,9713.63,225657.73,22,True,True,True,0.881209,0.956954,0
chave_pix,646031.77,1410564.16,764532.39,13923.03,659954.8,12,False,False,False,0.542005,0.978903,0
chave_pix,177281.4,984585.77,807304.37,26490.87,203772.27,16,False,False,False,0.819943,0.869998,0
dados_bancarios,1078426.07,10878721.4,9800295.33,9212.36,1087638.43,15,False,False,False,0.900868,0.99153,0
chave_pix,1728941.82,39205745.06,37476803.24,138816.5,1867758.32,11,True,False,False,0.955901,0.925677,0
chave_pix,1402.72,1312291.29,1310888.57,188110.03,189512.75,1,True,True,True,0.998931,0.007402,0
chave_pix,150137.2,217910.01,67772.81,77.38,150214.58,17,True,False,False,0.311013,0.999485,1
dados_bancarios,0.01,0.01001,0.0,15622.07,15622.08,21,False,True,False,0.0,1e-06,0
chave_pix,273646.2,746340.08,472693.88,7772.28,281418.48,20,True,True,True,0.633349,0.972382,0
dados_bancarios,122310.89,951780.6,829469.71,13532.0,135842.89,16,False,False,False,0.871493,0.900385,0
chave_pix,340276.64,1348300.82,1008024.18,62320.84,402597.48,14,True,False,False,0.747626,0.845203,0
pix_copia_e_cola,293237.32,3644583.08,3351345.76,63735.6,356972.92,9,False,False,False,0.919542,0.821455,0
chave_pix,80524.6,80605.1246,80.52,1265.38,81789.98,16,False,False,False,0.000999,0.984529,0
pix_copia_e_cola,1214557.34,9775633.13,8561075.79,7559.32,1222116.66,10,True,False,False,0.875757,0.993815,0
chave_pix,656558.74,1318526.6,661967.86,36706.44,693265.18,16,True,False,False,0.502051,0.947053,0
chave_pix,472790.75,830751.62,357960.87,44819.09,517609.84,23,False,True,True,0.430888,0.913411,0
chave_pix,170604.71,443101.07,272496.36,467.31,171072.02,15,False,False,False,0.614976,0.997268,1
chave_pix,0.01,0.01001,0.0,50232.03,50232.04,16,True,False,False,0.0,0.0,0
dados_bancarios,6695070.79,9178108.57,2483037.78,855.74,6695926.53,13,False,False,False,0.270539,0.999872,1
chave_pix,53259.12,53312.37912,53.26,34371.45,87630.57,16,False,False,False,0.000999,0.607769,0
chave_pix,544782.89,1839605.32,1294822.43,18555.04,563337.93,15,True,False,False,0.703859,0.967062,0
chave_pix,247164.66,420480.59,173315.93,764.09,247928.75,15,True,False,False,0.412185,0.996918,1
chave_pix,126268.0,1336659.47,1210391.47,23352.28,149620.28,20,False,True,True,0.905535,0.843923,0
chave_pix,10082288.11,14182856.12,4100568.01,298.18,10082586.29,22,False,True,True,0.289121,0.99997,1
chave_pix,636636.37,1300189.37,663553.0,0.01,636636.38,0,True,True,True,0.510351,1.0,1
chave_pix,241673.0,241914.67299999998,241.67,15310.03,256983.03,17,True,False,False,0.000999,0.940424,0
dados_bancarios,1581852.97,8380040.66,6798187.69,7397.08,1589250.05,14,True,False,False,0.811236,0.995346,0
chave_pix,64616.12,1010207.3,945591.18,26522.66,91138.78,12,True,False,False,0.936037,0.708986,0
pix_copia_e_cola,128197.57,564393.82,436196.25,91950.68,220148.25,10,False,False,False,0.772858,0.582324,0
chave_pix,768355.84,5200611.42,4432255.58,24831.41,793187.25,20,True,True,True,0.852257,0.968694,0
chave_pix,1789824.97,1791614.7949699997,1789.82,1233.09,1791058.06,15,True,False,False,0.000999,0.999312,1
chave_pix,206969.05,3148055.53,2941086.48,14223.92,221192.97,0,True,True,True,0.934255,0.935695,0
chave_pix,111467.61,182196.44,70728.83,12046.84,123514.45,5,True,True,True,0.388201,0.902466,1
chave_pix,2971160.56,11029564.72,8058404.16,2597.02,2973757.58,21,True,True,True,0.730619,0.999127,0
dados_bancarios,39913.48,260462.9,220549.42,41847.86,81761.34,10,True,False,False,0.846759,0.488171,0
chave_pix,4248865.66,46818499.8,42569634.14,50242.79,4299108.45,15,False,False,False,0.909248,0.988313,0
chave_pix,14003.2,14017.2032,14.0,19212.5,33215.7,15,False,False,False,0.000999,0.421584,0
dados_bancarios,51101.04,51152.141039999995,51.1,533.9,51634.94,12,True,False,False,0.000999,0.98966,1
dados_bancarios,845968.39,3581551.52,2735583.13,28245.54,874213.93,14,True,False,False,0.763798,0.96769,0
chave_pix,559805.55,6244340.04,5684534.49,25214.8,585020.35,9,False,False,False,0.91035,0.956899,0
chave_pix,134901.1,340005.82,205104.72,33806.8,168707.9,20,True,True,True,0.603239,0.799613,0
chave_pix,153518.91,1026795.78,873276.87,14913.74,168432.65,18,False,False,False,0.850487,0.911456,0
dados_bancarios,90573.92,548094.84,457520.92,6031.88,96605.8,19,True,False,False,0.834748,0.937562,0
chave_pix,214374.94,1023273.6,808898.66,26145.31,240520.25,20,False,True,True,0.790501,0.891297,0
chave_pix,273127.1,273400.22709999996,273.13,80468.69,353595.79,10,True,False,False,0.000999,0.772427,0
chave_pix,2014791.32,9386895.29,7372103.97,10166.58,2024957.9,18,True,False,False,0.785361,0.994979,0
dados_bancarios,532213.21,5238366.65,4706153.44,9019.38,541232.59,22,False,True,True,0.898401,0.983335,0
chave_pix,369593.37,4813331.79,4443738.42,14586.84,384180.21,17,True,False,False,0.923215,0.962031,0
chave_pix,416356.73,3698079.02,3281722.29,23278.55,439635.28,9,True,False,False,0.887413,0.94705,0
pix_copia_e_cola,2699.52,67322.96,64623.44,1496.56,4196.08,19,True,False,False,0.959902,0.643343,1
chave_pix,206119.9,2424155.6,2218035.7,24460.92,230580.82,21,False,True,True,0.914972,0.893916,0
chave_pix,244651.0,1473136.36,1228485.36,21087.17,265738.17,18,False,False,False,0.833925,0.920647,0
dados_bancarios,3888926.64,16956861.79,13067935.15,23808.76,3912735.4,8,True,False,False,0.770658,0.993915,0
chave_pix,396431.61,1210811.14,814379.53,22502.43,418934.04,16,False,False,False,0.67259,0.946286,0
chave_pix,320263.42,563729.23,243465.81,32896.74,353160.16,10,False,False,False,0.431884,0.90685,0
chave_pix,0.01,1721039.93,1721039.92,9026.39,9026.4,18,False,False,False,1.0,1e-06,0
chave_pix,384819.82,3200987.78,2816167.96,11762.59,396582.41,14,False,False,False,0.879781,0.97034,0
chave_pix,1189635.17,1485749.85,296114.68,2773.27,1192408.44,14,True,False,False,0.199303,0.997674,1
chave_pix,114904.69,115019.59468999998,114.9,42184.67,157089.36,22,True,True,True,0.000999,0.731461,0
pix_copia_e_cola,132088.3,572850.3,440762.0,62964.16,195052.46,12,True,False,False,0.769419,0.677194,0
pix_copia_e_cola,9202788.53,80482344.09,71279555.56,3001.42,9205789.95,10,False,False,False,0.885655,0.999674,0
dados_bancarios,2251552.77,32136911.41,29885358.64,18255.31,2269808.08,16,False,False,False,0.929939,0.991957,0
chave_pix,1490616.7,3620196.97,2129580.27,23017.42,1513634.12,22,True,True,True,0.58825,0.984793,0
chave_pix,732158.83,5313320.65,4581161.82,27526.77,759685.6,13,True,False,False,0.862203,0.963766,0
chave_pix,271618.42,1789303.96,1517685.54,15505.0,287123.42,20,False,True,True,0.848199,0.945999,0
chave_pix,832973.3,3089965.1,2256991.8,5092.56,838065.86,12,True,False,False,0.730426,0.993923,0
chave_pix,4103024.78,9408824.13,5305799.35,59635.31,4162660.09,15,True,False,False,0.563917,0.985674,0
chave_pix,123751.42,123875.17141999998,123.75,110064.24,233815.66,18,True,False,False,0.000999,0.529269,0
chave_pix,19478.08,19497.55808,19.48,3058.8,22536.88,17,False,False,False,0.000999,0.864276,0
chave_pix,1869237.83,2544225.87,674988.04,71.45,1869309.28,21,False,True,True,0.265302,0.999962,1
dados_bancarios,72788.9,178049.99,105261.09,5740.61,78529.51,18,True,False,False,0.591188,0.926899,0
chave_pix,681558.37,2421518.18,1739959.81,10214.95,691773.32,14,True,False,False,0.718541,0.985234,0
chave_pix,207153.81,530522.8,323368.99,22106.27,229260.08,20,True,True,True,0.609529,0.903576,0
chave_pix,324596.62,839320.68,514724.06,19350.62,343947.24,14,True,False,False,0.613263,0.94374,0
chave_pix,11082575.08,50875327.26,39792752.18,25788.48,11108363.56,11,False,False,False,0.782162,0.997678,0
chave_pix,751343.11,1387622.28,636279.17,543.79,751886.9,5,True,True,True,0.458539,0.999277,1
chave_pix,1052716.53,1053769.24653,1052.72,860.19,1053576.72,1,False,True,True,0.000999,0.999184,1
chave_pix,6188514.81,6194703.32,6188.51,11861.64,6200376.45,13,True,False,False,0.000999,0.998087,1
chave_pix,193868.51,3346377.23,3152508.72,58238.66,252107.17,19,True,False,False,0.942066,0.768992,0
chave_pix,244984.0,1186526.04,941542.04,88475.41,333459.41,23,True,True,True,0.793528,0.734674,0
chave_pix,535851.11,3397810.93,2861959.82,12719.15,548570.26,12,True,False,False,0.842295,0.976814,0
chave_pix,1407002.51,6561674.75,5154672.24,24277.87,1431280.38,12,True,False,False,0.785573,0.983038,0
dados_bancarios,374349.93,8034497.4,7660147.47,9880.41,384230.34,14,True,False,False,0.953407,0.974285,0
pix_copia_e_cola,179874.22,806681.67,626807.45,7675.46,187549.68,9,False,False,False,0.77702,0.959075,0
pix_copia_e_cola,416268.44,3976091.07,3559822.63,41859.57,458128.01,14,False,False,False,0.895307,0.908629,0
chave_pix,2641265.65,4635167.57,1993901.92,1369.4,2642635.05,7,True,False,False,0.430168,0.999482,1
pix_copia_e_cola,1018376.9,10561522.76,9543145.86,20592.38,1038969.28,15,True,False,False,0.903577,0.98018,0
pix_copia_e_cola,1220724.54,8142675.32,6921950.78,75090.98,1295815.52,16,False,False,False,0.850083,0.942051,0
chave_pix,491580.99,1958099.87,1466518.88,30184.33,521765.32,23,False,True,True,0.74895,0.94215,0
chave_pix,972225.22,2951118.76,1978893.54,47870.89,1020096.11,20,True,True,True,0.670557,0.953072,0
chave_pix,1054321.15,1362451.81,308130.66,510.96,1054832.11,20,True,True,True,0.226159,0.999516,1
dados_bancarios,327103.02,373701.19,46598.17,17796.24,344899.26,18,False,False,False,0.124694,0.948402,0
chave_pix,2722425.5,26051654.39,23329228.89,47250.35,2769675.85,16,False,False,False,0.895499,0.98294,0
chave_pix,117014.37,212989.8,95975.43,729.14,117743.51,18,True,False,False,0.45061,0.993807,1
pix_copia_e_cola,1386013.16,5451883.25,4065870.09,17269.59,1403282.75,11,True,False,False,0.745774,0.987693,0
dados_bancarios,476655.95,6512353.52,6035697.57,11141.36,487797.31,16,True,False,False,0.926807,0.97716,0
dados_bancarios,0.01,0.01001,0.0,836.19,836.2,4,True,True,False,0.0,1.2e-05,1
chave_pix,170019.56,528421.24,358401.68,1530.43,171549.99,22,True,True,True,0.67825,0.991079,1
chave_pix,110902.02,111012.92202,110.9,97.61,110999.63,1,False,True,True,0.000999,0.999121,1
chave_pix,64010.42,230927.66,166917.24,40511.41,104521.83,16,False,False,False,0.722812,0.612412,0
dados_bancarios,578119.45,3635980.77,3057861.32,12194.07,590313.52,10,False,False,False,0.841,0.979343,0
dados_bancarios,671489.9,4912076.11,4240586.21,15763.54,687253.44,22,True,True,True,0.863298,0.977063,0
pix_copia_e_cola,670928.08,1352009.78,681081.7,22618.86,693546.94,9,True,False,False,0.503755,0.967387,0
dados_bancarios,351865.18,1792102.01,1440236.83,6774.77,358639.95,18,False,False,False,0.803658,0.98111,0
dados_bancarios,863817.3,6508912.11,5645094.81,6868.77,870686.07,11,False,False,False,0.867287,0.992111,0
chave_pix,757831.48,1053201.78,295370.3,907.87,758739.35,22,False,True,True,0.28045,0.998803,1
dados_bancarios,1733284.99,4347479.17,2614194.18,54565.24,1787850.23,19,True,False,False,0.601313,0.96948,0
dados_bancarios,354228.0,1154543.64,800315.64,5566.0,359794.0,14,True,False,False,0.693188,0.98453,0
chave_pix,2404580.92,7927592.09,5523011.17,5623.45,2410204.37,13,False,False,False,0.696682,0.997667,0
chave_pix,211710.32,1068167.24,856456.92,32047.77,243758.09,18,True,False,False,0.8018,0.868526,0
chave_pix,438953.57,1840391.43,1401437.86,40860.05,479813.62,15,True,False,False,0.761489,0.914842,0
dados_bancarios,0.01,0.01001,0.0,0.01,0.02,20,True,True,False,0.0,0.5,1
chave_pix,590447.45,2828376.5,2237929.05,5663.13,596110.58,11,True,False,False,0.791242,0.9905,0
dados_bancarios,815755.68,2041793.35,1226037.67,24135.09,839890.77,16,True,False,False,0.600471,0.971264,0
pix_copia_e_cola,763282.08,15271057.85,14507775.77,40339.61,803621.69,12,True,False,False,0.950018,0.949803,0
chave_pix,64548.65,582286.57,517737.92,4857.81,69406.46,19,False,False,False,0.889146,0.930009,0
dados_bancarios,860346.29,4044448.48,3184102.19,10937.75,871284.04,17,False,False,False,0.787277,0.987446,0
dados_bancarios,425478.26,470788.39,45310.13,14729.14,440207.4,14,False,False,False,0.096243,0.96654,0
chave_pix,687807.81,5683379.34,4995571.53,6493.88,694301.69,14,False,False,False,0.878979,0.990647,0
chave_pix,341269.54,1128353.91,787084.37,21388.41,362657.95,16,False,False,False,0.697551,0.941023,0
chave_pix,1943840.89,4581165.39,2637324.5,156929.3,2100770.19,17,False,False,False,0.575689,0.925299,0
chave_pix,379975.21,704745.61,324770.4,24802.32,404777.53,15,True,False,False,0.460834,0.938726,0
chave_pix,940530.64,6395052.49,5454521.85,16652.64,957183.28,11,True,False,False,0.852928,0.982602,0
chave_pix,330792.03,2737015.72,2406223.69,13682.23,344474.26,22,True,True,True,0.879141,0.960281,0
chave_pix,10023630.44,10598028.83,574398.39,840.38,10024470.82,11,True,False,False,0.054199,0.999916,1
chave_pix,652537.24,2139875.88,1487338.64,11840.52,664377.76,20,True,True,True,0.695058,0.982178,0
chave_pix,1335566.33,9437510.03,8101943.7,77325.02,1412891.35,10,False,False,False,0.858483,0.945272,0
chave_pix,1496812.04,7239197.86,5742385.82,19420.52,1516232.56,8,True,False,False,0.793235,0.987192,0
dados_bancarios,1760877.63,7075022.74,5314145.11,13927.63,1774805.26,16,True,False,False,0.751114,0.992153,0
chave_pix,132937.15,1505664.57,1372727.42,35978.6,168915.75,10,True,False,False,0.911709,0.787003,0
pix_copia_e_cola,3013885.64,19506757.54,16492871.9,11612.56,3025498.2,15,False,False,False,0.845495,0.996162,0
chave_pix,227356.94,1066620.37,839263.43,81116.8,308473.74,13,True,False,False,0.786844,0.737038,0
chave_pix,450475.53,547719.54,97244.01,26231.99,476707.52,20,True,True,True,0.177543,0.944973,0
dados_bancarios,28882.12,28911.002119999997,28.88,320115.55,348997.67,19,True,False,False,0.000999,0.082757,0
pix_copia_e_cola,229481.86,338225.51,108743.65,1502.82,230984.68,16,True,False,False,0.321512,0.993494,1
chave_pix,1166056.63,3917405.25,2751348.62,9190.92,1175247.55,18,True,False,False,0.70234,0.99218,0
chave_pix,17215.79,1960029.36,1942813.57,111430.92,128646.71,10,False,False,False,0.991217,0.133822,0
chave_pix,166581.49,235195.65,68614.16,12182.92,178764.41,4,True,True,True,0.291732,0.931849,1
chave_pix,584789.09,3216561.03,2631771.94,8016.23,592805.32,14,True,False,False,0.818194,0.986477,0
dados_bancarios,102424.81,102527.23480999998,102.42,550.98,102975.79,11,True,False,False,0.000999,0.994649,1
chave_pix,667867.87,2917070.41,2249202.54,4236.05,672103.92,18,True,False,False,0.771048,0.993697,0
pix_copia_e_cola,348811.54,349160.35153999995,348.81,680.17,349491.71,2,False,True,True,0.000999,0.998054,1
chave_pix,312560.95,1073691.84,761130.89,37085.8,349646.75,11,True,False,False,0.708891,0.893934,0
chave_pix,705415.07,1935648.95,1230233.88,2944.96,708360.03,8,False,False,False,0.635567,0.995843,0
pix_copia_e_cola,310699.04,1753044.9,1442345.86,47192.53,357891.57,21,True,True,True,0.822766,0.868137,0
chave_pix,11338806.74,37742009.49,26403202.75,6844.13,11345650.87,16,False,False,False,0.699571,0.999397,0
dados_bancarios,4651.43,8266.97,3615.54,136.29,4787.72,16,False,False,False,0.437348,0.971533,1
chave_pix,155223.63,588061.12,432837.49,44277.94,199501.57,20,False,True,True,0.736042,0.778057,0
chave_pix,869997.07,6133430.91,5263433.84,4473.07,874470.14,12,False,False,False,0.858155,0.994885,0
chave_pix,77223.65,88484.79,11261.14,4022.68,81246.33,16,True,False,False,0.127266,0.950488,0
dados_bancarios,5558952.09,7858170.35,2299218.26,367.88,5559319.97,6,False,False,False,0.29259,0.999934,1
pix_copia_e_cola,406295.47,1702375.92,1296080.45,22712.39,429007.86,14,True,False,False,0.761336,0.947058,0
chave_pix,8536.78,8545.31678,8.54,7998.31,16535.09,14,True,False,False,0.000999,0.516283,0
pix_copia_e_cola,1415668.47,1870282.1,454613.63,0.01,1415668.48,12,True,False,False,0.243072,1.0,1
chave_pix,315420.37,1280300.29,964879.92,22437.68,337858.05,14,False,False,False,0.753636,0.933588,0
dados_bancarios,678210.23,3310374.17,2632163.94,47108.62,725318.85,13,False,False,False,0.795126,0.935051,0
chave_pix,254407.56,1014488.04,760080.48,39279.16,293686.72,19,True,False,False,0.749226,0.866255,0
chave_pix,115166.26,115281.42625999998,115.17,69220.67,184386.93,21,True,True,True,0.000999,0.62459,0
chave_pix,469228.26,5015422.03,4546193.77,10154.0,479382.26,2,True,True,True,0.906443,0.978819,0
dados_bancarios,1392347.46,4629112.12,3236764.66,70752.18,1463099.64,17,False,False,False,0.699219,0.951642,0
chave_pix,60532.69,1097280.62,1036747.93,26502.36,87035.05,8,True,False,False,0.944834,0.695498,0
dados_bancarios,586687.31,7111604.27,6524916.96,22984.12,609671.43,13,False,False,False,0.917503,0.962301,0
chave_pix,223055.2,455891.41,232836.21,26055.83,249111.03,12,True,False,False,0.510727,0.895405,0
chave_pix,5393228.23,5398621.46,5393.23,48.25,5393276.48,17,True,False,False,0.000999,0.999991,1
chave_pix,514135.4,3905721.93,3391586.53,4378.6,518514.0,19,False,False,False,0.868364,0.991555,0
chave_pix,27985.73,28013.72,27.99,2512.61,30498.34,8,True,False,False,0.000999,0.917615,1
pix_copia_e_cola,443620.0,4979311.32,4535691.32,1785.63,445405.63,14,False,False,False,0.910907,0.995991,0
chave_pix,188149.37,2379459.63,2191310.26,67353.3,255502.67,21,False,True,True,0.920928,0.736389,0
chave_pix,1176861.69,6562259.07,5385397.38,39221.29,1216082.98,17,False,False,False,0.820662,0.967748,0
pix_copia_e_cola,333315.06,674079.86,340764.8,8480.0,341795.06,13,False,False,False,0.505526,0.97519,0
pix_copia_e_cola,589065.68,3314974.81,2725909.13,10836.08,599901.76,14,True,False,False,0.822302,0.981937,0
dados_bancarios,9867.13,9876.997129999998,9.87,24.27,9891.4,8,False,False,False,0.000999,0.997546,1
chave_pix,2517468.46,5719672.02,3202203.56,100739.02,2618207.48,17,False,False,False,0.559858,0.961524,0
chave_pix,919890.01,5995838.75,5075948.74,14983.95,934873.96,16,False,False,False,0.846579,0.983972,0
chave_pix,70072.66,79017.3,8944.64,59.52,70132.18,4,True,True,True,0.113199,0.999151,1
chave_pix,1735786.25,8931367.27,7195581.02,6983.67,1742769.92,17,True,False,False,0.805653,0.995993,0
dados_bancarios,1330130.56,2260776.84,930646.28,18415.53,1348546.09,9,True,False,False,0.411649,0.986344,0
dados_bancarios,197513.37,349558.19,152044.82,18549.75,216063.12,18,True,False,False,0.434963,0.914147,0
dados_bancarios,423226.35,1808602.23,1385375.88,139525.8,562752.15,17,True,False,False,0.765993,0.752065,0
chave_pix,853308.98,5538121.64,4684812.66,19575.25,872884.23,13,False,False,False,0.845921,0.977574,0
chave_pix,655135.23,1751952.89,1096817.66,28632.4,683767.63,20,False,True,True,0.626054,0.958126,0
chave_pix,242969.06,1697520.46,1454551.4,13152.41,256121.47,15,False,False,False,0.856868,0.948648,0
chave_pix,465214.49,465679.7044899999,465.21,1255.89,466470.38,13,False,False,False,0.000999,0.997308,0
chave_pix,6546403.54,6552949.943539999,6546.4,674.07,6547077.61,14,True,False,False,0.000999,0.999897,1
pix_copia_e_cola,76642.85,81991.84,5348.99,3125.66,79768.51,9,True,False,False,0.065238,0.960816,1
dados_bancarios,2565031.73,12240286.47,9675254.74,16106.26,2581137.99,14,False,False,False,0.790443,0.99376,0
chave_pix,1745641.76,3681487.44,1935845.68,118517.69,1864159.45,12,True,False,False,0.525832,0.936423,0
chave_pix,539102.43,732059.67,192957.24,32852.87,571955.3,0,False,True,True,0.263581,0.94256,0
chave_pix,797329.71,798127.0397099999,797.33,5543.72,802873.43,12,False,False,False,0.000999,0.993095,1
chave_pix,117923.79,150176.18,32252.39,63907.88,181831.67,11,True,False,False,0.214764,0.648533,0
chave_pix,370194.5,1668945.83,1298751.33,8504.55,378699.05,14,True,False,False,0.778187,0.977543,0
chave_pix,785974.56,936162.76,150188.2,21246.68,807221.24,17,True,False,False,0.16043,0.973679,0
dados_bancarios,4086599.5,9433150.92,5346551.42,100643.81,4187243.31,16,False,False,False,0.566783,0.975964,0
chave_pix,417950.06,1079728.14,661778.08,11624.37,429574.43,14,False,False,False,0.612912,0.97294,0
dados_bancarios,568626.28,1874851.33,1306225.05,9189.48,577815.76,10,False,False,False,0.696709,0.984096,0
chave_pix,0.01,1594857.29,1594857.28,11300.23,11300.24,21,True,True,False,1.0,1e-06,0
chave_pix,193932.65,1492143.23,1298210.58,70125.88,264058.53,13,True,False,False,0.870031,0.734431,0
dados_bancarios,130031.29,130161.32128999998,130.03,12631.09,142662.38,12,False,False,False,0.000999,0.911462,0
dados_bancarios,1008809.93,7398447.55,6389637.62,21857.08,1030667.01,21,False,True,True,0.863646,0.978793,0
chave_pix,1744009.89,16879755.17,15135745.28,14940.52,1758950.41,21,False,True,True,0.89668,0.991506,0
chave_pix,714042.97,1927014.2,1212971.23,10101.81,724144.78,12,False,False,False,0.629456,0.98605,0
dados_bancarios,560469.32,765075.23,204605.91,9193.18,569662.5,13,False,False,False,0.267432,0.983862,0
chave_pix,243000.46,1848488.49,1605488.03,12597.04,255597.5,2,True,True,True,0.868541,0.950715,0
chave_pix,564036.46,1065983.53,501947.07,5056.51,569092.97,15,True,False,False,0.470877,0.991115,0
chave_pix,730141.51,9759778.29,9029636.78,27622.44,757763.95,19,True,False,False,0.925189,0.963547,0
chave_pix,437648.04,4681420.78,4243772.74,49504.36,487152.4,15,True,False,False,0.906514,0.89838,0
chave_pix,209560.98,1075411.39,865850.41,49542.17,259103.15,18,True,False,False,0.805134,0.808794,0
chave_pix,2006798.19,2536440.92,529642.73,354.47,2007152.66,23,True,True,True,0.208813,0.999823,1
dados_bancarios,27425.0,1035988.27,1008563.27,17191.15,44616.15,9,True,False,False,0.973528,0.614688,0
chave_pix,288205.95,648438.91,360232.96,58208.76,346414.71,18,True,False,False,0.555539,0.831968,0
chave_pix,317115.67,2974663.11,2657547.44,15367.7,332483.37,13,False,False,False,0.893394,0.953779,0
chave_pix,262427.3,603093.84,340666.54,353.12,262780.42,18,True,False,False,0.564865,0.998656,1
pix_copia_e_cola,379400.63,2431187.44,2051786.81,8178.75,387579.38,10,False,False,False,0.843944,0.978898,0
chave_pix,553334.99,1510397.89,957062.9,5604.28,558939.27,21,False,True,True,0.63365,0.989973,0
chave_pix,8093739.47,8385516.48,291777.01,153.04,8093892.51,22,True,True,True,0.034795,0.999981,1
chave_pix,174871.78,175046.65178,174.87,17190.8,192062.58,16,False,False,False,0.000999,0.910494,0
dados_bancarios,68917.02,68985.93702,68.92,11.45,68928.47,16,True,False,False,0.000999,0.999834,1
chave_pix,705713.67,7362395.0,6656681.33,23732.29,729445.96,14,True,False,False,0.904146,0.967465,0
chave_pix,728112.85,8639354.9,7911242.05,9377.67,737490.52,15,True,False,False,0.915721,0.987284,0
dados_bancarios,9989504.65,9999494.154649999,9989.5,1210.46,9990715.11,0,True,True,True,0.000999,0.999879,1
chave_pix,1299925.09,7143592.63,5843667.54,5217.55,1305142.64,18,True,False,False,0.818029,0.996002,0
chave_pix,93424.68,1194896.5,1101471.82,18115.29,111539.97,15,False,False,False,0.921814,0.837589,0
chave_pix,1129806.97,5099039.18,3969232.21,8212.54,1138019.51,18,False,False,False,0.778427,0.992783,0
chave_pix,461217.14,2960619.6,2499402.46,36723.47,497940.61,8,False,False,False,0.844216,0.926249,0
dados_bancarios,458817.62,2531268.04,2072450.42,14404.3,473221.92,11,False,False,False,0.81874,0.969561,0
chave_pix,59941.41,253193.07,193251.66,10013.17,69954.58,22,True,True,True,0.763258,0.856862,0
chave_pix,472902.28,2063743.46,1590841.18,32925.19,505827.47,15,True,False,False,0.770852,0.934908,0
pix_copia_e_cola,2754329.6,15148744.34,12394414.74,34877.71,2789207.31,12,False,False,False,0.818181,0.987495,0
dados_bancarios,89275.26,1184966.55,1095691.29,29901.66,119176.92,9,False,False,False,0.92466,0.749099,0
chave_pix,1758972.34,1760731.31234,1758.97,8783.7,1767756.04,16,False,False,False,0.000999,0.995031,1
dados_bancarios,929487.94,4091683.83,3162195.89,25841.59,955329.53,12,True,False,False,0.772835,0.97295,0
chave_pix,1293676.13,1294969.8061299997,1293.68,28564.82,1322240.95,12,False,False,False,0.000999,0.978397,0
chave_pix,299240.86,714898.43,415657.57,49170.53,348411.39,18,False,False,False,0.581422,0.858872,0
chave_pix,9761.84,67299.04,57537.2,9751.6,19513.44,15,True,False,False,0.854948,0.500262,0
chave_pix,1582040.6,5953063.28,4371022.68,120872.39,1702912.99,13,True,False,False,0.734248,0.92902,0
dados_bancarios,34840.98,1522279.75,1487438.77,13106.72,47947.7,21,False,True,True,0.977113,0.726645,0
chave_pix,314236.12,588004.58,273768.46,474.04,314710.16,12,False,False,False,0.465589,0.998494,1
dados_bancarios,298845.61,1524351.37,1225505.76,12657.58,311503.19,20,True,True,True,0.803952,0.959366,0
chave_pix,676782.61,3875174.89,3198392.28,26830.04,703612.65,12,False,False,False,0.825354,0.961868,0
chave_pix,355644.34,2794801.66,2439157.32,8888.22,364532.56,15,True,False,False,0.872748,0.975617,0
chave_pix,860082.59,15808415.84,14948333.25,23085.82,883168.41,18,True,False,False,0.945593,0.97386,0
chave_pix,64050.38,252782.12,188731.74,44053.07,108103.45,11,False,False,False,0.746618,0.592492,0
chave_pix,48479.08,417487.77,369008.69,697.82,49176.9,19,True,False,False,0.883879,0.98581,1
chave_pix,230136.48,1374255.04,1144118.56,51752.63,281889.11,12,False,False,False,0.832537,0.816408,0
chave_pix,1372365.92,39684451.66,38312085.74,17332.98,1389698.9,14,False,False,False,0.965418,0.987528,0
pix_copia_e_cola,2333134.87,28270390.45,25937255.58,12716.04,2345850.91,20,True,True,True,0.917471,0.994579,0
chave_pix,1243208.88,3764653.12,2521444.24,41149.46,1284358.34,7,False,False,False,0.669768,0.967961,0
dados_bancarios,555708.74,5726753.89,5171045.15,5605.17,561313.91,13,False,False,False,0.902963,0.990014,0
chave_pix,747395.54,869507.54,122112.0,28046.45,775441.99,15,False,False,False,0.140438,0.963832,0
pix_copia_e_cola,1191030.19,5579939.29,4388909.1,132460.85,1323491.04,11,True,False,False,0.786551,0.899916,0
pix_copia_e_cola,152158.47,534057.09,381898.62,34185.28,186343.75,14,False,False,False,0.71509,0.816547,0
pix_copia_e_cola,176238.9,176415.13889999996,176.24,29879.19,206118.09,15,True,False,False,0.000999,0.855038,0
chave_pix,424740.04,1615685.78,1190945.74,71925.86,496665.9,9,True,False,False,0.737115,0.855183,0
dados_bancarios,362839.88,1367916.86,1005076.98,30375.83,393215.71,22,True,True,True,0.73475,0.92275,0
chave_pix,520032.8,520552.8327999999,520.03,98.47,520131.27,17,True,False,False,0.000999,0.999811,1
chave_pix,449554.85,797454.71,347899.86,15793.86,465348.71,14,True,False,False,0.436263,0.96606,0
pix_copia_e_cola,368851.16,1592642.88,1223791.72,4656.02,373507.18,16,True,False,False,0.768403,0.987534,0
pix_copia_e_cola,2644032.68,8326712.64,5682679.96,34033.14,2678065.82,16,False,False,False,0.682464,0.987292,0
pix_copia_e_cola,223721.37,2330744.09,2107022.72,14049.21,237770.58,17,False,False,False,0.904013,0.940913,0
chave_pix,201822.04,2170494.38,1968672.34,15617.41,217439.45,23,True,True,True,0.907016,0.928176,0
chave_pix,305710.24,306015.95,305.71,445.53,306155.77,6,True,False,False,0.000999,0.998545,1
dados_bancarios,76804.01,80306.55,3502.54,828.8,77632.81,18,False,False,False,0.043615,0.989324,1
pix_copia_e_cola,900312.12,6198602.98,5298290.86,59973.43,960285.55,0,True,True,True,0.854756,0.937546,0
chave_pix,24934.6,530156.52,505221.92,7397.23,32331.83,21,False,True,True,0.952967,0.771209,0
dados_bancarios,826915.73,7194528.51,6367612.78,53742.39,880658.12,19,False,False,False,0.885063,0.938975,0
dados_bancarios,242179.39,243200.41,1021.02,1794.67,243974.06,11,False,False,False,0.004198,0.992644,1
pix_copia_e_cola,0.01,0.01001,0.0,35115.8,35115.81,15,True,False,False,0.0,0.0,0
chave_pix,1171444.21,5538699.05,4367254.84,10500.38,1181944.59,11,False,False,False,0.788498,0.991116,0
chave_pix,536981.77,2430586.55,1893604.78,32723.64,569705.41,11,True,False,False,0.779073,0.94256,0
chave_pix,510104.2,3077151.44,2567047.24,4350.92,514455.12,1,True,True,True,0.834228,0.991543,0
chave_pix,945290.7,3837202.71,2891912.01,32182.38,977473.08,18,False,False,False,0.753651,0.967076,0
pix_copia_e_cola,779354.03,4925169.74,4145815.71,34487.78,813841.81,19,True,False,False,0.841761,0.957623,0
chave_pix,1385311.46,13990850.67,12605539.21,19889.89,1405201.35,17,False,False,False,0.900984,0.985846,0
dados_bancarios,445773.72,2305879.84,1860106.12,1924.69,447698.41,19,True,False,False,0.80668,0.995701,0
dados_bancarios,1080327.5,2983238.23,1902910.73,1828.49,1082155.99,18,True,False,False,0.637868,0.99831,0
pix_copia_e_cola,382474.78,382857.25477999996,382.47,11859.82,394334.6,23,True,True,True,0.000999,0.969924,0
dados_bancarios,269384.04,513372.91,243988.87,578.5,269962.54,12,True,False,False,0.475266,0.997857,1
dados_bancarios,297383.12,4451367.59,4153984.47,72146.81,369529.93,14,True,False,False,0.933193,0.804761,0
dados_bancarios,1473775.21,11608826.22,10135051.01,34135.99,1507911.2,15,True,False,False,0.873047,0.977362,0
chave_pix,36956.27,65766.15,28809.88,269.46,37225.73,23,False,True,True,0.438065,0.992761,1
chave_pix,1810666.02,9521722.33,7711056.31,8299.12,1818965.14,15,True,False,False,0.809838,0.995437,0
chave_pix,450143.46,2723619.28,2273475.82,18202.17,468345.63,13,False,False,False,0.834726,0.961135,0
chave_pix,1069302.92,5138696.9,4069393.98,13652.06,1082954.98,8,True,False,False,0.791912,0.987394,0
chave_pix,1293407.42,3381527.76,2088120.34,20275.97,1313683.39,13,False,False,False,0.617508,0.984566,0
pix_copia_e_cola,319540.67,967640.76,648100.09,14751.35,334292.02,18,True,False,False,0.669773,0.955873,0
chave_pix,512260.19,2501354.25,1989094.06,136091.75,648351.94,18,True,False,False,0.795207,0.790096,0
chave_pix,627035.26,2413936.12,1786900.86,14271.36,641306.62,16,True,False,False,0.740244,0.977746,0
dados_bancarios,270414.22,298294.91,27880.69,1934.15,272348.37,10,True,False,False,0.093467,0.992898,1
chave_pix,1482741.34,1484224.08134,1482.74,0.01,1482741.35,13,True,False,False,0.000999,1.0,1
chave_pix,320506.61,458125.47,137618.86,55959.57,376466.18,15,True,False,False,0.300396,0.851356,0
chave_pix,1497029.57,2539421.35,1042391.78,10938.69,1507968.26,14,True,False,False,0.410484,0.992746,0
dados_bancarios,616661.66,5349756.19,4733094.53,15202.33,631863.99,12,True,False,False,0.884731,0.975941,0
chave_pix,74241.84,74316.08183999998,74.24,16505.46,90747.3,11,True,False,False,0.000999,0.818116,0
chave_pix,2035946.32,2093951.3,58004.98,24.33,2035970.65,13,False,False,False,0.027701,0.999988,1
dados_bancarios,701746.16,5084219.36,4382473.2,80753.65,782499.81,21,True,True,True,0.861976,0.8968,0
dados_bancarios,138551.35,196927.22,58375.87,394.63,138945.98,0,False,True,True,0.296434,0.99716,1
chave_pix,208122.76,3744215.36,3536092.6,21157.74,229280.5,17,False,False,False,0.944415,0.907721,0
pix_copia_e_cola,2159527.14,13267327.19,11107800.05,19123.85,2178650.99,12,True,False,False,0.83723,0.991222,0
pix_copia_e_cola,342554.23,3525548.32,3182994.09,26850.46,369404.69,18,True,False,False,0.902837,0.927314,0
pix_copia_e_cola,71361.95,71433.31194999999,71.36,159118.91,230480.86,1,False,True,True,0.000999,0.309622,0
chave_pix,349615.28,1319099.45,969484.17,6555.81,356171.09,15,False,False,False,0.734959,0.981594,0
chave_pix,544928.36,7116152.57,6571224.21,7149.24,552077.6,19,False,False,False,0.923424,0.98705,0
chave_pix,285682.68,419305.47,133622.79,96187.88,381870.56,17,True,False,False,0.318676,0.748114,0
pix_copia_e_cola,461386.55,3056423.82,2595037.27,16377.92,477764.47,12,True,False,False,0.849044,0.96572,0
chave_pix,3609395.03,20911197.95,17301802.92,19834.56,3629229.59,13,True,False,False,0.827394,0.994535,0
dados_bancarios,1207775.73,5453701.96,4245926.23,33598.13,1241373.86,15,True,False,False,0.77854,0.972935,0
chave_pix,795411.6,5849549.57,5054137.97,37953.37,833364.97,1,False,True,True,0.864022,0.954458,0
chave_pix,1516961.27,11077054.84,9560093.57,13372.19,1530333.46,13,True,False,False,0.863054,0.991262,0
chave_pix,680592.47,2276028.48,1595436.01,13731.38,694323.85,17,False,False,False,0.700974,0.980223,0
dados_bancarios,898236.45,2081284.83,1183048.38,45656.21,943892.66,8,False,False,False,0.568422,0.95163,0
chave_pix,587505.01,6161338.33,5573833.32,24420.03,611925.04,14,True,False,False,0.904647,0.960093,0
chave_pix,1304306.92,1305611.2269199998,1304.31,1257.16,1305564.08,2,False,True,True,0.000999,0.999037,1
chave_pix,1162758.95,2908392.85,1745633.9,99184.61,1261943.56,15,False,False,False,0.600206,0.921403,0
dados_bancarios,159133.09,717770.86,558637.77,149636.93,308770.02,22,False,True,True,0.778295,0.515377,0
chave_pix,484029.49,1886649.11,1402619.62,15540.61,499570.1,18,True,False,False,0.743445,0.968892,0
chave_pix,0.01,0.01001,0.0,26274.89,26274.9,16,True,False,False,0.0,0.0,0
dados_bancarios,221704.41,1699282.44,1477578.03,13667.9,235372.31,11,False,False,False,0.869531,0.941931,0
dados_bancarios,26153.82,26179.97,26.15,243.99,26397.81,10,False,False,False,0.000999,0.990757,1
dados_bancarios,143172.03,143315.20203,143.17,902.26,144074.29,15,False,False,False,0.000999,0.993738,1
dados_bancarios,23885.8,785878.44,761992.64,7373.31,31259.11,22,False,True,True,0.969606,0.764123,0
chave_pix,940369.95,2217408.94,1277038.99,391.73,940761.68,17,True,False,False,0.575915,0.999584,1
pix_copia_e_cola,758067.49,1940703.39,1182635.9,8340.38,766407.87,16,False,False,False,0.609385,0.989118,0
dados_bancarios,1010776.37,11543936.8,10533160.43,6376.42,1017152.79,7,True,False,False,0.912441,0.993731,0
chave_pix,142244.54,562366.62,420122.08,77109.51,219354.05,20,True,True,True,0.747061,0.64847,0
chave_pix,264913.43,529192.8,264279.37,40811.64,305725.07,19,True,False,False,0.499401,0.866509,0
dados_bancarios,47619.49,150988.25,103368.76,28182.31,75801.8,13,False,False,False,0.684615,0.628211,0
chave_pix,75622.45,2498231.27,2422608.82,4496.7,80119.15,21,False,True,True,0.96973,0.943875,0
dados_bancarios,612849.05,673475.44,60626.39,188342.96,801192.01,18,True,False,False,0.09002,0.764922,0
chave_pix,123037.09,792685.27,669648.18,32586.56,155623.65,16,True,False,False,0.844784,0.790607,0
chave_pix,440085.03,1568506.48,1128421.45,3739.99,443825.02,13,True,False,False,0.719424,0.991573,0
dados_bancarios,495851.8,3563214.9,3067363.1,28657.63,524509.43,19,False,False,False,0.860841,0.945363,0
chave_pix,932266.96,1192720.94,260453.98,24192.28,956459.24,14,False,False,False,0.21837,0.974706,0
chave_pix,313401.93,313715.33193,313.4,19265.47,332667.4,17,False,False,False,0.000999,0.942088,0
chave_pix,183726.03,580583.78,396857.75,117609.11,301335.14,19,True,False,False,0.683549,0.609707,0
chave_pix,577297.62,1658912.6,1081614.98,24964.81,602262.43,17,False,False,False,0.652002,0.958548,0
chave_pix,804586.89,5768163.67,4963576.78,6990.49,811577.38,10,True,False,False,0.860512,0.991387,0
chave_pix,2607792.67,11884767.54,9276974.87,43214.87,2651007.54,15,False,False,False,0.780577,0.983699,0
chave_pix,582208.73,2079206.99,1496998.26,6982.16,589190.89,17,True,False,False,0.719985,0.98815,0
chave_pix,753846.97,12228420.43,11474573.46,7289.71,761136.68,16,True,False,False,0.938353,0.990423,0
chave_pix,553744.83,1637368.83,1083624.0,2860.75,556605.58,21,True,True,True,0.661808,0.99486,0
chave_pix,889058.27,2026222.23,1137163.96,7309.43,896367.7,13,True,False,False,0.561224,0.991846,0
chave_pix,272242.02,1624230.02,1351988.0,2319.47,274561.49,20,False,True,True,0.832387,0.991552,0
chave_pix,1776383.3,15277853.4,13501470.1,28252.17,1804635.47,12,False,False,False,0.883728,0.984345,0
pix_copia_e_cola,0.01,45378.18,45378.17,299.49,299.5,5,True,True,False,1.0,3.3e-05,1
chave_pix,306382.01,1126916.38,820534.37,7829.74,314211.75,16,True,False,False,0.728124,0.975081,0
chave_pix,778813.4,1135665.17,356851.77,6064.27,784877.67,10,False,False,False,0.314223,0.992274,0
pix_copia_e_cola,1283838.78,5347570.91,4063732.13,0.01,1283838.79,14,False,False,False,0.759921,1.0,0
chave_pix,816680.88,7972404.15,7155723.27,12325.52,829006.4,20,True,True,True,0.897562,0.985132,0
chave_pix,18771.09,53118.83,34347.74,16813.3,35584.39,17,False,False,False,0.646621,0.527509,0
dados_bancarios,191278.26,650574.2,459295.94,25073.84,216352.1,8,True,False,False,0.705985,0.884106,0
chave_pix,498546.77,499045.31677,498.55,1658.58,500205.35,21,True,True,True,0.000999,0.996684,1
dados_bancarios,1675510.43,9773140.47,8097630.04,7546.4,1683056.83,12,True,False,False,0.82856,0.995516,0
chave_pix,1149264.45,5524968.17,4375703.72,8880.41,1158144.86,21,True,True,True,0.791987,0.992332,0
chave_pix,42755.81,1406988.87,1364233.06,65851.48,108607.29,19,True,False,False,0.969612,0.393673,0
dados_bancarios,1134180.91,6722820.45,5588639.54,11756.63,1145937.54,11,True,False,False,0.831294,0.989741,0
dados_bancarios,848152.64,1954294.94,1106142.3,134600.87,982753.51,18,False,False,False,0.566006,0.863037,0
chave_pix,19390.38,270824.08,251433.7,23992.9,43383.28,20,True,True,True,0.928402,0.446955,0
chave_pix,3283581.03,3286864.6110299993,3283.58,1695.46,3285276.49,4,False,True,True,0.000999,0.999484,1
chave_pix,8477.16,39460.89,30983.73,8233.82,16710.98,21,True,True,True,0.785176,0.507281,0
chave_pix,748836.9,1588282.62,839445.72,22460.72,771297.62,16,True,False,False,0.528524,0.970879,0
chave_pix,1814532.07,4064517.67,2249985.6,4957.64,1819489.71,17,False,False,False,0.553568,0.997275,0
dados_bancarios,1075422.79,4357281.84,3281859.05,28545.81,1103968.6,23,True,True,True,0.75319,0.974143,0
chave_pix,137953.86,262539.4,124585.54,154450.93,292404.79,19,True,False,False,0.47454,0.471791,0
chave_pix,67196.96,216877.17,149680.21,2088.13,69285.09,18,True,False,False,0.690161,0.969862,0
chave_pix,1360312.06,4771859.02,3411546.96,16426.26,1376738.32,18,True,False,False,0.71493,0.988069,0
chave_pix,0.01,1023218.57,1023218.56,17261.47,17261.48,11,True,False,False,1.0,1e-06,0
dados_bancarios,371936.23,1269922.88,897986.65,53848.51,425784.74,13,False,False,False,0.707119,0.873531,0
chave_pix,81029.36,1034414.7,953385.34,26686.71,107716.07,13,False,False,False,0.921666,0.75225,0
dados_bancarios,2107046.38,2948893.74,841847.36,184.51,2107230.89,2,True,True,True,0.285479,0.999912,1
chave_pix,1210564.16,2155909.97,945345.81,20132.98,1230697.14,22,True,True,True,0.43849,0.983641,0
chave_pix,700287.07,1562407.23,862120.16,52838.23,753125.3,17,False,False,False,0.55179,0.929841,0
dados_bancarios,29575.17,29604.745169999995,29.58,1069.99,30645.16,14,True,False,False,0.000999,0.965085,1
chave_pix,1526967.09,12623446.02,11096478.93,44973.09,1571940.18,22,True,True,True,0.879037,0.97139,0
dados_bancarios,461575.21,2772567.9,2310992.69,14227.66,475802.87,12,True,False,False,0.833521,0.970098,0
chave_pix,73965886.16,275316146.56,201350260.4,8345.87,73974232.03,13,False,False,False,0.731342,0.999887,0
chave_pix,604139.66,2772040.94,2167901.28,21141.8,625281.46,12,False,False,False,0.78206,0.966188,0
chave_pix,2015148.13,7365820.28,5350672.15,9414.98,2024563.11,13,False,False,False,0.726419,0.99535,0
chave_pix,744320.19,7578555.16,6834234.97,17532.25,761852.44,19,True,False,False,0.901786,0.976987,0
dados_bancarios,1996984.7,6629556.92,4632572.22,11762.51,2008747.21,13,True,False,False,0.698776,0.994144,0
chave_pix,2404589.47,14161185.4,11756595.93,11247.29,2415836.76,12,False,False,False,0.830199,0.995344,0
chave_pix,1241880.96,5544641.29,4302760.33,13018.48,1254899.44,16,True,False,False,0.776021,0.989626,0
chave_pix,167715.53,167883.25,167.72,739.02,168454.55,7,True,False,False,0.000999,0.995613,1
pix_copia_e_cola,517856.68,3944405.87,3426549.19,14364.0,532220.68,23,True,True,True,0.868711,0.973011,0
pix_copia_e_cola,1590828.5,1821846.32,231017.82,668.98,1591497.48,10,True,False,False,0.126804,0.99958,1
chave_pix,150550.06,150700.61005999998,150.55,1794.14,152344.2,5,False,True,True,0.000999,0.988223,1
chave_pix,1745024.59,26342967.54,24597942.95,6642.54,1751667.13,12,False,False,False,0.933757,0.996208,0
dados_bancarios,409994.82,4933055.93,4523061.11,1026.41,411021.23,20,True,True,True,0.916888,0.997503,0
chave_pix,272997.35,273270.35,273.0,280.79,273278.14,8,True,False,False,0.000999,0.998973,1
chave_pix,343429.34,343772.77,343.43,710.52,344139.86,18,True,False,False,0.000999,0.997935,1
dados_bancarios,471093.88,1801185.41,1330091.53,24997.08,496090.96,12,False,False,False,0.738453,0.949612,0
chave_pix,133507.0,530291.38,396784.38,7080.8,140587.8,17,True,False,False,0.748238,0.949634,0
dados_bancarios,492180.54,2272836.12,1780655.58,46014.39,538194.93,9,True,False,False,0.783451,0.914502,0
chave_pix,1140601.76,10237642.71,9097040.95,35059.0,1175660.76,16,False,False,False,0.888587,0.970179,0
dados_bancarios,1858370.21,2517799.48,659429.27,746.39,1859116.6,6,False,False,False,0.261907,0.999599,1
chave_pix,75038.19,75113.22819,75.04,48981.75,124019.94,14,True,False,False,0.000999,0.605049,0
chave_pix,23975.18,89747.02,65771.84,0.01,23975.19,6,True,False,False,0.732858,1.0,1
chave_pix,2069084.29,6078236.44,4009152.15,22930.12,2092014.41,18,False,False,False,0.659591,0.989039,0
chave_pix,282120.5,923521.03,641400.53,6610.27,288730.77,11,True,False,False,0.694516,0.977106,0
chave_pix,0.01,1570770.71,1570770.7,21100.09,21100.1,18,False,False,False,1.0,0.0,0
chave_pix,1272639.7,3856173.28,2583533.58,88418.04,1361057.74,18,False,False,False,0.669973,0.935037,0
chave_pix,716358.67,5244730.88,4528372.21,16572.77,732931.44,12,True,False,False,0.863414,0.977388,0
chave_pix,347149.75,1599006.74,1251856.99,86203.71,433353.46,12,False,False,False,0.782897,0.801078,0
chave_pix,335870.82,2865779.11,2529908.29,41436.67,377307.49,19,False,False,False,0.882799,0.890178,0
chave_pix,8620486.33,11387483.06,2766996.73,278.39,8620764.72,2,True,True,True,0.242986,0.999968,1
chave_pix,387570.76,3004604.86,2617034.1,25581.88,413152.64,11,True,False,False,0.871008,0.938081,0
dados_bancarios,938024.67,4091637.24,3153612.57,41825.64,979850.31,20,True,True,True,0.770746,0.957314,0
chave_pix,468573.65,5434102.67,4965529.02,3712.73,472286.38,14,True,False,False,0.913772,0.992139,0
chave_pix,364195.61,572178.89,207983.28,101484.71,465680.32,22,True,True,True,0.363493,0.782072,0
chave_pix,969948.05,4629288.43,3659340.38,9415.89,979363.94,9,True,False,False,0.790476,0.990386,0
chave_pix,204251.64,1887473.82,1683222.18,80512.18,284763.82,20,False,True,True,0.891786,0.717267,0
chave_pix,3317541.44,3697633.44,380092.0,155.28,3317696.72,13,True,False,False,0.102793,0.999953,1
chave_pix,947151.23,5347405.04,4400253.81,13677.93,960829.16,12,False,False,False,0.822876,0.985764,0
pix_copia_e_cola,135487.77,758514.16,623026.39,30410.24,165898.01,10,False,False,False,0.821377,0.816693,0
chave_pix,921241.28,1462886.71,541645.43,18782.96,940024.24,18,False,False,False,0.370258,0.980019,0
chave_pix,9940727.32,27759239.26,17818511.94,3172.38,9943899.7,16,False,False,False,0.641895,0.999681,0
chave_pix,624736.31,2073812.26,1449075.95,14018.46,638754.77,22,True,True,True,0.69875,0.978053,0
chave_pix,649799.71,769637.41,119837.7,0.01,649799.72,1,False,True,True,0.155707,1.0,1
chave_pix,805523.07,5733413.81,4927890.74,60550.7,866073.77,14,False,False,False,0.859504,0.930086,0
chave_pix,64243.89,552762.98,488519.09,80498.36,144742.25,20,True,True,True,0.883777,0.44385,0
chave_pix,65235.73,1756512.94,1691277.21,4015.89,69251.62,15,True,False,False,0.962861,0.94201,0
chave_pix,2372847.76,8608455.23,6235607.47,4580.49,2377428.25,21,True,True,True,0.724358,0.998073,0
chave_pix,640603.93,3743398.36,3102794.43,9665.35,650269.28,14,False,False,False,0.828871,0.985136,0
pix_copia_e_cola,270005.06,2298799.91,2028794.85,13181.92,283186.98,7,False,False,False,0.882545,0.953452,0
chave_pix,316559.41,5237010.11,4920450.7,24018.77,340578.18,1,False,True,True,0.939553,0.929476,0
chave_pix,1109673.8,8619200.05,7509526.25,37384.57,1147058.37,21,True,True,True,0.871256,0.967408,0
dados_bancarios,2135536.59,9435514.37,7299977.78,11190.47,2146727.06,17,False,False,False,0.77367,0.994787,0
dados_bancarios,2744595.98,2747340.5759799997,2744.6,496.58,2745092.56,3,True,True,True,0.000999,0.999819,1
chave_pix,0.01,1143899.32,1143899.31,17300.61,17300.62,17,True,False,False,1.0,1e-06,0
chave_pix,2771709.11,9612625.08,6840915.97,25992.94,2797702.05,9,True,False,False,0.71166,0.990709,0
chave_pix,562230.89,7625433.44,7063202.55,24713.68,586944.57,14,True,False,False,0.926269,0.957894,0
pix_copia_e_cola,0.01,0.01001,0.0,105223.12,105223.13,16,False,False,False,0.0,0.0,0
chave_pix,3065242.94,28429129.63,25363886.69,18112.15,3083355.09,11,True,False,False,0.89218,0.994126,0
chave_pix,104479.56,887176.4,782696.84,9513.28,113992.84,15,False,False,False,0.882234,0.916545,0
dados_bancarios,1014602.91,2875709.5,1861106.59,13522.27,1028125.18,16,False,False,False,0.647182,0.986848,0
chave_pix,331685.08,727386.59,395701.51,47317.75,379002.83,12,False,False,False,0.544004,0.875152,0
chave_pix,684555.84,4393939.82,3709383.98,8562.44,693118.28,13,True,False,False,0.844205,0.987646,0
dados_bancarios,1356450.69,1862725.69,506275.0,1370.99,1357821.68,14,True,False,False,0.271793,0.99899,1
chave_pix,2893614.18,14203633.0,11310018.82,17572.87,2911187.05,18,True,False,False,0.796276,0.993964,0
dados_bancarios,438901.7,851053.87,412152.17,8932.78,447834.48,14,False,False,False,0.484284,0.980053,0
chave_pix,456279.5,3490329.81,3034050.31,9818.76,466098.26,18,True,False,False,0.869273,0.978934,0
chave_pix,378609.78,1961655.99,1583046.21,32042.8,410652.58,16,True,False,False,0.806995,0.921971,0
pix_copia_e_cola,185457.86,1429169.21,1243711.35,26254.89,211712.75,14,True,False,False,0.870234,0.875988,0
chave_pix,865240.95,1007982.25,142741.3,18741.12,883982.07,11,False,False,False,0.141611,0.978799,0
dados_bancarios,1412046.21,1585845.23,173799.02,236.86,1412283.07,2,True,True,True,0.109594,0.999832,1
dados_bancarios,4743592.99,55905678.47,51162085.48,22463.12,4766056.11,8,True,False,False,0.91515,0.995287,0
chave_pix,4313323.4,4317636.72,4313.32,3950.64,4317274.04,23,True,True,True,0.000999,0.999085,0
chave_pix,436473.89,1339788.92,903315.03,247036.44,683510.33,22,True,True,True,0.674222,0.638577,0
chave_pix,503310.54,2630689.67,2127379.13,38409.17,541719.71,15,True,False,False,0.808677,0.929098,0
chave_pix,102035.88,590123.58,488087.7,42200.08,144235.96,17,False,False,False,0.827094,0.707423,0
dados_bancarios,551539.76,901569.23,350029.47,16426.81,567966.57,17,False,False,False,0.388245,0.971078,0
chave_pix,385163.1,944355.13,559192.03,35107.83,420270.93,23,True,True,True,0.592142,0.916464,0
chave_pix,262684.34,1905479.06,1642794.72,5685.38,268369.72,11,True,False,False,0.862143,0.978815,0
chave_pix,2452452.46,10781145.34,8328692.88,2941.26,2455393.72,14,True,False,False,0.772524,0.998802,0
dados_bancarios,218535.75,418356.93,199821.18,362.91,218898.66,15,True,False,False,0.477633,0.998342,1
chave_pix,8695.26,1336226.69,1327531.43,20769.74,29465.0,12,True,False,False,0.993493,0.295105,0
pix_copia_e_cola,287219.75,1028144.67,740924.92,13519.19,300738.94,23,True,True,True,0.720643,0.955047,0
chave_pix,860462.72,3021725.82,2161263.1,54379.21,914841.93,20,True,True,True,0.715241,0.940559,0
chave_pix,2720647.79,2723368.44,2720.65,2027.49,2722675.28,14,True,False,False,0.000999,0.999255,1
chave_pix,916362.03,3247187.63,2330825.6,29617.32,945979.35,10,True,False,False,0.717798,0.968691,0
dados_bancarios,596475.55,3032320.16,2435844.61,4987.34,601462.89,15,False,False,False,0.803294,0.991708,0
chave_pix,182090.03,182272.12003,182.09,10380.75,192470.78,19,False,False,False,0.000999,0.946066,0
chave_pix,866442.91,2904454.57,2038011.66,29771.5,896214.41,22,False,True,True,0.701685,0.966781,0
chave_pix,391552.17,1854431.84,1462879.67,57903.12,449455.29,20,True,True,True,0.788856,0.87117,0
chave_pix,48375.96,145994.94,97618.98,16503.41,64879.37,21,True,True,True,0.668646,0.745629,0
chave_pix,61096.38,1814404.59,1753308.21,27769.26,88865.64,18,False,False,False,0.966327,0.687514,0
dados_bancarios,760537.61,2182887.34,1422349.73,11619.48,772157.09,16,False,False,False,0.651591,0.984952,0
chave_pix,1252442.7,12412690.44,11160247.74,47318.18,1299760.88,11,False,False,False,0.8991,0.963595,0
chave_pix,374407.39,429396.56,54989.17,42262.1,416669.49,8,True,False,False,0.128062,0.898572,0
dados_bancarios,462404.61,2645977.47,2183572.86,72481.52,534886.13,22,False,True,True,0.825242,0.864492,0
dados_bancarios,564532.97,1528380.84,963847.87,4633.38,569166.35,13,True,False,False,0.630633,0.991859,0
chave_pix,138493.64,389358.77,250865.13,12945.02,151438.66,21,False,True,True,0.644303,0.91452,0
dados_bancarios,1015864.42,2087241.72,1071377.3,23526.02,1039390.44,21,True,True,True,0.513298,0.977366,0
chave_pix,3573987.27,11703404.31,8129417.04,79073.14,3653060.41,11,False,False,False,0.69462,0.978354,0
chave_pix,839265.69,4640039.41,3800773.72,10523.57,849789.26,0,True,True,True,0.819125,0.987616,0
dados_bancarios,598426.68,599025.11,598.43,101.55,598528.23,5,False,True,True,0.000999,0.99983,1
chave_pix,0.01,1004978.3,1004978.29,13051.57,13051.58,19,True,False,False,1.0,1e-06,0
chave_pix,305188.37,3151429.35,2846240.98,7480.42,312668.79,20,True,True,True,0.903159,0.976076,0
chave_pix,542468.18,3685136.07,3142667.89,11409.24,553877.42,6,True,False,False,0.852796,0.979401,0
chave_pix,1022474.36,10530684.96,9508210.6,17134.39,1039608.75,10,True,False,False,0.902905,0.983518,0
dados_bancarios,960138.04,5210126.8,4249988.76,10237.68,970375.72,10,False,False,False,0.815717,0.98945,0
chave_pix,4852946.49,18159837.77,13306891.28,55611.06,4908557.55,16,True,False,False,0.732765,0.988671,0
chave_pix,117550.04,3362238.18,3244688.14,8312.28,125862.32,14,True,False,False,0.965038,0.933957,0
chave_pix,249445.5,2023260.13,1773814.63,145502.54,394948.04,21,False,True,True,0.876711,0.631591,0
dados_bancarios,6444.36,16162.18,9717.82,31944.03,38388.39,0,True,True,True,0.601269,0.167873,0
chave_pix,1540418.55,8033095.34,6492676.79,4225.54,1544644.09,16,False,False,False,0.808241,0.997264,0
pix_copia_e_cola,125663.46,1007674.14,882010.68,3918.95,129582.41,21,False,True,True,0.875294,0.969757,0
chave_pix,1030984.91,2991428.27,1960443.36,21950.52,1052935.43,17,True,False,False,0.655354,0.979153,0
chave_pix,1880079.6,5169066.83,3288987.23,80182.29,1960261.89,13,True,False,False,0.636283,0.959096,0
chave_pix,311487.14,311798.63,311.49,77.95,311565.09,14,True,False,False,0.000999,0.99975,1
chave_pix,4220248.75,29742821.6,25522572.85,36006.18,4256254.93,13,False,False,False,0.858109,0.99154,0
dados_bancarios,947010.43,6313219.65,5366209.22,21500.36,968510.79,9,False,False,False,0.849996,0.977801,0
chave_pix,843954.85,1300285.07,456330.22,18749.25,862704.1,10,True,False,False,0.350946,0.978267,0
chave_pix,963490.89,4321358.77,3357867.88,22593.76,986084.65,13,False,False,False,0.77704,0.977087,0
dados_bancarios,180506.8,863246.6,682739.8,31634.93,212141.73,1,True,True,True,0.790898,0.850878,0
chave_pix,338483.08,338821.56308,338.48,5167.68,343650.76,17,True,False,False,0.000999,0.984962,0
chave_pix,398924.88,1618679.43,1219754.55,4536.36,403461.24,20,False,True,True,0.753549,0.988756,0
chave_pix,1349237.3,2965899.25,1616661.95,9805.15,1359042.45,20,False,True,True,0.545083,0.992785,0
dados_bancarios,650104.19,992540.27,342436.08,190045.93,840150.12,13,True,False,False,0.34501,0.773795,0
chave_pix,1283145.14,1284428.2851399998,1283.15,0.01,1283145.15,7,True,False,False,0.000999,1.0,1
dados_bancarios,307131.19,319863.77,12732.58,28829.56,335960.75,20,False,True,True,0.039806,0.914188,0
dados_bancarios,17686592.73,78299494.1,60612901.37,43241.05,17729833.78,19,False,False,False,0.774116,0.997561,0
chave_pix,1238553.09,6017803.79,4779250.7,52488.08,1291041.17,7,False,False,False,0.794185,0.959344,0
chave_pix,2184280.34,16406814.92,14222534.58,8367.26,2192647.6,19,True,False,False,0.866867,0.996184,0
pix_copia_e_cola,693210.08,2774333.15,2081123.07,4822.74,698032.82,12,False,False,False,0.750135,0.993091,0
chave_pix,576468.63,710416.5,133947.87,6492.57,582961.2,16,False,False,False,0.188548,0.988863,0
dados_bancarios,1215236.51,8629570.3,7414333.79,16014.08,1231250.59,16,False,False,False,0.859178,0.986994,0
dados_bancarios,198987.45,283076.71,84089.26,50010.89,248998.34,20,False,True,True,0.297055,0.799152,0
dados_bancarios,0.01,20714.36,20714.35,518.65,518.66,18,True,False,False,1.0,1.9e-05,1
pix_copia_e_cola,174163.58,174337.74357999998,174.16,36872.09,211035.67,12,True,False,False,0.000999,0.82528,0
chave_pix,1507674.47,10830005.53,9322331.06,26228.23,1533902.7,17,True,False,False,0.860787,0.982901,0
chave_pix,194555.62,1663403.02,1468847.4,16160.67,210716.29,14,True,False,False,0.883038,0.923306,0
chave_pix,431050.8,1282435.7,851384.9,38029.05,469079.85,15,True,False,False,0.663881,0.918928,0
dados_bancarios,287318.96,2423238.29,2135919.33,11707.54,299026.5,11,True,False,False,0.881432,0.960848,0
chave_pix,1701012.0,7816343.9,6115331.9,7310.45,1708322.45,15,False,False,False,0.782378,0.995721,0
chave_pix,21814.68,95497.65,73682.97,284.75,22099.43,8,True,False,False,0.771568,0.987115,1
chave_pix,392663.51,2653102.17,2260438.66,12688.84,405352.35,15,False,False,False,0.851998,0.968697,0
chave_pix,976551.09,6072970.61,5096419.52,11636.88,988187.97,12,True,False,False,0.839197,0.988224,0
dados_bancarios,265739.26,3142157.25,2876417.99,6119.03,271858.29,0,False,True,True,0.915428,0.977492,0
chave_pix,8235753.15,44309025.03,36073271.88,16190.96,8251944.11,16,False,False,False,0.814129,0.998038,0
chave_pix,593058.9,593825.87,766.97,150.41,593209.31,0,True,True,True,0.001292,0.999746,1
dados_bancarios,894823.09,3045143.79,2150320.7,10189.86,905012.95,20,True,True,True,0.706148,0.988741,0
chave_pix,430226.99,6584886.64,6154659.65,3215.59,433442.58,19,False,False,False,0.934664,0.992581,0
chave_pix,779253.91,8958215.06,8178961.15,13054.38,792308.29,17,False,False,False,0.913012,0.983524,0
chave_pix,857036.14,11388553.93,10531517.79,35866.44,892902.58,14,False,False,False,0.924746,0.959832,0
chave_pix,204204.32,204408.52432,204.2,23156.06,227360.38,13,True,False,False,0.000999,0.898153,0
dados_bancarios,1501070.32,11150030.52,9648960.2,113652.11,1614722.43,15,True,False,False,0.865375,0.929615,0
chave_pix,23889.44,296035.61,272146.17,10253.07,34142.51,14,False,False,False,0.919302,0.699698,0
pix_copia_e_cola,1274270.08,8280116.83,7005846.75,7053.65,1281323.73,12,False,False,False,0.846105,0.994495,0
chave_pix,308266.31,1668260.52,1359994.21,12783.76,321050.07,11,False,False,False,0.815217,0.960181,0
chave_pix,1554743.35,2876312.89,1321569.54,44713.09,1599456.44,9,True,False,False,0.459467,0.972045,0
dados_bancarios,623252.28,623875.5322799999,623.25,16861.91,640114.19,15,False,False,False,0.000999,0.973658,0
dados_bancarios,140768.32,140909.08831999998,140.77,49044.46,189812.78,15,True,False,False,0.000999,0.741617,0
chave_pix,2449337.68,7530878.89,5081541.21,21681.78,2471019.46,10,True,False,False,0.674761,0.991226,0
dados_bancarios,10000000.0,10010000.0,10000.0,1180.17,10001180.17,2,True,True,True,0.000999,0.999882,1
chave_pix,309789.1,1379779.36,1069990.26,92355.33,402144.43,11,True,False,False,0.775479,0.770343,0
chave_pix,2513298.48,26263645.52,23750347.04,31590.42,2544888.9,10,False,False,False,0.904305,0.987587,0
chave_pix,543192.89,3632015.64,3088822.75,56594.35,599787.24,11,False,False,False,0.850443,0.905643,0
chave_pix,4083597.23,22137850.55,18054253.32,56922.61,4140519.84,20,True,True,True,0.815538,0.986252,0
chave_pix,0.01,0.01001,0.0,3499.83,3499.84,15,True,False,False,0.0,3e-06,0
pix_copia_e_cola,72628.06,818258.95,745630.89,163541.28,236169.34,10,False,False,False,0.911241,0.307525,0
dados_bancarios,270733.53,4018511.11,3747777.58,17200.24,287933.77,21,False,True,True,0.932628,0.940263,0
pix_copia_e_cola,20674.87,256090.29,235415.42,21822.66,42497.53,15,True,False,False,0.919267,0.486496,0
chave_pix,1148480.23,5537118.85,4388638.62,61950.51,1210430.74,8,True,False,False,0.792585,0.948819,0
chave_pix,181664.52,517139.61,335475.09,52809.92,234474.44,16,True,False,False,0.648713,0.774773,0
chave_pix,344078.13,4829700.72,4485622.59,5568.06,349646.19,20,True,True,True,0.928758,0.984075,0
chave_pix,448674.56,2501286.99,2052612.43,24382.7,473057.26,12,True,False,False,0.820623,0.948457,0
chave_pix,0.01,1707250.18,1707250.17,19484.7,19484.71,0,True,True,False,1.0,1e-06,0
dados_bancarios,0.01,0.01001,0.0,13161.66,13161.67,13,True,False,False,0.0,1e-06,0
chave_pix,353012.65,7604852.06,7251839.41,14534.01,367546.66,1,True,True,True,0.953581,0.960457,0
chave_pix,1736077.55,1737813.6275499999,1736.08,1805.49,1737883.04,19,False,False,False,0.000999,0.998961,1
pix_copia_e_cola,102691.86,1639302.8,1536610.94,27340.19,130032.05,19,True,False,False,0.937356,0.789743,0
chave_pix,322229.41,1596325.95,1274096.54,38745.03,360974.44,16,False,False,False,0.798143,0.892665,0
chave_pix,591890.31,2966057.88,2374167.57,28531.35,620421.66,16,True,False,False,0.800445,0.954013,0
chave_pix,1633426.04,2337866.37,704440.33,34726.48,1668152.52,11,False,False,False,0.301318,0.979183,0
chave_pix,103124.43,135007.5,31883.07,43.36,103167.79,22,True,True,True,0.236158,0.99958,1
chave_pix,38463.09,100755.73,62292.64,3709.29,42172.38,17,False,False,False,0.618254,0.912045,0
chave_pix,868352.24,4270945.62,3402593.38,32460.95,900813.19,8,True,False,False,0.796684,0.963965,0
chave_pix,100833.76,212558.71,111724.95,5625.62,106459.38,14,False,False,False,0.525619,0.947157,0
pix_copia_e_cola,1304166.25,8961795.56,7657629.31,7300.67,1311466.92,12,True,False,False,0.854475,0.994433,0
chave_pix,70390.94,306664.25,236273.31,26011.26,96402.2,11,True,False,False,0.770463,0.73018,0
dados_bancarios,241213.59,1658071.63,1416858.04,10168.69,251382.28,12,True,False,False,0.854522,0.959549,0
chave_pix,96483.08,641783.33,545300.25,44220.69,140703.77,16,False,False,False,0.849664,0.685718,0
chave_pix,186247.08,1435963.47,1249716.39,11966.7,198213.78,10,True,False,False,0.870298,0.939627,0
dados_bancarios,5200802.51,14978896.05,9778093.54,15447.9,5216250.41,18,False,False,False,0.652791,0.997039,0
chave_pix,1181917.14,5294803.72,4112886.58,101883.31,1283800.45,17,True,False,False,0.776778,0.920639,0
chave_pix,340801.0,341141.801,340.8,36.82,340837.82,19,True,False,False,0.000999,0.999892,1
chave_pix,46316.79,64473.37,18156.58,260.79,46577.58,16,False,False,False,0.281614,0.994401,1
chave_pix,679249.77,4273984.37,3594734.6,9526.34,688776.11,14,False,False,False,0.841073,0.986169,0
chave_pix,129512.34,3706328.85,3576816.51,36114.25,165626.59,16,True,False,False,0.965056,0.781954,0
chave_pix,1470032.34,1720082.62,250050.28,31.48,1470063.82,16,True,False,False,0.145371,0.999979,1
pix_copia_e_cola,231499.06,2497747.34,2266248.28,4693.87,236192.93,14,True,False,False,0.907317,0.980127,0
chave_pix,1070562.71,1071633.27271,1070.56,31911.53,1102474.24,16,False,False,False,0.000999,0.971055,0
dados_bancarios,1298704.49,6593373.14,5294668.65,40260.49,1338964.98,21,True,True,True,0.803029,0.969932,0
pix_copia_e_cola,685392.1,3187186.85,2501794.75,29306.87,714698.97,16,False,False,False,0.784954,0.958994,0
dados_bancarios,2323519.31,23266985.74,20943466.43,156643.75,2480163.06,13,False,False,False,0.900137,0.936841,0
dados_bancarios,531728.24,3071125.14,2539396.9,13028.59,544756.83,16,False,False,False,0.826862,0.976084,0
chave_pix,415875.36,1194415.61,778540.25,37899.84,453775.2,19,True,False,False,0.651817,0.916479,0
pix_copia_e_cola,1445500.08,3398552.84,1953052.76,2654.97,1448155.05,11,True,False,False,0.574672,0.998167,0
dados_bancarios,0.01,1759965.43,1759965.42,18269.73,18269.74,16,False,False,False,1.0,1e-06,0
pix_copia_e_cola,243633.16,243876.79315999997,243.63,50270.3,293903.46,19,False,False,False,0.000999,0.828956,0
chave_pix,1120899.18,6911520.84,5790621.66,48289.36,1169188.54,9,False,False,False,0.837822,0.958698,0
chave_pix,828178.54,4812289.68,3984111.14,24433.62,852612.16,1,True,True,True,0.827903,0.971343,0
chave_pix,257697.44,1206146.41,948448.97,22472.92,280170.36,22,False,True,True,0.786346,0.919788,0
chave_pix,456643.67,1799567.87,1342924.2,19952.42,476596.09,21,True,True,True,0.746248,0.958136,0
chave_pix,82638.38,2772834.67,2690196.29,59918.28,142556.66,15,False,False,False,0.970197,0.579688,0
chave_pix,890108.87,4371672.38,3481563.51,2818.32,892927.19,17,False,False,False,0.796392,0.996844,0
chave_pix,4172277.73,4414804.35,242526.62,2028.43,4174306.16,6,True,False,False,0.054935,0.999514,1
chave_pix,264984.38,434293.51,169309.13,6006.18,270990.56,12,True,False,False,0.38985,0.977836,0
chave_pix,20960.71,140787.72,119827.01,42553.82,63514.53,19,True,False,False,0.851118,0.330014,0
dados_bancarios,878015.06,1306201.34,428186.28,540.62,878555.68,10,False,False,False,0.32781,0.999385,1
chave_pix,141703.31,533573.07,391869.76,95075.49,236778.8,21,True,True,True,0.734426,0.598463,0
pix_copia_e_cola,73895.48,127370.19,53474.71,7607.66,81503.14,10,False,False,False,0.419837,0.906658,0
dados_bancarios,36385.23,36421.615229999996,36.39,549.78,36935.01,15,True,False,False,0.000999,0.985115,1
chave_pix,599060.37,2525854.84,1926794.47,33939.45,632999.82,19,True,False,False,0.762829,0.946383,0
pix_copia_e_cola,153767.64,1307851.55,1154083.91,25703.22,179470.86,20,False,True,True,0.882427,0.856783,0
chave_pix,169980.79,1485153.15,1315172.36,73561.32,243542.11,22,False,True,True,0.885547,0.697952,0
chave_pix,1376288.47,8346458.78,6970170.31,14776.69,1391065.16,19,False,False,False,0.835105,0.989377,0
chave_pix,527575.19,1336089.26,808514.07,108737.47,636312.66,13,True,False,False,0.605135,0.829113,0
dados_bancarios,738922.38,2242205.73,1503283.35,22773.64,761696.02,8,False,False,False,0.670448,0.970101,0
dados_bancarios,1093036.12,5139904.69,4046868.57,12761.09,1105797.21,12,False,False,False,0.787343,0.98846,0
pix_copia_e_cola,95668.43,95764.09842999998,95.67,10526.24,106194.67,15,True,False,False,0.000999,0.900878,0
chave_pix,136609.79,1263506.35,1126896.56,5558.23,142168.02,10,True,False,False,0.89188,0.960904,0
chave_pix,623102.58,5939463.46,5316360.88,13504.94,636607.52,14,False,False,False,0.895091,0.978786,0
chave_pix,109238.77,178750.71,69511.94,17388.03,126626.8,17,True,False,False,0.388876,0.862683,0
chave_pix,89445.28,338533.68,249088.4,6153.07,95598.35,16,True,False,False,0.735786,0.935636,0
chave_pix,317560.55,1182451.46,864890.91,6207.02,323767.57,18,True,False,False,0.731439,0.980829,0
chave_pix,722625.96,4737638.36,4015012.4,73604.17,796230.13,21,False,True,True,0.847471,0.907559,0
chave_pix,1081171.71,7557921.7,6476749.99,27023.9,1108195.61,12,True,False,False,0.856949,0.975615,0
pix_copia_e_cola,230674.31,230904.98430999997,230.67,0.01,230674.32,8,False,False,False,0.000999,1.0,0
chave_pix,918300.85,6878668.17,5960367.32,4772.1,923072.95,18,False,False,False,0.8665,0.99483,0
chave_pix,86581.32,311261.74,224680.42,14241.09,100822.41,23,True,True,True,0.721838,0.858751,0
chave_pix,302524.04,1289271.01,986746.97,18668.44,321192.48,16,True,False,False,0.765353,0.941878,0
chave_pix,452307.91,1349993.99,897686.08,29701.77,482009.68,21,True,True,True,0.664956,0.938379,0
chave_pix,1250776.19,11156203.29,9905427.1,17577.92,1268354.11,7,True,False,False,0.887885,0.986141,0
chave_pix,1146197.62,7092564.15,5946366.53,5366.11,1151563.73,22,False,True,True,0.838394,0.99534,0
chave_pix,586450.64,3630309.63,3043858.99,50285.42,636736.06,18,True,False,False,0.838457,0.921026,0
chave_pix,408153.83,1095659.63,687505.8,12192.13,420345.96,13,True,False,False,0.627481,0.970995,0
dados_bancarios,164325.8,821256.22,656930.42,8426.95,172752.75,13,False,False,False,0.799909,0.95122,0
pix_copia_e_cola,53187.76,1909110.3,1855922.54,27117.47,80305.23,20,False,True,True,0.97214,0.66232,0
chave_pix,795481.1,6454640.7,5659159.6,13520.17,809001.27,16,False,False,False,0.876758,0.983288,0
dados_bancarios,79383.51,214313.02,134929.51,10223.47,89606.98,19,True,False,False,0.629591,0.885908,0
dados_bancarios,526247.52,1852047.12,1325799.6,12969.14,539216.66,11,False,False,False,0.715856,0.975948,0
dados_bancarios,77148.51,316962.54,239814.03,8426.61,85575.12,15,False,False,False,0.756601,0.90153,0
dados_bancarios,46269.35,493564.73,447295.38,4080.01,50349.36,13,True,False,False,0.906255,0.918966,0
chave_pix,199414.45,251401.95,51987.5,1627.45,201041.9,8,True,False,False,0.20679,0.991905,1
dados_bancarios,413811.81,1778785.15,1364973.34,14076.85,427888.66,12,False,False,False,0.767363,0.967102,0
pix_copia_e_cola,489788.01,1359805.39,870017.38,40541.77,530329.78,20,False,True,True,0.63981,0.923554,0
chave_pix,905080.92,905986.0009199999,905.08,1110.95,906191.87,17,False,False,False,0.000999,0.998774,1
chave_pix,0.01,902581.41,902581.4,13857.93,13857.94,19,True,False,False,1.0,1e-06,0
chave_pix,56856.8,56913.6568,56.86,74100.9,130957.7,9,True,False,False,0.000999,0.434162,0
dados_bancarios,660469.74,4290898.39,3630428.65,149762.97,810232.71,11,True,False,False,0.846077,0.815161,0
chave_pix,164077.02,364973.29,200896.27,15544.69,179621.71,19,False,False,False,0.550441,0.913459,0
dados_bancarios,322541.2,1985406.95,1662865.75,23103.06,345644.26,11,False,False,False,0.837544,0.933159,0
chave_pix,887088.72,1222341.36,335252.64,9041.57,896130.29,7,True,False,False,0.274271,0.98991,0
chave_pix,147861.36,1492340.83,1344479.47,2164.07,150025.43,9,True,False,False,0.90092,0.985575,0
chave_pix,631321.99,6105604.59,5474282.6,65715.95,697037.94,15,True,False,False,0.8966,0.905721,0
chave_pix,21043296.42,139981493.89,118938197.47,66229.85,21109526.27,11,False,False,False,0.849671,0.996863,0
dados_bancarios,243633.71,617394.83,373761.12,14245.75,257879.46,21,True,True,True,0.605384,0.944758,0
chave_pix,412632.43,747442.34,334809.91,141469.99,554102.42,9,False,False,False,0.447941,0.744686,0
chave_pix,325412.17,325737.58216999995,325.41,13627.19,339039.36,21,False,True,True,0.000999,0.959806,0
chave_pix,539260.45,2984646.19,2445385.74,2257.97,541518.42,14,True,False,False,0.819322,0.99583,0
pix_copia_e_cola,241895.93,647845.76,405949.83,715.06,242610.99,5,False,True,True,0.626615,0.997053,1
dados_bancarios,43768.18,208867.16,165098.98,205405.95,249174.13,0,True,True,True,0.79045,0.175653,0
pix_copia_e_cola,49961.4,473775.12,423813.72,7084.48,57045.88,9,False,False,False,0.894546,0.875811,0
dados_bancarios,371528.57,1994565.18,1623036.61,30570.24,402098.81,16,True,False,False,0.81373,0.923973,0
chave_pix,0.01,446491.37,446491.36,6168.84,6168.85,18,False,False,False,1.0,2e-06,0
chave_pix,142016.3,1269568.74,1127552.44,8729.78,150746.08,17,True,False,False,0.888138,0.94209,0
dados_bancarios,1452039.16,13706844.05,12254804.89,7638.94,1459678.1,18,False,False,False,0.894065,0.994767,0
chave_pix,752022.65,5235523.62,4483500.97,1565.3,753587.95,16,False,False,False,0.856362,0.997923,0
dados_bancarios,345778.34,1178321.77,832543.43,96783.24,442561.58,14,False,False,False,0.70655,0.781311,0
chave_pix,907737.53,7977762.8,7070025.27,58461.03,966198.56,13,True,False,False,0.886217,0.939494,0
chave_pix,975640.94,15239591.34,14263950.4,58581.07,1034222.01,17,True,False,False,0.93598,0.943357,0
chave_pix,1846533.04,7334325.42,5487792.38,12361.06,1858894.1,7,False,False,False,0.748234,0.99335,0
chave_pix,0.01,104587.69,104587.68,1081.76,1081.77,5,True,True,False,1.0,9e-06,1
chave_pix,136722.89,1700729.1,1564006.21,15136.92,151859.81,15,False,False,False,0.919609,0.900323,0
dados_bancarios,104157.61,181175.3,77017.69,66.89,104224.5,18,True,False,False,0.4251,0.999358,1
pix_copia_e_cola,474632.6,1678010.04,1203377.44,57326.05,531958.65,18,True,False,False,0.717146,0.892236,0
chave_pix,4120.14,4438.63,318.49,138.73,4258.87,21,True,True,True,0.071754,0.967426,1
chave_pix,347316.07,1584595.62,1237279.55,15899.6,363215.67,22,True,True,True,0.780817,0.956225,0
chave_pix,396745.71,2782367.24,2385621.53,20320.06,417065.77,19,True,False,False,0.857407,0.951279,0
chave_pix,469321.1,469790.4210999999,469.32,10718.6,480039.7,17,False,False,False,0.000999,0.977671,0
chave_pix,5016884.33,5021901.21,5016.88,120.93,5017005.26,4,True,True,True,0.000999,0.999976,1
chave_pix,2873536.01,3373145.22,499609.21,27.97,2873563.98,20,False,True,True,0.148114,0.99999,1
chave_pix,1284006.57,10484906.15,9200899.58,8320.97,1292327.54,14,True,False,False,0.877538,0.993561,0
chave_pix,1221637.47,4074360.26,2852722.79,58199.75,1279837.22,10,True,False,False,0.700165,0.954526,0
pix_copia_e_cola,631328.89,1689380.3,1058051.41,14229.66,645558.55,20,False,True,True,0.626296,0.977958,0
chave_pix,907987.0,5252680.38,4344693.38,2187.72,910174.72,23,True,True,True,0.827138,0.997596,0
chave_pix,310409.9,1359145.95,1048736.05,115746.71,426156.61,20,True,True,True,0.771614,0.728394,0
chave_pix,619836.33,674803.02,54966.69,318.23,620154.56,12,False,False,False,0.081456,0.999487,1
chave_pix,417762.17,1166201.25,748439.08,32189.51,449951.68,13,True,False,False,0.641775,0.92846,0
dados_bancarios,371027.47,4685814.57,4314787.1,5323.6,376351.07,14,True,False,False,0.920819,0.985855,0
pix_copia_e_cola,8571331.66,31337680.71,22766349.05,93352.88,8664684.54,13,False,False,False,0.726485,0.989226,0
chave_pix,412613.72,2390356.89,1977743.17,30517.6,443131.32,19,False,False,False,0.827384,0.931132,0
dados_bancarios,105903.18,106009.08,105.9,336.12,106239.3,13,True,False,False,0.000999,0.996836,1
chave_pix,730321.11,10396364.7,9666043.59,28373.63,758694.74,17,True,False,False,0.929752,0.962602,0
dados_bancarios,214799.65,449412.3,234612.65,13977.85,228777.5,8,True,False,False,0.522043,0.938902,0
dados_bancarios,459109.09,1044779.8,585670.71,17251.57,476360.66,11,True,False,False,0.560569,0.963785,0
chave_pix,85595.97,211477.43,125881.46,52814.82,138410.79,9,True,False,False,0.595248,0.61842,0
chave_pix,19484.97,576921.97,557437.0,55172.39,74657.36,17,False,False,False,0.966226,0.260992,0
pix_copia_e_cola,380160.08,380540.24007999996,380.16,19744.32,399904.4,16,False,False,False,0.000999,0.950627,0
chave_pix,314357.42,784856.58,470499.16,15528.85,329886.27,18,True,False,False,0.599472,0.952927,0
chave_pix,243284.97,625195.69,381910.72,79040.32,322325.29,14,True,False,False,0.610866,0.754781,0
chave_pix,76646.05,76722.7,76.65,36.06,76682.11,7,True,False,False,0.000999,0.99953,1
chave_pix,168140.04,168308.18003999998,168.14,12861.15,181001.19,0,False,True,True,0.000999,0.928944,0
chave_pix,328323.16,996280.98,667957.82,7611.57,335934.73,14,False,False,False,0.670451,0.977342,0
pix_copia_e_cola,671536.03,3620496.39,2948960.36,10731.19,682267.22,16,True,False,False,0.814518,0.984271,0
dados_bancarios,19207.32,46071.12,26863.8,6804.77,26012.09,15,True,False,False,0.583094,0.7384,0
chave_pix,1283907.52,1969994.25,686086.73,89.11,1283996.63,10,False,False,False,0.348268,0.999931,1
dados_bancarios,319669.1,494962.15,175293.05,14097.76,333766.86,12,True,False,False,0.354154,0.957762,0
chave_pix,8266.36,1243893.26,1235626.9,4972.59,13238.95,13,False,False,False,0.993354,0.624397,0
chave_pix,397756.63,861727.16,463970.53,31650.75,429407.38,21,True,True,True,0.538419,0.926292,0
pix_copia_e_cola,0.01,172552.01,172552.0,522.68,522.69,9,True,False,False,1.0,1.9e-05,1
chave_pix,483884.04,2395457.67,1911573.63,9967.79,493851.83,13,True,False,False,0.797999,0.979816,0
chave_pix,242215.9,815636.16,573420.26,9117.43,251333.33,8,True,False,False,0.703034,0.963724,0
dados_bancarios,35632.7,161494.93,125862.23,31374.71,67007.41,20,False,True,True,0.779357,0.531773,0
pix_copia_e_cola,1050935.77,1170462.91,119527.14,11574.19,1062509.96,11,True,False,False,0.10212,0.989107,0
chave_pix,122437.86,833779.11,711341.25,13305.26,135743.12,12,False,False,False,0.853153,0.901982,0
chave_pix,783058.19,2575504.69,1792446.5,35274.0,818332.19,9,True,False,False,0.695959,0.956895,0
chave_pix,170758.52,339228.8,168470.28,8790.24,179548.76,16,True,False,False,0.496627,0.951043,0
chave_pix,3864609.52,3868474.13,3864.61,3349.07,3867958.59,16,True,False,False,0.000999,0.999134,1
chave_pix,3107096.37,35079825.58,31972729.21,10632.66,3117729.03,10,False,False,False,0.911428,0.99659,0
chave_pix,2133479.06,27116618.41,24983139.35,10687.15,2144166.21,18,True,False,False,0.921322,0.995016,0
chave_pix,4289454.24,24567795.96,20278341.72,95609.64,4385063.88,12,True,False,False,0.825403,0.978197,0
chave_pix,83856.32,204517.81,120661.49,611.76,84468.08,15,True,False,False,0.58998,0.992758,1
pix_copia_e_cola,585092.1,6203195.53,5618103.43,4923.89,590015.99,7,True,False,False,0.905679,0.991655,0
chave_pix,669799.2,2677892.05,2008092.85,2963.03,672762.23,17,False,False,False,0.749878,0.995596,0
chave_pix,64971.93,782975.14,718003.21,7634.61,72606.54,8,False,False,False,0.917019,0.89485,0
chave_pix,980002.15,8956977.28,7976975.13,47160.11,1027162.26,9,False,False,False,0.890588,0.954087,0
pix_copia_e_cola,686495.51,3685048.31,2998552.8,228624.37,915119.88,19,True,False,False,0.813708,0.75017,0
dados_bancarios,21873.47,82412.63,60539.16,74992.57,96866.04,20,True,True,True,0.734586,0.225812,0
dados_bancarios,5676574.92,11581211.28,5904636.36,28728.96,5705303.88,20,False,True,True,0.509846,0.994965,0
dados_bancarios,74901.34,718155.29,643253.95,19714.22,94615.56,16,True,False,False,0.895703,0.791639,0
chave_pix,1636982.54,5363916.65,3726934.11,50639.63,1687622.17,10,False,False,False,0.694816,0.969994,0
dados_bancarios,67742.71,230015.38,162272.67,26939.64,94682.35,13,False,False,False,0.705486,0.715473,0
dados_bancarios,395040.14,1374390.98,979350.84,33216.71,428256.85,14,False,False,False,0.712571,0.922437,0
chave_pix,1302449.89,5072298.68,3769848.79,16520.29,1318970.18,18,False,False,False,0.743223,0.987475,0
chave_pix,1099126.36,11546194.09,10447067.73,54149.6,1153275.96,12,False,False,False,0.904806,0.953047,0
chave_pix,615437.98,5237198.32,4621760.34,53905.92,669343.9,15,True,False,False,0.882487,0.919465,0
chave_pix,837026.57,837863.5965699998,837.03,0.01,837026.58,4,False,True,True,0.000999,1.0,1
chave_pix,238980.05,239219.03004999997,238.98,33315.87,272295.92,11,False,False,False,0.000999,0.877648,0
chave_pix,1272243.75,4401778.05,3129534.3,2003.1,1274246.85,12,True,False,False,0.71097,0.998428,0
chave_pix,684438.91,685123.34891,684.44,26041.22,710480.13,20,True,True,True,0.000999,0.963347,0
chave_pix,383043.68,788440.81,405397.13,3681.71,386725.39,10,True,False,False,0.514176,0.99048,0
dados_bancarios,860333.4,7487539.68,6627206.28,35425.84,895759.24,20,True,True,True,0.885098,0.960452,0
chave_pix,488272.52,2041945.82,1553673.3,157437.01,645709.53,11,True,False,False,0.760879,0.75618,0
pix_copia_e_cola,0.01,0.01001,0.0,22649.33,22649.34,17,True,False,False,0.0,0.0,0
chave_pix,1127822.62,2838625.44,1710802.82,43449.0,1171271.62,11,False,False,False,0.602687,0.962904,0
chave_pix,89557.44,174835.56,85278.12,264.48,89821.92,10,True,False,False,0.487762,0.997056,1
chave_pix,280124.76,2328956.56,2048831.8,39229.94,319354.7,11,True,False,False,0.879721,0.877159,0
chave_pix,1066616.51,6845997.22,5779380.71,26542.12,1093158.63,13,False,False,False,0.844199,0.97572,0
chave_pix,258288.27,451910.77,193622.5,22564.76,280853.03,16,True,False,False,0.428453,0.919656,0
chave_pix,65363.02,134860.15,69497.13,54411.58,119774.6,21,False,True,True,0.515327,0.545717,0
chave_pix,173638.13,639364.56,465726.43,61585.88,235224.01,12,True,False,False,0.728421,0.738182,0
chave_pix,51342.89,152187.07,100844.18,66955.5,118298.39,12,True,False,False,0.662633,0.434012,0
pix_copia_e_cola,2568457.88,6652645.64,4084187.76,7542.26,2576000.14,20,True,True,True,0.613919,0.997072,0
chave_pix,196864.09,1041173.74,844309.65,52472.75,249336.84,14,False,False,False,0.810921,0.789551,0
chave_pix,3111871.93,6185686.13,3073814.2,8658.44,3120530.37,15,False,False,False,0.496924,0.997225,0
chave_pix,1165093.87,2043499.52,878405.65,24855.04,1189948.91,12,True,False,False,0.429854,0.979113,0
pix_copia_e_cola,0.01,441170.4,441170.39,173242.53,173242.54,19,True,False,False,1.0,0.0,0
chave_pix,353612.57,353966.18256999995,353.61,31152.45,384765.02,12,False,False,False,0.000999,0.919035,0
chave_pix,285294.11,351026.16,65732.05,355.54,285649.65,9,True,False,False,0.187257,0.998755,1
chave_pix,317880.0,1096460.91,778580.91,11468.48,329348.48,16,False,False,False,0.710085,0.965178,0
dados_bancarios,1257184.39,15057865.08,13800680.69,43056.86,1300241.25,11,True,False,False,0.91651,0.966885,0
dados_bancarios,330034.83,330364.86483,330.03,703.07,330737.9,23,True,True,True,0.000999,0.997874,1
chave_pix,125452.95,125578.40294999999,125.45,3888.61,129341.56,22,True,True,True,0.000999,0.969935,0
chave_pix,1170282.08,1905495.75,735213.67,89056.7,1259338.78,11,True,False,False,0.385839,0.929283,0
chave_pix,175283.05,505192.39,329909.34,29491.91,204774.96,13,True,False,False,0.653037,0.855979,0
chave_pix,659061.75,1914299.27,1255237.52,4589.69,663651.44,14,False,False,False,0.655716,0.993084,0
chave_pix,717634.94,1281269.29,563634.35,6761.41,724396.35,18,False,False,False,0.439903,0.990666,0
dados_bancarios,853493.62,5981712.44,5128218.82,60669.63,914163.25,15,False,False,False,0.857316,0.933634,0
chave_pix,1067790.39,13080625.17,12012834.78,1440.66,1069231.05,17,True,False,False,0.918369,0.998653,0
chave_pix,934750.76,8701803.71,7767052.95,67551.5,1002302.26,22,True,True,True,0.89258,0.932604,0
chave_pix,1103508.64,5602648.37,4499139.73,10542.88,1114051.52,10,False,False,False,0.803038,0.990536,0
dados_bancarios,0.01,0.01001,0.0,10690.15,10690.16,20,False,True,False,0.0,1e-06,0
chave_pix,389847.66,6536910.28,6147062.62,11749.17,401596.83,0,True,True,True,0.940362,0.970744,0
chave_pix,197446.17,647807.02,450360.85,21821.5,219267.67,12,True,False,False,0.695208,0.90048,0
chave_pix,44482.33,44526.81,44.48,61.65,44543.98,19,False,False,False,0.000999,0.998616,1
dados_bancarios,3743828.41,11228928.61,7485100.2,57398.45,3801226.86,0,False,True,True,0.666591,0.9849,0
dados_bancarios,439473.58,2223986.66,1784513.08,33612.89,473086.47,12,False,False,False,0.802394,0.92895,0
chave_pix,842668.93,2885162.9,2042493.97,13772.37,856441.3,18,True,False,False,0.70793,0.983919,0
chave_pix,129585.43,682463.38,552877.95,41582.58,171168.01,14,True,False,False,0.810121,0.757066,0
chave_pix,641620.82,3804730.5,3163109.68,28472.84,670093.66,12,True,False,False,0.831362,0.957509,0
chave_pix,6152559.34,66654966.78,60502407.44,18126.71,6170686.05,8,False,False,False,0.907695,0.997062,0
chave_pix,237766.42,1631778.66,1394012.24,55466.4,293232.82,19,True,False,False,0.85429,0.810845,0
dados_bancarios,4804838.78,5024842.77,220003.99,80.22,4804919.0,8,False,False,False,0.043783,0.999983,1
dados_bancarios,1022924.83,2465222.79,1442297.96,5456.32,1028381.15,23,True,True,True,0.585058,0.994694,0
chave_pix,163491.58,1786067.4,1622575.82,12695.8,176187.38,12,True,False,False,0.908463,0.927941,0
chave_pix,895565.06,896460.63,895.57,1154.76,896719.82,7,True,False,False,0.000999,0.998712,1
chave_pix,2412479.5,15246589.14,12834109.64,485965.46,2898444.96,11,True,False,False,0.841769,0.832336,0
chave_pix,946609.86,3984509.75,3037899.89,20733.11,967342.97,15,True,False,False,0.762428,0.978567,0
pix_copia_e_cola,468138.78,886663.01,418524.23,703301.45,1171440.23,13,True,False,False,0.472022,0.399627,0
dados_bancarios,68938.76,1179164.55,1110225.79,30542.95,99481.71,21,True,True,True,0.941536,0.692979,0
chave_pix,45676.3,414524.05,368847.75,43944.25,89620.55,14,False,False,False,0.88981,0.509663,0
pix_copia_e_cola,140223.17,203779.47,63556.3,848.56,141071.73,19,True,False,False,0.311888,0.993985,1
chave_pix,0.01,783828.56,783828.55,13432.06,13432.07,11,True,False,False,1.0,1e-06,0
chave_pix,516271.11,7461895.31,6945624.2,20957.36,537228.47,19,True,False,False,0.930812,0.96099,0
dados_bancarios,1145435.27,5167272.7,4021837.43,22299.8,1167735.07,12,False,False,False,0.778329,0.980903,0
dados_bancarios,287099.16,287386.25915999996,287.1,5236.25,292335.41,14,True,False,False,0.000999,0.982088,0
chave_pix,725592.81,1776698.15,1051105.34,219334.42,944927.23,12,True,False,False,0.591606,0.767882,0
chave_pix,153427.09,260811.16,107384.07,75207.51,228634.6,19,False,False,False,0.411731,0.671058,0
chave_pix,1472474.54,2167340.54,694866.0,6919.33,1479393.87,1,False,True,True,0.320608,0.995323,0
chave_pix,1054539.8,5083684.06,4029144.26,61563.13,1116102.93,11,True,False,False,0.792564,0.944841,0
dados_bancarios,731641.34,732372.9813399999,731.64,45131.8,776773.14,10,False,False,False,0.000999,0.941898,0
dados_bancarios,252825.54,2964306.32,2711480.78,15737.44,268562.98,18,True,False,False,0.91471,0.941401,0
chave_pix,195798.06,1714695.73,1518897.67,340930.89,536728.95,18,False,False,False,0.885812,0.364799,0
chave_pix,1777776.07,3409677.14,1631901.07,10244.09,1788020.16,15,False,False,False,0.478609,0.994271,0
dados_bancarios,871537.97,1618114.09,746576.12,25819.48,897357.45,17,False,False,False,0.461387,0.971227,0
dados_bancarios,0.01,369834.44,369834.43,1360.57,1360.58,13,True,False,False,1.0,7e-06,1
dados_bancarios,193430.64,193624.07064,193.43,19919.05,213349.69,17,True,False,False,0.000999,0.906637,0
chave_pix,557156.21,965153.67,407997.46,12551.99,569708.2,17,False,False,False,0.422728,0.977968,0
pix_copia_e_cola,399301.76,1671809.54,1272507.78,15082.31,414384.07,15,False,False,False,0.761156,0.963603,0
chave_pix,327016.54,1560406.01,1233389.47,19422.26,346438.8,17,True,False,False,0.790429,0.943937,0
dados_bancarios,767371.68,6250089.1,5482717.42,42370.7,809742.38,14,False,False,False,0.877222,0.947674,0
dados_bancarios,1197314.14,4825817.94,3628503.8,18112.79,1215426.93,18,True,False,False,0.751894,0.985098,0
chave_pix,607294.58,607901.87458,607.29,149.12,607443.7,21,True,True,True,0.000999,0.999755,1
chave_pix,138018.7,308089.22,170070.52,319.67,138338.37,2,False,True,True,0.552017,0.997689,1
chave_pix,440475.35,4791839.74,4351364.39,6504.62,446979.97,19,True,False,False,0.908078,0.985448,0
chave_pix,162781.98,841206.2,678424.22,40789.93,203571.91,12,True,False,False,0.80649,0.799629,0
chave_pix,938013.76,1455449.56,517435.8,80254.32,1018268.08,15,True,False,False,0.355516,0.921185,0
pix_copia_e_cola,797552.13,2603910.93,1806358.8,9053.56,806605.69,14,False,False,False,0.69371,0.988776,0
chave_pix,3540748.24,8143637.73,4602889.49,16342.53,3557090.77,21,False,True,True,0.565213,0.995406,0
chave_pix,227742.49,227970.23248999997,227.74,39473.27,267215.76,16,False,False,False,0.000999,0.852279,0
chave_pix,763545.37,2585831.24,1822285.87,24539.94,788085.31,20,False,True,True,0.70472,0.968861,0
chave_pix,40085.91,206834.93,166749.02,17752.47,57838.38,13,True,False,False,0.806194,0.693068,0
chave_pix,264291.19,298639.04,34347.85,0.01,264291.2,5,True,True,True,0.115015,1.0,1
dados_bancarios,939328.15,5011087.85,4071759.7,68900.53,1008228.68,18,False,False,False,0.81255,0.931662,0
chave_pix,1868904.68,3836638.22,1967733.54,15194.23,1884098.91,13,True,False,False,0.51288,0.991936,0
pix_copia_e_cola,394194.08,3339579.29,2945385.21,161361.6,555555.68,20,True,True,True,0.881963,0.709549,0
chave_pix,429815.69,1763634.39,1333818.7,51450.75,481266.44,19,True,False,False,0.75629,0.893093,0
chave_pix,119892.46,120012.35246,119.89,16785.32,136677.78,16,True,False,False,0.000999,0.877191,0
chave_pix,1244037.74,1676788.77,432751.03,74.47,1244112.21,6,False,False,False,0.258083,0.99994,1
chave_pix,0.01,648440.59,648440.58,98282.71,98282.72,17,True,False,False,1.0,0.0,0
dados_bancarios,521306.31,2723967.84,2202661.53,39427.06,560733.37,19,True,False,False,0.808622,0.929687,0
chave_pix,781400.83,782182.2308299999,781.4,649.48,782050.31,22,True,True,True,0.000999,0.99917,1
dados_bancarios,673527.8,3669014.71,2995486.91,9237.88,682765.68,14,True,False,False,0.816428,0.98647,0
chave_pix,681741.41,3265713.52,2583972.11,12712.84,694454.25,0,True,True,True,0.791243,0.981694,0
dados_bancarios,594531.7,2477131.2,1882599.5,64700.6,659232.3,9,True,False,False,0.759992,0.901855,0
chave_pix,875850.94,5094236.29,4218385.35,9081.02,884931.96,12,False,False,False,0.82807,0.989738,0
chave_pix,163301.93,2040937.34,1877635.41,36112.19,199414.12,18,False,False,False,0.919987,0.818909,0
chave_pix,803731.11,6146052.93,5342321.82,10834.63,814565.74,17,True,False,False,0.869228,0.986699,0
chave_pix,74877.22,74952.09722,74.88,79.61,74956.83,15,False,False,False,0.000999,0.998938,1
chave_pix,466628.7,1557786.48,1091157.78,681.19,467309.89,18,False,False,False,0.700454,0.998542,0
chave_pix,960898.09,3049880.33,2088982.24,9503.28,970401.37,20,False,True,True,0.684939,0.990207,0
chave_pix,223559.91,223783.46990999999,223.56,170.76,223730.67,12,False,False,False,0.000999,0.999237,1
dados_bancarios,0.01,1130540.01,1130540.0,7882.87,7882.88,18,False,False,False,1.0,1e-06,0
chave_pix,372938.91,933272.4,560333.49,36678.88,409617.79,13,False,False,False,0.600397,0.910456,0
chave_pix,614180.98,614795.1609799999,614.18,27579.39,641760.37,21,True,True,True,0.000999,0.957025,0
chave_pix,518227.92,518746.1479199999,518.23,0.01,518227.93,22,False,True,True,0.000999,1.0,0
chave_pix,62091.58,307082.82,244991.24,14799.34,76890.92,16,True,False,False,0.797802,0.807528,0
chave_pix,102175.06,466946.18,364771.12,6248.15,108423.21,14,True,False,False,0.781185,0.942373,0
dados_bancarios,2098726.31,2100825.03631,2098.73,1323.03,2100049.34,8,True,False,False,0.000999,0.99937,1
dados_bancarios,1179959.79,3468197.09,2288237.3,17645.5,1197605.29,10,True,False,False,0.659777,0.985266,0
pix_copia_e_cola,521450.06,2570539.52,2049089.46,30138.38,551588.44,2,False,True,True,0.797144,0.945361,0
chave_pix,354668.99,1011735.57,657066.58,21102.13,375771.12,21,True,True,True,0.649445,0.943843,0
chave_pix,56701.97,801772.86,745070.89,13638.08,70340.05,23,True,True,True,0.929279,0.806112,0
pix_copia_e_cola,796149.62,8056818.12,7260668.5,56776.07,852925.69,11,False,False,False,0.901183,0.933434,0
chave_pix,397744.03,1107433.82,709689.79,94934.07,492678.1,13,True,False,False,0.640842,0.80731,0
pix_copia_e_cola,663079.8,916307.24,253227.44,34771.23,697851.03,19,False,False,False,0.276356,0.950174,0
chave_pix,36166.98,36203.14698,36.17,22702.74,58869.72,13,False,False,False,0.000999,0.614356,0
pix_copia_e_cola,572347.58,2899250.32,2326902.74,33520.01,605867.59,13,False,False,False,0.802588,0.944674,0
chave_pix,67269.32,302780.04,235510.72,63879.32,131148.64,21,True,True,True,0.777828,0.512924,0
chave_pix,1088142.47,5573906.72,4485764.25,9780.74,1097923.21,21,True,True,True,0.804779,0.991092,0
chave_pix,1223674.55,6880435.8,5656761.25,69766.91,1293441.46,11,True,False,False,0.822152,0.946061,0
chave_pix,909792.16,4533995.01,3624202.85,28217.95,938010.11,20,True,True,True,0.79934,0.969917,0
chave_pix,1363293.96,1483653.49,120359.53,194.99,1363488.95,15,True,False,False,0.081124,0.999857,1
chave_pix,556076.86,4575784.38,4019707.52,17794.2,573871.06,7,False,False,False,0.878474,0.968993,0
chave_pix,1072.68,979884.68,978812.0,58462.09,59534.77,23,True,True,True,0.998905,0.018018,0
chave_pix,90771.22,149364.99,58593.77,8170.09,98941.31,18,False,False,False,0.392286,0.917425,0
chave_pix,5404774.36,5510556.04,105781.68,277.98,5405052.34,11,False,False,False,0.019196,0.999949,1
chave_pix,252704.68,252957.38467999996,252.7,0.01,252704.69,18,False,False,False,0.000999,1.0,0
dados_bancarios,75055.27,723392.99,648337.72,2666.28,77721.55,20,True,True,True,0.896246,0.965694,0
dados_bancarios,690431.45,2879030.21,2188598.76,11911.54,702342.99,16,False,False,False,0.760186,0.98304,0
chave_pix,6830675.62,8536468.95,1705793.33,0.01,6830675.63,0,False,True,True,0.199824,1.0,1
chave_pix,0.01,0.01001,0.0,14668.12,14668.13,20,True,True,False,0.0,1e-06,0
chave_pix,417265.49,417682.75548999995,417.27,1289.08,418554.57,21,True,True,True,0.000999,0.99692,1
chave_pix,55125.22,129082.94,73957.72,0.01,55125.23,20,True,True,True,0.572947,1.0,1
chave_pix,210067.11,409554.56,199487.45,13562.4,223629.51,20,True,True,True,0.487084,0.939353,0
chave_pix,666990.26,667657.2502599999,666.99,348.43,667338.69,10,False,False,False,0.000999,0.999478,1
chave_pix,891400.22,9242565.23,8351165.01,22207.02,913607.24,14,True,False,False,0.903555,0.975693,0
chave_pix,679430.04,2523826.75,1844396.71,83154.54,762584.58,17,True,False,False,0.730794,0.890957,0
chave_pix,117260.96,576199.01,458938.05,115694.98,232955.94,14,True,False,False,0.796492,0.503361,0
chave_pix,1054244.29,1370056.5,315812.21,108.18,1054352.47,1,True,True,True,0.23051,0.999897,1
chave_pix,331921.07,332252.99107,331.92,4294.42,336215.49,21,False,True,True,0.000999,0.987227,1
chave_pix,1525674.0,27095467.27,25569793.27,28998.99,1554672.99,14,True,False,False,0.943693,0.981347,0
dados_bancarios,1288893.44,7520912.04,6232018.6,132784.71,1421678.15,20,True,True,True,0.828625,0.9066,0
chave_pix,338350.24,338688.59023999993,338.35,1222.91,339573.15,17,False,False,False,0.000999,0.996399,1
chave_pix,104802.03,628684.05,523882.02,19671.49,124473.52,14,False,False,False,0.833299,0.841962,0
dados_bancarios,0.01,389528.09,389528.08,28060.89,28060.9,20,True,True,False,1.0,0.0,0
chave_pix,508265.87,6204280.6,5696014.73,5561.97,513827.84,12,True,False,False,0.918078,0.989175,0
chave_pix,368613.35,2283261.19,1914647.84,19867.13,388480.48,11,True,False,False,0.838558,0.948859,0
pix_copia_e_cola,951620.29,2852476.73,1900856.44,22087.26,973707.55,13,True,False,False,0.666388,0.977316,0
pix_copia_e_cola,466222.56,1627987.41,1161764.85,5969.85,472192.41,18,True,False,False,0.71362,0.987357,0
dados_bancarios,1916090.84,2098882.6,182791.76,162.37,1916253.21,22,False,True,True,0.08709,0.999915,1
dados_bancarios,1488199.78,4360810.8,2872611.02,7596.35,1495796.13,14,True,False,False,0.658733,0.994922,0
chave_pix,1341525.13,8538508.82,7196983.69,15699.18,1357224.31,13,False,False,False,0.842885,0.988433,0
chave_pix,36789.23,584151.96,547362.73,4660.23,41449.46,9,False,False,False,0.937021,0.887568,0
chave_pix,743579.34,4343079.97,3599500.63,38702.88,782282.22,18,False,False,False,0.82879,0.950526,0
chave_pix,284816.65,471285.06,186468.41,38221.77,323038.42,20,True,True,True,0.395659,0.88168,0
chave_pix,174701.42,1263063.03,1088361.61,53796.04,228497.46,19,False,False,False,0.861684,0.764566,0
chave_pix,771390.71,1639362.61,867971.9,9717.68,781108.39,18,True,False,False,0.529457,0.987559,0
dados_bancarios,373831.55,3061577.49,2687745.94,11788.73,385620.28,18,False,False,False,0.877896,0.969429,0
chave_pix,304132.9,304437.0329,304.13,807.64,304940.54,18,True,False,False,0.000999,0.997351,1
chave_pix,7183982.35,9580852.82,2396870.47,47463.84,7231446.19,21,True,True,True,0.250173,0.993436,0
chave_pix,0.01,182647.95,182647.94,0.01,0.02,8,True,False,False,1.0,0.5,1
pix_copia_e_cola,115510.71,115626.22071,115.51,30994.0,146504.71,22,True,True,True,0.000999,0.788444,0
chave_pix,2066893.93,11468870.6,9401976.67,6646.16,2073540.09,12,True,False,False,0.819782,0.996795,0
chave_pix,185399.12,2012931.1,1827531.98,51629.82,237028.94,20,True,True,True,0.907896,0.782179,0
chave_pix,70541.93,176763.03,106221.1,5640.46,76182.39,8,True,False,False,0.600924,0.925961,0
dados_bancarios,480259.44,677721.03,197461.59,5256.43,485515.87,4,True,True,True,0.291361,0.989174,1
chave_pix,117401.67,244046.06,126644.39,240.74,117642.41,6,False,False,False,0.518936,0.997954,1
dados_bancarios,426852.15,2469397.15,2042545.0,16377.84,443229.99,13,True,False,False,0.827143,0.963049,0
chave_pix,574669.72,1765320.91,1190651.19,19920.01,594589.73,20,True,True,True,0.674467,0.966498,0
dados_bancarios,337287.72,406522.14,69234.42,448.04,337735.76,7,True,False,False,0.170309,0.998673,1
chave_pix,10000000.0,41836996.09,31836996.09,18155.4,10018155.4,16,False,False,False,0.760977,0.998188,0
chave_pix,675156.69,2905683.9,2230527.21,11878.26,687034.95,21,False,True,True,0.767643,0.982711,0
chave_pix,515941.13,1660206.35,1144265.22,20796.2,536737.33,11,False,False,False,0.689231,0.961254,0
chave_pix,805818.81,5037921.6,4232102.79,39365.13,845183.94,14,True,False,False,0.840049,0.953424,0
chave_pix,1604690.15,2541225.89,936535.74,6863.25,1611553.4,21,True,True,True,0.368537,0.995741,0
dados_bancarios,146831.03,616379.87,469548.84,307.89,147138.92,3,True,True,True,0.761785,0.997907,1
chave_pix,158036.76,158194.79676,158.04,17210.1,175246.86,7,True,False,False,0.000999,0.901795,1
pix_copia_e_cola,1997147.07,16618690.68,14621543.61,11741.51,2008888.58,7,True,False,False,0.879825,0.994155,0
dados_bancarios,199070.09,1810486.33,1611416.24,5408.33,204478.42,15,True,False,False,0.890046,0.973551,0
chave_pix,1533791.8,7559368.32,6025576.52,4666.91,1538458.71,17,True,False,False,0.797101,0.996967,0
dados_bancarios,547014.35,2021416.48,1474402.13,50476.55,597490.9,18,False,False,False,0.729391,0.915519,0
dados_bancarios,376186.12,1118851.43,742665.31,1987.48,378173.6,13,False,False,False,0.663775,0.994745,0
chave_pix,325814.03,326139.84403,325.81,322.4,326136.43,5,False,True,True,0.000999,0.999011,1
chave_pix,879321.88,1723132.21,843810.33,96.44,879418.32,23,True,True,True,0.489696,0.99989,1
chave_pix,159515.25,2201277.54,2041762.29,21348.71,180863.96,3,False,True,True,0.927535,0.881963,0
chave_pix,496915.34,740119.17,243203.83,0.01,496915.35,0,True,True,True,0.328601,1.0,1
chave_pix,178556.86,1196132.82,1017575.96,11430.12,189986.98,12,True,False,False,0.850722,0.939837,0
chave_pix,161149.52,677443.88,516294.36,185.55,161335.07,11,True,False,False,0.762121,0.99885,1
dados_bancarios,331606.16,1330275.52,998669.36,108132.04,439738.2,13,True,False,False,0.750724,0.754099,0
chave_pix,168857.54,169026.39753999998,168.86,120559.23,289416.77,21,False,True,True,0.000999,0.583441,0
dados_bancarios,1156173.28,6377872.77,5221699.49,101834.95,1258008.23,16,False,False,False,0.818721,0.919051,0
pix_copia_e_cola,622498.24,2686404.44,2063906.2,10193.8,632692.04,21,False,True,True,0.768278,0.983888,0
pix_copia_e_cola,448266.86,688641.83,240374.97,706.06,448972.92,0,False,True,True,0.349057,0.998427,1
dados_bancarios,187700.61,759088.27,571387.66,36475.28,224175.89,18,False,False,False,0.752729,0.837292,0
chave_pix,331122.08,816554.53,485432.45,21870.27,352992.35,14,False,False,False,0.594489,0.938043,0
chave_pix,345121.13,1185935.99,840814.86,35565.45,380686.58,13,True,False,False,0.708988,0.906576,0
pix_copia_e_cola,424545.5,3105820.74,2681275.24,31279.74,455825.24,19,True,False,False,0.863307,0.931378,0
chave_pix,910780.26,3929102.42,3018322.16,10165.07,920945.33,23,False,True,True,0.768196,0.988962,0
chave_pix,113624.03,1555744.48,1442120.45,77777.03,191401.06,7,True,False,False,0.926965,0.593644,0
chave_pix,2165653.69,2235982.14,70328.45,292.68,2165946.37,18,True,False,False,0.031453,0.999865,1
pix_copia_e_cola,458202.17,1515451.34,1057249.17,4246.41,462448.58,1,False,True,True,0.697646,0.990818,0
chave_pix,199410.14,465481.06,266070.92,264.85,199674.99,16,True,False,False,0.571604,0.998674,1
pix_copia_e_cola,109828.13,109937.95813,109.83,51724.26,161552.39,9,True,False,False,0.000999,0.67983,0
dados_bancarios,230889.92,985120.1,754230.18,8072.53,238962.45,13,False,False,False,0.765623,0.966218,0
pix_copia_e_cola,234163.0,234397.16299999997,234.16,152.44,234315.44,8,True,False,False,0.000999,0.999349,1
chave_pix,329046.78,879169.43,550122.65,45387.62,374434.4,18,True,False,False,0.62573,0.878784,0
dados_bancarios,104450.24,211940.27,107490.03,39735.83,144186.07,19,False,False,False,0.507171,0.724413,0
dados_bancarios,903131.8,3179248.98,2276117.18,24978.65,928110.45,13,True,False,False,0.715929,0.973087,0
dados_bancarios,4919950.36,13732584.32,8812633.96,14921.8,4934872.16,14,False,False,False,0.641732,0.996976,0
chave_pix,405255.81,591571.81,186316.0,35337.9,440593.71,0,True,True,True,0.314951,0.919795,0
chave_pix,8948602.31,9042711.17,94108.86,0.01,8948602.32,10,False,False,False,0.010407,1.0,1
chave_pix,103056.0,103159.06,103.06,87.2,103143.2,12,True,False,False,0.000999,0.999155,1
dados_bancarios,1852983.0,8980906.14,7127923.14,37843.65,1890826.65,12,True,False,False,0.793675,0.979986,0
chave_pix,37371.51,37408.88151,37.37,13079.78,50451.29,19,True,False,False,0.000999,0.740744,0
chave_pix,759960.84,3376002.51,2616041.67,29520.81,789481.65,13,True,False,False,0.774893,0.962607,0
chave_pix,193974.79,740625.36,546650.57,82935.91,276910.7,17,True,False,False,0.738093,0.700496,0
chave_pix,862749.38,4188377.96,3325628.58,147225.74,1009975.12,14,True,False,False,0.794013,0.854228,0
chave_pix,300806.75,301107.55675,300.81,149.08,300955.83,9,True,False,False,0.000999,0.999505,1
chave_pix,1482961.53,6064456.74,4581495.21,56517.21,1539478.74,12,True,False,False,0.755467,0.963288,0
pix_copia_e_cola,773414.52,2033546.55,1260132.03,9017.64,782432.16,10,False,False,False,0.619672,0.988475,0
pix_copia_e_cola,18718.12,86189.42,67471.3,62217.41,80935.53,16,True,False,False,0.782826,0.231272,0
chave_pix,824136.27,824960.4062699999,824.14,1331.9,825468.17,20,True,True,True,0.000999,0.998386,1
dados_bancarios,0.01,0.01001,0.0,64895.82,64895.83,16,True,False,False,0.0,0.0,0
chave_pix,405109.06,3911602.95,3506493.89,32062.69,437171.75,11,False,False,False,0.896434,0.926659,0
chave_pix,338402.44,1760720.17,1422317.73,1167.35,339569.79,12,True,False,False,0.807805,0.996562,0
chave_pix,889410.81,3258651.11,2369240.3,13266.7,902677.51,13,True,False,False,0.727062,0.985303,0
chave_pix,85249.19,85334.43918999999,85.25,813.26,86062.45,5,False,True,True,0.000999,0.99055,1
chave_pix,6002406.93,6053964.24,51557.31,206.14,6002613.07,3,True,True,True,0.008516,0.999966,1
chave_pix,913140.11,3768995.97,2855855.86,21741.91,934882.02,13,False,False,False,0.757723,0.976744,0
chave_pix,393754.28,2135773.58,1742019.3,22040.14,415794.42,10,True,False,False,0.815639,0.946993,0
pix_copia_e_cola,336640.43,4925419.71,4588779.28,34833.63,371474.06,13,True,False,False,0.931652,0.906229,0
chave_pix,376016.6,578302.33,202285.73,173.17,376189.77,7,True,False,False,0.349792,0.99954,1
chave_pix,42613.63,42656.24362999999,42.61,117416.21,160029.84,1,False,True,True,0.000999,0.266286,0
chave_pix,759810.57,2282130.97,1522320.4,34841.03,794651.6,19,True,False,False,0.667061,0.956156,0
pix_copia_e_cola,1335853.51,13931638.79,12595785.28,54854.64,1390708.15,13,True,False,False,0.904114,0.960556,0
chave_pix,225485.91,2009183.75,1783697.84,9350.86,234836.77,19,True,False,False,0.887772,0.960181,0
chave_pix,293581.61,293875.19161,293.58,4142.31,297723.92,18,False,False,False,0.000999,0.986087,0
chave_pix,65911.89,1669994.31,1604082.42,44432.65,110344.54,13,False,False,False,0.960532,0.597328,0
chave_pix,976685.33,1162810.47,186125.14,0.01,976685.34,10,True,False,False,0.160065,1.0,1
chave_pix,1033528.67,1145562.62,112033.95,9064.51,1042593.18,17,True,False,False,0.097798,0.991306,0
chave_pix,1902114.48,3652606.93,1750492.45,23232.78,1925347.26,15,False,False,False,0.479245,0.987933,0
chave_pix,5573412.38,5578985.7923799995,5573.41,0.01,5573412.39,20,False,True,True,0.000999,1.0,1
chave_pix,1973876.06,3914561.72,1940685.66,17253.41,1991129.47,20,True,True,True,0.495761,0.991335,0
chave_pix,1875402.12,4229358.11,2353955.99,3720.76,1879122.88,9,True,False,False,0.556575,0.99802,0
dados_bancarios,395275.19,395670.46518999996,395.28,25200.63,420475.82,17,False,False,False,0.000999,0.940066,0
chave_pix,773926.81,774700.74,773.93,795.64,774722.45,17,True,False,False,0.000999,0.998973,1
chave_pix,813665.45,842362.91,28697.46,648.62,814314.07,1,False,True,True,0.034068,0.999203,1
chave_pix,1684884.54,7371536.21,5686651.67,74106.07,1758990.61,14,True,False,False,0.771434,0.95787,0
chave_pix,495143.27,924152.28,429009.01,26031.49,521174.76,11,True,False,False,0.464219,0.950052,0
dados_bancarios,359844.47,1324217.3,964372.83,39155.37,398999.84,10,False,False,False,0.728259,0.901866,0
chave_pix,979468.46,5550335.54,4570867.08,129150.56,1108619.02,21,False,True,True,0.82353,0.883503,0
dados_bancarios,32178184.6,106187388.03,74009203.43,41056.15,32219240.75,15,False,False,False,0.696968,0.998726,0
chave_pix,1057871.5,2658961.58,1601090.08,18044.97,1075916.47,15,False,False,False,0.602149,0.983228,0
dados_bancarios,850900.03,7613936.54,6763036.51,33680.08,884580.11,17,True,False,False,0.888244,0.961925,0
pix_copia_e_cola,1898084.82,1899982.9048199998,1898.08,1018.87,1899103.69,11,True,False,False,0.000999,0.999463,1
chave_pix,537539.97,538077.51,537.54,88.49,537628.46,13,True,False,False,0.000999,0.999835,1
dados_bancarios,43126.22,43169.35,43.13,23352.88,66479.1,18,True,False,False,0.000999,0.648718,0
chave_pix,12397.26,12409.657259999998,12.4,6297.73,18694.99,5,False,True,True,0.000999,0.663133,0
dados_bancarios,429299.59,1217600.06,788300.47,95717.38,525016.97,14,True,False,False,0.647422,0.817687,0
pix_copia_e_cola,302225.29,4685724.87,4383499.58,71788.92,374014.21,23,True,True,True,0.935501,0.808058,0
chave_pix,34820.35,83265.11,48444.76,27654.56,62474.91,23,False,True,True,0.581813,0.557349,0
chave_pix,113360.8,113474.16,113.36,3299.6,116660.4,19,True,False,False,0.000999,0.971716,1
chave_pix,1414794.88,8150132.16,6735337.28,15959.11,1430753.99,9,True,False,False,0.826408,0.988846,0
pix_copia_e_cola,98223.29,483579.21,385355.92,143255.48,241478.77,18,True,False,False,0.796883,0.406757,0
dados_bancarios,2087823.12,9886335.36,7798512.24,18162.62,2105985.74,17,False,False,False,0.788817,0.991376,0
chave_pix,963105.98,5651309.23,4688203.25,183059.77,1146165.75,11,False,False,False,0.829578,0.840285,0
dados_bancarios,413174.93,1686328.54,1273153.61,4781.07,417956.0,17,True,False,False,0.754986,0.988561,0
chave_pix,2870445.83,2959443.65,88997.82,318.2,2870764.03,10,False,False,False,0.030072,0.999889,1
dados_bancarios,2253468.08,12450226.35,10196758.27,33809.98,2287278.06,10,True,False,False,0.819002,0.985218,0
chave_pix,123512.2,1133771.74,1010259.54,5169.33,128681.53,21,False,True,True,0.891061,0.959829,0
chave_pix,618653.52,3665650.28,3046996.76,28582.78,647236.3,10,False,False,False,0.83123,0.955839,0
chave_pix,1807650.78,27584323.3,25776672.52,7320.49,1814971.27,12,True,False,False,0.934468,0.995967,0
chave_pix,3886212.61,11115522.79,7229310.18,6138.64,3892351.25,11,False,False,False,0.65038,0.998423,0
dados_bancarios,1650583.85,15270809.45,13620225.6,13722.26,1664306.11,18,False,False,False,0.891912,0.991755,0
dados_bancarios,1613080.96,10489919.32,8876838.36,11731.24,1624812.2,19,False,False,False,0.846226,0.99278,0
chave_pix,630493.22,3871883.0,3241389.78,27506.98,658000.2,13,False,False,False,0.837161,0.958196,0
chave_pix,62290.65,996532.71,934242.06,62033.17,124323.82,15,True,False,False,0.937493,0.501036,0
pix_copia_e_cola,0.01,488032.34,488032.33,16374.91,16374.92,14,True,False,False,1.0,1e-06,0
chave_pix,235609.84,1219270.19,983660.35,25134.32,260744.16,13,True,False,False,0.806762,0.903605,0
chave_pix,517644.57,2220848.86,1703204.29,11808.98,529453.55,19,False,False,False,0.766916,0.977696,0
pix_copia_e_cola,209381.1,533711.27,324330.17,867.37,210248.47,4,False,True,True,0.607688,0.995875,1
chave_pix,2044477.88,27162762.85,25118284.97,11033.13,2055511.01,11,False,False,False,0.924732,0.994632,0
chave_pix,338840.69,3268627.03,2929786.34,14335.54,353176.23,19,True,False,False,0.896335,0.95941,0
chave_pix,4616542.41,4621158.952409999,4616.54,207.97,4616750.38,3,True,True,True,0.000999,0.999955,1
pix_copia_e_cola,1999266.03,11190010.18,9190744.15,8482.96,2007748.99,13,True,False,False,0.821335,0.995775,0
dados_bancarios,200828.65,717976.88,517148.23,17270.97,218099.62,19,True,False,False,0.720285,0.920812,0
chave_pix,202764.28,768637.6,565873.32,4107.2,206871.48,8,True,False,False,0.736203,0.980146,0
dados_bancarios,525504.02,5010406.25,4484902.23,16025.92,541529.94,18,False,False,False,0.895117,0.970406,0
chave_pix,357351.87,1583768.1,1226416.23,153221.59,510573.46,10,True,False,False,0.774366,0.699903,0
dados_bancarios,0.01,0.01001,0.0,17872.85,17872.86,22,False,True,False,0.0,1e-06,0
chave_pix,1168041.98,5411419.34,4243377.36,22893.1,1190935.08,18,False,False,False,0.784152,0.980777,0
chave_pix,2561602.23,13437786.16,10876183.93,19306.86,2580909.09,15,False,False,False,0.809373,0.992519,0
dados_bancarios,10099985.64,16161600.9,6061615.26,156.62,10100142.26,12,True,False,False,0.375063,0.999984,1
chave_pix,133666.54,133800.20653999998,133.67,3580.75,137247.29,16,False,False,False,0.000999,0.97391,1
pix_copia_e_cola,53059.01,93770.87,40711.86,9260.37,62319.38,18,False,False,False,0.434163,0.851405,0
dados_bancarios,504543.27,3509230.65,3004687.38,125839.16,630382.43,15,False,False,False,0.856224,0.800376,0
chave_pix,0.01,374021.47,374021.46,134.51,134.52,7,True,False,False,1.0,7.4e-05,1
chave_pix,897824.87,4315822.33,3417997.46,9570.13,907395.0,14,False,False,False,0.791969,0.989453,0
dados_bancarios,10000000.0,14816304.15,4816304.15,136.47,10000136.47,2,True,True,True,0.325068,0.999986,1
dados_bancarios,2796249.1,4255151.15,1458902.05,254.44,2796503.54,20,True,True,True,0.342856,0.999909,1
chave_pix,340355.65,1349665.54,1009309.89,201095.1,541450.75,21,True,True,True,0.747822,0.628599,0
chave_pix,890090.25,6133363.4,5243273.15,4995.78,895086.03,17,True,False,False,0.854877,0.994419,0
chave_pix,343856.99,489287.77,145430.78,956.7,344813.69,9,True,False,False,0.29723,0.997225,1
chave_pix,434367.44,2234628.37,1800260.93,26459.09,460826.53,10,True,False,False,0.80562,0.942583,0
chave_pix,27740.37,133712.18,105971.81,123.32,27863.69,14,False,False,False,0.792537,0.995574,1
dados_bancarios,347018.18,347365.19817999995,347.02,241.52,347259.7,6,True,False,False,0.000999,0.999304,1
chave_pix,673995.23,3563014.12,2889018.89,27182.69,701177.92,11,True,False,False,0.810836,0.961233,0
chave_pix,706934.32,5353960.01,4647025.69,5015.49,711949.81,9,True,False,False,0.86796,0.992955,0
chave_pix,304698.7,1744390.78,1439692.08,3225.27,307923.97,19,True,False,False,0.825327,0.989526,0
dados_bancarios,496555.59,497052.14559,496.56,1007.27,497562.86,7,False,False,False,0.000999,0.997976,1
chave_pix,640009.28,3966084.05,3326074.77,15114.72,655124.0,16,True,False,False,0.838629,0.976928,0
chave_pix,90251.68,90341.93167999998,90.25,744.16,90995.84,13,False,False,False,0.000999,0.991822,0
chave_pix,1632097.93,7103626.91,5471528.98,16860.71,1648958.64,12,True,False,False,0.770244,0.989775,0
pix_copia_e_cola,639529.34,640168.8693399999,639.53,283.71,639813.05,12,False,False,False,0.000999,0.999557,1
chave_pix,6552046.03,15412037.12,8859991.09,5187.71,6557233.74,14,False,False,False,0.574875,0.999209,0
chave_pix,320627.46,1050307.16,729679.7,41811.14,362438.6,19,True,False,False,0.69473,0.884639,0
chave_pix,137422.23,585531.05,448108.82,39012.89,176435.12,15,False,False,False,0.765303,0.778883,0
chave_pix,314004.57,1615071.9,1301067.33,6246.46,320251.03,20,False,True,True,0.805579,0.980495,0
pix_copia_e_cola,1221598.85,1222820.44885,1221.6,39082.57,1260681.42,16,False,False,False,0.000999,0.968999,0
chave_pix,900228.9,10218541.54,9318312.64,2341.48,902570.38,20,False,True,True,0.911902,0.997406,0
chave_pix,1468341.83,15565691.11,14097349.28,28575.16,1496916.99,9,True,False,False,0.905668,0.980911,0
chave_pix,588049.12,2361668.15,1773619.03,10557.62,598606.74,22,False,True,True,0.751003,0.982363,0
chave_pix,598143.58,11166835.13,10568691.55,6005.26,604148.84,22,False,True,True,0.946436,0.99006,0
pix_copia_e_cola,422729.88,2850554.91,2427825.03,17662.2,440392.08,15,True,False,False,0.851703,0.959894,0
chave_pix,1774345.98,3267396.36,1493050.38,6342.54,1780688.52,8,False,False,False,0.456954,0.996438,0
dados_bancarios,1815201.91,7121151.36,5305949.45,13198.32,1828400.23,22,True,True,True,0.745097,0.992781,0
chave_pix,1966464.49,1987053.41,20588.92,1775.8,1968240.29,6,False,False,False,0.010362,0.999098,1
dados_bancarios,1817209.26,5614707.21,3797497.95,56288.71,1873497.97,11,True,False,False,0.676348,0.969955,0
pix_copia_e_cola,794169.89,3208374.58,2414204.69,8270.29,802440.18,7,False,False,False,0.75247,0.989694,0
chave_pix,75816.18,219012.15,143195.97,0.01,75816.19,19,True,False,False,0.653827,1.0,1
chave_pix,652493.59,1842290.01,1189796.42,14519.06,667012.65,14,False,False,False,0.645825,0.978233,0
chave_pix,29313.61,29342.923609999998,29.31,137282.82,166596.43,11,True,False,False,0.000999,0.175956,0
dados_bancarios,131140.17,645956.47,514816.3,0.01,131140.18,9,True,False,False,0.796983,1.0,0
chave_pix,0.01,0.01001,0.0,10100.1,10100.11,12,True,False,False,0.0,1e-06,0
dados_bancarios,368310.07,596319.0,228008.93,50663.29,418973.36,18,True,False,False,0.382361,0.879078,0
chave_pix,74830.23,181181.18,106350.95,86347.88,161178.11,11,True,False,False,0.586987,0.46427,0
dados_bancarios,454146.09,6681479.48,6227333.39,16963.49,471109.58,15,False,False,False,0.932029,0.963992,0
chave_pix,134366.15,404845.76,270479.61,27568.87,161935.02,20,True,True,True,0.668105,0.829754,0
chave_pix,972461.97,6665388.24,5692926.27,99674.38,1072136.35,14,False,False,False,0.854103,0.907032,0
chave_pix,428402.25,1402023.32,973621.07,29744.52,458146.77,9,False,False,False,0.69444,0.935076,0
dados_bancarios,39594.26,338601.22,299006.96,2707.42,42301.68,15,True,False,False,0.883065,0.935997,1
chave_pix,836332.69,4177080.9,3340748.21,13381.11,849713.8,22,True,True,True,0.799781,0.984252,0
chave_pix,794816.39,1451997.62,657181.23,91662.43,886478.82,8,True,False,False,0.452605,0.896599,0
pix_copia_e_cola,487022.77,1915038.04,1428015.27,30440.64,517463.41,13,True,False,False,0.745685,0.941173,0
dados_bancarios,308602.82,1234736.7,926133.88,5945.82,314548.64,23,True,True,True,0.750066,0.981097,0
chave_pix,4111506.49,26394744.61,22283238.12,35903.11,4147409.6,8,True,False,False,0.84423,0.991343,0
chave_pix,1693601.61,17037970.03,15344368.42,20206.16,1713807.77,18,True,False,False,0.900598,0.98821,0
dados_bancarios,1314655.04,2418504.62,1103849.58,92038.22,1406693.26,18,True,False,False,0.456418,0.934571,0
chave_pix,1837707.28,5879425.67,4041718.39,56039.81,1893747.09,14,False,False,False,0.687434,0.970408,0
dados_bancarios,75635.13,374765.69,299130.56,3319.72,78954.85,9,True,False,False,0.79818,0.957954,0
chave_pix,1119714.62,11271039.78,10151325.16,10926.06,1130640.68,13,True,False,False,0.900656,0.990336,0
chave_pix,240585.28,1870638.28,1630053.0,10770.3,251355.58,18,True,False,False,0.871389,0.957151,0
chave_pix,145209.52,1674528.69,1529319.17,23999.04,169208.56,12,True,False,False,0.913283,0.858169,0
dados_bancarios,2408528.34,15618753.28,13210224.94,12383.42,2420911.76,10,True,False,False,0.845793,0.994885,0
chave_pix,93089.54,838776.59,745687.05,17890.32,110979.86,10,False,False,False,0.889017,0.838797,0
chave_pix,1408268.63,6648297.9,5240029.27,31648.36,1439916.99,14,False,False,False,0.788176,0.978021,0
pix_copia_e_cola,328655.37,1543947.11,1215291.74,19341.67,347997.04,11,False,False,False,0.787133,0.94442,0
dados_bancarios,423317.66,2227331.08,1804013.42,20954.15,444271.81,20,True,True,True,0.809944,0.952835,0
chave_pix,0.01,1101930.26,1101930.25,24013.6,24013.61,17,True,False,False,1.0,0.0,0
chave_pix,112336.61,394129.7,281793.09,42050.81,154387.42,18,True,False,False,0.714976,0.727628,0
chave_pix,241518.04,1847153.53,1605635.49,16187.7,257705.74,16,True,False,False,0.869249,0.937185,0
chave_pix,23155.88,53815.93,30660.05,32748.87,55904.75,21,True,True,True,0.569721,0.414202,0
chave_pix,6681207.1,6687888.307099999,6681.21,491.15,6681698.25,21,False,True,True,0.000999,0.999926,1
chave_pix,0.01,1136097.73,1136097.72,15389.9,15389.91,15,True,False,False,1.0,1e-06,0
chave_pix,568442.9,569011.3428999999,568.44,35937.92,604380.82,12,True,False,False,0.000999,0.940538,0
chave_pix,30020.43,192757.39,162736.96,23714.81,53735.24,0,True,True,True,0.844258,0.558673,0
chave_pix,128352.71,128481.06271,128.35,341.49,128694.2,8,True,False,False,0.000999,0.997347,1
chave_pix,701610.41,2709991.57,2008381.16,13647.31,715257.72,11,True,False,False,0.741102,0.98092,0
chave_pix,325649.24,1918698.38,1593049.14,69300.76,394950.0,15,True,False,False,0.830276,0.824533,0
chave_pix,1540846.42,1977729.5,436883.08,12588.98,1553435.4,19,True,False,False,0.220901,0.991896,0
chave_pix,43092.0,56554.4,13462.4,230.96,43322.96,8,True,False,False,0.238043,0.994669,1
chave_pix,190823.81,191014.63380999997,190.82,2241.37,193065.18,23,False,True,True,0.000999,0.988391,1
chave_pix,0.01,0.01001,0.0,39535.01,39535.02,15,True,False,False,0.0,0.0,0
chave_pix,165109.48,1697101.65,1531992.17,7080.35,172189.83,11,True,False,False,0.902711,0.958881,0
chave_pix,0.01,0.01001,0.0,463.11,463.12,15,True,False,False,0.0,2.2e-05,1
dados_bancarios,144876.4,145021.28,144.88,223.73,145100.13,17,False,False,False,0.000999,0.998458,1
chave_pix,0.01,186903.57,186903.56,17809.38,17809.39,0,False,True,False,1.0,1e-06,0
chave_pix,145208.39,205409.21,60200.82,11515.59,156723.98,12,True,False,False,0.293078,0.926523,0
dados_bancarios,962633.34,4299424.82,3336791.48,78327.83,1040961.17,18,False,False,False,0.776102,0.924754,0
chave_pix,874126.48,4214973.28,3340846.8,3341.64,877468.12,10,True,False,False,0.792614,0.996192,0
dados_bancarios,391201.79,1164414.42,773212.63,15397.55,406599.34,22,True,True,True,0.664036,0.962131,0
chave_pix,3483758.17,44255182.53,40771424.36,50225.47,3533983.64,12,False,False,False,0.92128,0.985788,0
chave_pix,514215.27,9472924.84,8958709.57,24576.47,538791.74,12,True,False,False,0.945717,0.954386,0
chave_pix,0.01,327145.22,327145.21,0.01,0.02,13,False,False,False,1.0,0.5,1
chave_pix,1654896.62,4856597.05,3201700.43,35854.49,1690751.11,17,True,False,False,0.659248,0.978794,0
chave_pix,127541.96,1800841.66,1673299.7,7839.37,135381.33,12,False,False,False,0.929176,0.942094,0
chave_pix,134027.49,134161.51748999997,134.03,6053.23,140080.72,13,True,False,False,0.000999,0.956788,0
chave_pix,750174.28,11744873.93,10994699.65,30776.58,780950.86,13,True,False,False,0.936128,0.960591,0
pix_copia_e_cola,200897.63,670552.56,469654.93,14930.46,215828.09,11,True,False,False,0.7004,0.930822,0
chave_pix,875170.56,1303836.97,428666.41,18399.84,893570.4,12,True,False,False,0.328773,0.979409,0
chave_pix,889161.01,6947858.11,6058697.1,39643.42,928804.43,13,False,False,False,0.872024,0.957318,0
chave_pix,158836.02,381951.11,223115.09,9929.83,168765.85,18,True,False,False,0.584146,0.941162,0
chave_pix,3371022.4,4898075.98,1527053.58,3149.12,3374171.52,18,True,False,False,0.311766,0.999067,0
pix_copia_e_cola,1138384.29,1139522.67,1138.38,379.4,1138763.69,20,True,True,True,0.000999,0.999667,1
chave_pix,168191.44,563396.67,395205.23,43875.61,212067.05,12,False,False,False,0.701469,0.793105,0
dados_bancarios,1950287.88,6272787.38,4322499.5,18622.67,1968910.55,8,True,False,False,0.689088,0.990542,0
chave_pix,0.01,80134.93,80134.92,652.94,652.95,15,True,False,False,1.0,1.5e-05,1
chave_pix,826723.97,11507724.67,10681000.7,14627.53,841351.5,17,True,False,False,0.928159,0.982614,0
chave_pix,414433.1,414847.53309999994,414.43,554.05,414987.15,19,False,False,False,0.000999,0.998665,1
chave_pix,393417.05,736905.45,343488.4,13655.88,407072.93,21,False,True,True,0.466123,0.966453,0
pix_copia_e_cola,384531.97,1054760.22,670228.25,35161.22,419693.19,0,False,True,True,0.635432,0.916222,0
chave_pix,452670.26,2878143.12,2425472.86,10616.07,463286.33,0,True,True,True,0.842721,0.977085,0
pix_copia_e_cola,452009.34,2650008.05,2197998.71,43873.95,495883.29,17,False,False,False,0.829431,0.911524,0
chave_pix,359678.41,1484152.47,1124474.06,18415.93,378094.34,12,True,False,False,0.757654,0.951293,0
chave_pix,32225.44,32257.665439999993,32.23,31503.95,63729.39,13,False,False,False,0.000999,0.505661,0
pix_copia_e_cola,329782.99,2482646.06,2152863.07,140104.93,469887.92,20,True,True,True,0.867165,0.701833,0
chave_pix,89631.24,140843.1,51211.86,769.12,90400.36,8,True,False,False,0.363609,0.991492,1
dados_bancarios,14016.65,14030.67,14.02,141.06,14157.71,5,False,True,True,0.000999,0.990037,1
chave_pix,2952826.56,16343851.77,13391025.21,25245.19,2978071.75,12,True,False,False,0.819331,0.991523,0
chave_pix,1062228.54,8882647.63,7820419.09,9484.4,1071712.94,13,False,False,False,0.880415,0.99115,0
chave_pix,1302455.41,11760486.53,10458031.12,15023.85,1317479.26,14,True,False,False,0.889252,0.988597,0
chave_pix,973890.4,2469079.22,1495188.82,39079.72,1012970.12,19,True,False,False,0.605565,0.961421,0
chave_pix,5516333.75,6159552.5,643218.75,0.01,5516333.76,10,False,False,False,0.104426,1.0,1
dados_bancarios,236412.25,601139.68,364727.43,9056.43,245468.68,17,True,False,False,0.606727,0.963106,0
chave_pix,8730600.58,10914839.02,2184238.44,961.56,8731562.14,10,False,False,False,0.200116,0.99989,1
chave_pix,1004590.97,20349519.94,19344928.97,43250.02,1047840.99,12,False,False,False,0.950633,0.958725,0
chave_pix,1651195.56,6490388.17,4839192.61,20392.42,1671587.98,16,False,False,False,0.745594,0.987801,0
chave_pix,748911.05,2230851.98,1481940.93,20583.84,769494.89,10,False,False,False,0.664294,0.97325,0
chave_pix,862116.31,4028404.83,3166288.52,19970.93,882087.24,23,True,True,True,0.785991,0.977359,0
dados_bancarios,752650.86,753403.5108599999,752.65,0.01,752650.87,21,True,True,True,0.000999,1.0,1
pix_copia_e_cola,34861.02,653280.86,618419.84,34903.23,69764.25,21,True,True,True,0.946637,0.499697,0
chave_pix,231270.94,442850.34,211579.4,23.36,231294.3,8,False,False,False,0.477767,0.999899,1
dados_bancarios,292144.22,1764770.51,1472626.29,3218.92,295363.14,12,False,False,False,0.834458,0.989102,0
pix_copia_e_cola,1284254.82,10573223.62,9288968.8,110295.06,1394549.88,13,True,False,False,0.878537,0.92091,0
chave_pix,9966912.11,9976879.022109998,9966.91,1035.47,9967947.58,2,True,True,True,0.000999,0.999896,1
chave_pix,1962439.95,11006605.63,9044165.68,24966.78,1987406.73,14,True,False,False,0.821703,0.987438,0
chave_pix,34093.81,34127.903809999996,34.09,8288.27,42382.08,19,True,False,False,0.000999,0.804439,0
chave_pix,60321.07,207764.33,147443.26,45107.6,105428.67,0,True,True,True,0.709666,0.572151,0
chave_pix,731752.89,10302804.95,9571052.06,8356.86,740109.75,13,False,False,False,0.928975,0.988709,0
chave_pix,112342.27,258699.95,146357.68,11137.48,123479.75,22,True,True,True,0.565743,0.909803,0
chave_pix,368884.66,2119029.76,1750145.1,85724.09,454608.75,19,True,False,False,0.825918,0.811433,0
chave_pix,0.01,0.01001,0.0,1194.96,1194.97,22,False,True,False,0.0,8e-06,1
chave_pix,1321834.99,5240622.13,3918787.14,23610.46,1345445.45,12,False,False,False,0.747771,0.982452,0
chave_pix,309496.11,1155272.61,845776.5,38714.02,348210.13,15,True,False,False,0.732101,0.88882,0
dados_bancarios,875611.86,876487.4718599999,875.61,685.5,876297.36,4,True,True,True,0.000999,0.999218,1
chave_pix,781963.86,834098.01,52134.15,838.89,782802.75,2,False,True,True,0.062504,0.998928,1
pix_copia_e_cola,845721.1,1148258.32,302537.22,13869.52,859590.62,8,True,False,False,0.263475,0.983865,0
pix_copia_e_cola,1374018.5,1375392.5184999998,1374.02,485.99,1374504.49,6,False,False,False,0.000999,0.999646,1
pix_copia_e_cola,609372.05,2248520.12,1639148.07,24017.33,633389.38,16,False,False,False,0.72899,0.962081,0
pix_copia_e_cola,660485.95,8080953.25,7420467.3,13328.75,673814.7,22,True,True,True,0.918266,0.980219,0
dados_bancarios,935138.02,1632025.63,696887.61,34363.98,969502.0,22,False,True,True,0.427008,0.964555,0
chave_pix,2521665.05,31068836.6,28547171.55,18946.19,2540611.24,14,True,False,False,0.918836,0.992543,0
chave_pix,0.01,0.01001,0.0,92839.26,92839.27,20,False,True,False,0.0,0.0,0
dados_bancarios,0.01,949585.48,949585.47,262391.51,262391.52,9,True,False,False,1.0,0.0,0
chave_pix,32287.92,1078210.8,1045922.88,165069.85,197357.77,18,True,False,False,0.970054,0.163601,0
chave_pix,1077760.15,4791469.46,3713709.31,34362.13,1112122.28,18,False,False,False,0.775067,0.969102,0
dados_bancarios,409649.7,854613.71,444964.01,79311.25,488960.95,18,True,False,False,0.520661,0.837796,0
chave_pix,808314.82,6064601.79,5256286.97,38562.95,846877.77,19,False,False,False,0.866716,0.954465,0
chave_pix,246980.27,958366.09,711385.82,22160.7,269140.97,18,False,False,False,0.74229,0.917661,0
dados_bancarios,751049.27,6076965.04,5325915.77,8402.82,759452.09,11,False,False,False,0.87641,0.988936,0
chave_pix,750095.74,3203601.3,2453505.56,13832.78,763928.52,15,True,False,False,0.765859,0.981893,0
chave_pix,291870.83,703475.32,411604.49,7115.93,298986.76,12,True,False,False,0.585102,0.9762,0
chave_pix,202854.69,1895696.39,1692841.7,62336.94,265191.63,15,True,False,False,0.892992,0.764936,0
chave_pix,15538.83,1007198.49,991659.66,55507.6,71046.43,14,True,False,False,0.984572,0.218714,0
chave_pix,574588.22,575162.81,574.59,146.87,574735.09,5,True,True,True,0.000999,0.999744,1
chave_pix,561446.32,562007.77,561.45,196.86,561643.18,6,True,False,False,0.000999,0.999649,1
chave_pix,430573.21,3418989.96,2988416.75,1527.4,432100.61,10,True,False,False,0.874064,0.996465,0
pix_copia_e_cola,184277.85,674609.67,490331.82,0.01,184277.86,10,True,False,False,0.726838,1.0,0
chave_pix,206897.1,870141.27,663244.17,30325.9,237223.0,14,True,False,False,0.762226,0.872163,0
chave_pix,117368.49,117485.85849,117.37,3586.24,120954.73,13,False,False,False,0.000999,0.970351,0
dados_bancarios,3845765.36,4478951.4,633186.04,385.52,3846150.88,13,False,False,False,0.141369,0.9999,1
chave_pix,77156.8,151743.12,74586.32,41065.39,118222.19,15,True,False,False,0.49153,0.652642,0
pix_copia_e_cola,201985.95,1554444.6,1352458.65,36899.98,238885.93,1,False,True,True,0.870059,0.845533,0
pix_copia_e_cola,32572996.87,212698521.66,180125524.79,17196.61,32590193.48,15,False,False,False,0.846858,0.999472,0
chave_pix,644603.97,4936148.38,4291544.41,91508.57,736112.54,14,False,False,False,0.869412,0.875687,0
chave_pix,575930.83,8123573.96,7547643.13,20034.02,595964.85,9,True,False,False,0.929104,0.966384,0
pix_copia_e_cola,6961359.11,8543130.22,1581771.11,1698.97,6963058.08,21,True,True,True,0.185151,0.999756,1
chave_pix,233361.94,2337730.29,2104368.35,27915.34,261277.28,16,False,False,False,0.900176,0.893158,0
dados_bancarios,2557584.24,2677472.26,119888.02,3237.5,2560821.74,22,True,True,True,0.044777,0.998736,1
pix_copia_e_cola,105071.09,159644.25,54573.16,705.13,105776.22,0,True,True,True,0.341842,0.993334,1
chave_pix,1031143.33,3754163.29,2723019.96,51786.28,1082929.61,15,True,False,False,0.725333,0.952179,0
pix_copia_e_cola,99367.28,99466.64727999999,99.37,7589.81,106957.09,14,False,False,False,0.000999,0.929039,0
chave_pix,82513.0,140626.73,58113.73,10903.25,93416.25,21,False,True,True,0.413248,0.883283,0
chave_pix,364708.85,2113137.63,1748428.78,22313.69,387022.54,14,False,False,False,0.827409,0.942345,0
chave_pix,1420920.58,4714608.05,3293687.47,79736.63,1500657.21,13,True,False,False,0.698613,0.946866,0
chave_pix,172344.3,172516.64,172.34,363.61,172707.91,7,False,False,False,0.000999,0.997895,1
dados_bancarios,0.01,1092451.87,1092451.86,10616.46,10616.47,13,False,False,False,1.0,1e-06,0
dados_bancarios,1009082.71,5226130.31,4217047.6,5473.98,1014556.69,15,False,False,False,0.806916,0.994605,0
chave_pix,365069.45,365434.52,365.07,1352.92,366422.37,3,True,True,True,0.000999,0.996308,1
pix_copia_e_cola,314189.59,1437447.89,1123258.3,7114.02,321303.61,19,True,False,False,0.781425,0.977859,0
chave_pix,28552.36,97902.49,69350.13,48811.89,77364.25,20,True,True,True,0.708359,0.369064,0
dados_bancarios,544066.79,4476496.44,3932429.65,11800.05,555866.84,15,True,False,False,0.878461,0.978772,0
pix_copia_e_cola,512585.06,1284562.92,771977.86,8631.02,521216.08,14,False,False,False,0.600965,0.983441,0
chave_pix,0.01,0.01001,0.0,2072.49,2072.5,17,True,False,False,0.0,5e-06,0
chave_pix,982078.71,4387782.02,3405703.31,44431.73,1026510.44,11,False,False,False,0.776179,0.956716,0
chave_pix,366653.5,1575676.81,1209023.31,21870.23,388523.73,14,True,False,False,0.767304,0.943709,0
chave_pix,874022.76,874896.7827599999,874.02,678.81,874701.57,0,True,True,True,0.000999,0.999224,1
chave_pix,320577.72,906915.55,586337.83,75400.22,395977.94,17,True,False,False,0.646519,0.809585,0
chave_pix,578518.68,2028443.87,1449925.19,11931.03,590449.71,21,False,True,True,0.714797,0.979793,0
chave_pix,191733.47,351843.99,160110.52,8068.7,199802.17,9,True,False,False,0.455061,0.959617,0
chave_pix,155611.14,1196707.67,1041096.53,13021.04,168632.18,21,True,True,True,0.869967,0.922784,0
chave_pix,445554.73,753255.48,307700.75,1099.83,446654.56,5,True,True,True,0.408495,0.997538,1
chave_pix,0.01,0.01001,0.0,17991.55,17991.56,16,True,False,False,0.0,1e-06,0
dados_bancarios,1653027.79,7293081.47,5640053.68,49514.78,1702542.57,20,False,True,True,0.773343,0.970917,0
chave_pix,789045.97,6323561.99,5534516.02,12460.56,801506.53,14,False,False,False,0.875221,0.984454,0
dados_bancarios,2381634.8,2620032.26,238397.46,3074.26,2384709.06,22,True,True,True,0.09099,0.998711,1
chave_pix,289160.63,1749055.43,1459894.8,33360.39,322521.02,19,False,False,False,0.834676,0.896564,0
chave_pix,435332.94,1654160.54,1218827.6,149726.19,585059.13,12,True,False,False,0.736825,0.744084,0
chave_pix,402705.32,3003630.26,2600924.94,31301.56,434006.88,20,False,True,True,0.865927,0.927878,0
chave_pix,749736.35,750486.0863499999,749.74,34.09,749770.44,10,False,False,False,0.000999,0.999955,1
chave_pix,866471.37,7235177.98,6368706.61,16409.19,882880.56,11,True,False,False,0.880242,0.981414,0
chave_pix,1265961.35,11246336.27,9980374.92,5607.72,1271569.07,14,True,False,False,0.887433,0.99559,0
chave_pix,225755.65,286359.84,60604.19,43.92,225799.57,10,True,False,False,0.211636,0.999805,1
pix_copia_e_cola,24188.5,24212.688499999997,24.19,51923.41,76111.91,20,True,True,True,0.000999,0.317802,0
chave_pix,2359258.98,14317108.08,11957849.1,13280.22,2372539.2,11,True,False,False,0.835214,0.994403,0
pix_copia_e_cola,49158.04,198257.38,149099.34,23561.95,72719.99,18,False,False,False,0.752049,0.675991,0
chave_pix,2492128.13,2525421.3,33293.17,301.26,2492429.39,1,False,True,True,0.013183,0.999879,1
chave_pix,204115.43,1365364.3,1161248.87,51510.25,255625.68,14,True,False,False,0.850505,0.798493,0
chave_pix,44116.87,44160.99,44.12,60.53,44177.4,0,False,True,True,0.000999,0.99863,1
pix_copia_e_cola,203510.78,1363424.85,1159914.07,19172.34,222683.12,23,True,True,True,0.850736,0.913903,0
chave_pix,697781.02,2919513.69,2221732.67,229613.78,927394.8,10,True,False,False,0.760994,0.75241,0
chave_pix,168470.02,1067151.37,898681.35,15546.74,184016.76,18,True,False,False,0.842131,0.915515,0
pix_copia_e_cola,462051.24,5806785.2,5344733.96,11894.8,473946.04,12,True,False,False,0.920429,0.974903,0
pix_copia_e_cola,167483.35,1626512.53,1459029.18,85157.76,252641.11,9,True,False,False,0.897029,0.66293,0
chave_pix,457711.38,1246637.51,788926.13,37416.94,495128.32,21,False,True,True,0.632843,0.92443,0
chave_pix,712029.05,4377578.99,3665549.94,13757.59,725786.64,22,False,True,True,0.837346,0.981045,0
chave_pix,763561.17,6061945.18,5298384.01,18234.38,781795.55,9,True,False,False,0.87404,0.976676,0
pix_copia_e_cola,1715408.41,3285592.1,1570183.69,72025.06,1787433.47,11,True,False,False,0.4779,0.959705,0
chave_pix,235215.98,1186567.48,951351.5,27731.15,262947.13,13,False,False,False,0.801768,0.894537,0
chave_pix,4986310.16,5319646.97,333336.81,1407.2,4987717.36,12,False,False,False,0.062661,0.999718,1
dados_bancarios,563149.41,611380.15,48230.74,1316.06,564465.47,10,True,False,False,0.078888,0.997668,1
chave_pix,1080533.46,4485991.77,3405458.31,13152.53,1093685.99,18,True,False,False,0.759132,0.987974,0
dados_bancarios,244912.02,1112678.39,867766.37,3092.69,248004.71,19,True,False,False,0.77989,0.98753,0
chave_pix,252088.7,1021717.61,769628.91,6481.32,258570.02,20,False,True,True,0.75327,0.974934,0
chave_pix,258155.82,612750.47,354594.65,11711.37,269867.19,18,True,False,False,0.578693,0.956603,0
chave_pix,368534.53,2672161.9,2303627.37,105705.31,474239.84,19,True,False,False,0.862084,0.777106,0
chave_pix,651477.38,841476.97,189999.59,8479.58,659956.96,2,True,True,True,0.225793,0.987151,1
chave_pix,982668.76,5017769.06,4035100.3,6781.24,989450.0,0,True,True,True,0.804162,0.993146,0
pix_copia_e_cola,901277.47,1917116.43,1015838.96,8432.31,909709.78,19,False,False,False,0.529879,0.990731,0
chave_pix,10000000.0,22070423.85,12070423.85,53637.87,10053637.87,15,False,False,False,0.546905,0.994665,0
chave_pix,7902962.96,32651208.21,24748245.25,30410.8,7933373.76,12,False,False,False,0.757958,0.996167,0
chave_pix,1736967.28,4949502.84,3212535.56,12283.96,1749251.24,16,False,False,False,0.649062,0.992978,0
chave_pix,1292222.63,4273692.44,2981469.81,45939.29,1338161.92,9,False,False,False,0.697633,0.96567,0
chave_pix,701433.51,3553376.17,2851942.66,63474.08,764907.59,15,True,False,False,0.802601,0.917017,0
dados_bancarios,6602418.72,30136184.81,23533766.09,13822.08,6616240.8,16,False,False,False,0.780914,0.997911,0
chave_pix,535461.58,535997.0415799998,535.46,555.76,536017.34,11,True,False,False,0.000999,0.998963,1
chave_pix,250381.33,1016574.03,766192.7,36196.84,286578.17,0,False,True,True,0.753701,0.873693,0
dados_bancarios,114805.57,1098952.48,984146.91,10533.5,125339.07,11,False,False,False,0.895532,0.91596,0
chave_pix,247179.74,1133625.34,886445.6,11134.63,258314.37,11,False,False,False,0.781956,0.956895,0
chave_pix,1604344.43,13157347.06,11553002.63,19943.58,1624288.01,11,False,False,False,0.878065,0.987722,0
chave_pix,34702.37,243712.64,209010.27,15888.33,50590.7,15,False,False,False,0.857609,0.685944,0
chave_pix,48647.02,260316.94,211669.92,14772.79,63419.81,14,True,False,False,0.813124,0.767063,0
chave_pix,566334.79,784390.36,218055.57,1582.1,567916.89,8,True,False,False,0.277994,0.997214,1
chave_pix,79791.75,79871.54174999999,79.79,261.84,80053.59,13,False,False,False,0.000999,0.996729,1
chave_pix,1667826.66,2001294.49,333467.83,8578.01,1676404.67,10,False,False,False,0.166626,0.994883,0
chave_pix,378465.49,610723.67,232258.18,30878.29,409343.78,18,True,False,False,0.3803,0.924566,0
dados_bancarios,637942.23,5347867.85,4709925.62,10977.29,648919.52,14,False,False,False,0.880711,0.983084,0
dados_bancarios,264899.04,265163.93903999997,264.9,31353.99,296253.03,20,True,True,True,0.000999,0.894165,0
chave_pix,470650.39,471121.04039,470.65,215.93,470866.32,18,False,False,False,0.000999,0.999541,1
chave_pix,520202.31,740983.13,220780.82,502.76,520705.07,8,True,False,False,0.297957,0.999034,1
chave_pix,1080050.36,3880988.08,2800937.72,214574.75,1294625.11,14,False,False,False,0.721707,0.834257,0
dados_bancarios,988720.65,5618781.39,4630060.74,1989.83,990710.48,14,False,False,False,0.824033,0.997992,0
chave_pix,219463.44,219682.90343999997,219.46,25658.43,245121.87,20,True,True,True,0.000999,0.895324,0
chave_pix,40329.2,40369.52919999999,40.33,0.01,40329.21,9,False,False,False,0.000999,1.0,1
chave_pix,151981.18,204314.51,52333.33,11308.46,163289.64,21,True,True,True,0.256141,0.930746,0
dados_bancarios,137705.92,3285337.28,3147631.36,18130.01,155835.93,21,True,True,True,0.958085,0.88366,0
dados_bancarios,0.01,212959.3,212959.29,72130.74,72130.75,19,False,False,False,1.0,0.0,0
chave_pix,79671.18,740449.0,660777.82,80042.89,159714.07,14,True,False,False,0.892402,0.498836,0
chave_pix,176510.87,510389.39,333878.52,36564.01,213074.88,19,False,False,False,0.654164,0.828398,0
chave_pix,101163.56,101264.72355999998,101.16,22503.94,123667.5,10,True,False,False,0.000999,0.818029,0
chave_pix,597708.83,2952490.57,2354781.74,42424.46,640133.29,19,True,False,False,0.797558,0.933726,0
chave_pix,458497.62,3903925.39,3445427.77,13677.75,472175.37,12,True,False,False,0.882555,0.971032,0
chave_pix,492416.52,492908.93652,492.42,466.88,492883.4,19,True,False,False,0.000999,0.999053,1
chave_pix,1405789.71,2766158.06,1360368.35,15368.28,1421157.99,17,False,False,False,0.49179,0.989186,0
chave_pix,324153.36,324477.5133599999,324.15,318610.9,642764.26,13,True,False,False,0.000999,0.504311,0
chave_pix,1019005.65,2078165.74,1059160.09,20272.54,1039278.19,10,True,False,False,0.509661,0.980494,0
chave_pix,2093951.47,3345857.38,1251905.91,5.15,2093956.62,14,True,False,False,0.374166,0.999998,1
dados_bancarios,1484775.75,6423588.57,4938812.82,16145.12,1500920.87,14,False,False,False,0.768856,0.989243,0
pix_copia_e_cola,667378.87,1413158.96,745780.09,8165.02,675543.89,12,False,False,False,0.52774,0.987913,0
pix_copia_e_cola,1206105.38,21357652.66,20151547.28,17318.08,1223423.46,13,True,False,False,0.943528,0.985845,0
dados_bancarios,9403631.9,32665599.78,23261967.88,34263.99,9437895.89,17,False,False,False,0.712124,0.99637,0
chave_pix,2058467.84,8436777.81,6378309.97,20935.72,2079403.56,21,False,True,True,0.756013,0.989932,0
dados_bancarios,385658.38,1967318.16,1581659.78,7372.11,393030.49,18,True,False,False,0.803967,0.981243,0
chave_pix,255174.75,786702.22,531527.47,50223.91,305398.66,21,True,True,True,0.67564,0.835546,0
chave_pix,382706.59,1105137.72,722431.13,158987.75,541694.34,20,False,True,True,0.653702,0.706499,0
chave_pix,535699.48,13848196.05,13312496.57,23732.93,559432.41,17,False,False,False,0.961316,0.957577,0
chave_pix,179177.24,410185.17,231007.93,104084.26,283261.5,15,True,False,False,0.56318,0.632551,0
chave_pix,704415.7,1102012.17,397596.47,28219.02,732634.72,12,True,False,False,0.360791,0.961483,0
pix_copia_e_cola,487329.19,2056093.63,1568764.44,13640.3,500969.49,8,False,False,False,0.762983,0.972772,0
chave_pix,1068226.93,3306862.72,2238635.79,94098.09,1162325.02,13,True,False,False,0.676967,0.919043,0
chave_pix,275702.16,395146.09,119443.93,24925.42,300627.58,14,True,False,False,0.302278,0.917089,0
dados_bancarios,22402.21,22424.61,22.4,945.75,23347.96,6,True,False,False,0.000999,0.959493,1
chave_pix,133154.53,290820.39,157665.86,1140.82,134295.35,7,True,False,False,0.542142,0.991505,1
chave_pix,0.01,0.01001,0.0,37832.18,37832.19,21,False,True,False,0.0,0.0,0
chave_pix,1282168.87,16527423.61,15245254.74,12586.65,1294755.52,14,False,False,False,0.922422,0.990279,0
chave_pix,1994258.2,11774754.53,9780496.33,316122.7,2310380.9,19,False,False,False,0.830633,0.863173,0
dados_bancarios,3963345.04,10883012.51,6919667.47,56387.18,4019732.22,23,False,True,True,0.635823,0.985972,0
chave_pix,285061.81,994796.32,709734.51,51207.54,336269.35,14,True,False,False,0.713447,0.847719,0
dados_bancarios,422117.17,3390127.41,2968010.24,10745.98,432863.15,14,True,False,False,0.875486,0.975175,0
dados_bancarios,124634.91,661551.28,536916.37,66793.2,191428.11,20,True,True,True,0.811602,0.651079,0
dados_bancarios,1546513.25,10107946.81,8561433.56,110017.53,1656530.78,8,True,False,False,0.847,0.933586,0
dados_bancarios,618631.67,619250.30167,618.63,897.07,619528.74,17,True,False,False,0.000999,0.998552,1
chave_pix,222984.2,1383527.31,1160543.11,30024.07,253008.27,14,True,False,False,0.838829,0.881332,0
chave_pix,533361.13,2314434.12,1781072.99,13079.86,546440.99,10,False,False,False,0.76955,0.976064,0
dados_bancarios,62809.12,2539319.34,2476510.22,42279.18,105088.3,20,False,True,True,0.975265,0.597679,0
chave_pix,4896179.38,4901075.56,4896.18,779.16,4896958.54,4,True,True,True,0.000999,0.999841,1
dados_bancarios,1371058.94,1712362.8,341303.86,56670.67,1427729.61,12,False,False,False,0.199317,0.960307,0
chave_pix,731619.57,1791043.42,1059423.85,16447.03,748066.6,15,False,False,False,0.591512,0.978014,0
chave_pix,1082171.75,6870899.63,5788727.88,12096.23,1094267.98,11,True,False,False,0.842499,0.988946,0
dados_bancarios,3361874.19,8309363.03,4947488.84,33996.31,3395870.5,9,True,False,False,0.595411,0.989989,0
dados_bancarios,154064.22,415482.38,261418.16,19998.43,174062.65,19,True,False,False,0.629192,0.885108,0
chave_pix,1205085.78,1442898.01,237812.23,409.35,1205495.13,15,False,False,False,0.164816,0.99966,1
chave_pix,497125.9,1376694.47,879568.57,25350.4,522476.3,17,True,False,False,0.638899,0.95148,0
chave_pix,239163.92,1861636.72,1622472.8,21270.98,260434.9,13,False,False,False,0.87153,0.918325,0
chave_pix,485479.42,2615395.49,2129916.07,40670.31,526149.73,18,True,False,False,0.814376,0.922702,0
chave_pix,152352.86,1174937.15,1022584.29,19626.52,171979.38,13,True,False,False,0.870331,0.885879,0
pix_copia_e_cola,721151.52,1998578.39,1277426.87,20849.33,742000.85,19,True,False,False,0.639168,0.971901,0
chave_pix,1723758.53,1915878.37,192119.84,2284.13,1726042.66,12,True,False,False,0.100278,0.998677,1
chave_pix,57455.16,995626.32,938171.16,50826.8,108281.96,11,True,False,False,0.942292,0.530607,0
dados_bancarios,0.01,76078.13,76078.12,38615.91,38615.92,16,True,False,False,1.0,0.0,0
chave_pix,295171.77,3425349.61,3130177.84,4725.21,299896.98,13,False,False,False,0.913827,0.984244,0
chave_pix,362192.33,3082744.86,2720552.53,28925.43,391117.76,16,False,False,False,0.88251,0.926044,0
chave_pix,43851.71,43895.561709999994,43.85,38265.71,82117.42,21,False,True,True,0.000999,0.534012,0
pix_copia_e_cola,301499.22,734456.19,432956.97,8775.92,310275.14,13,True,False,False,0.589493,0.971716,0
chave_pix,458396.7,2118840.95,1660444.25,18374.8,476771.5,1,True,True,True,0.783657,0.96146,0
chave_pix,796935.03,3633524.98,2836589.95,91010.14,887945.17,19,False,False,False,0.780672,0.897505,0
chave_pix,158118.09,284278.23,126160.14,29275.67,187393.76,23,True,True,True,0.443791,0.843775,0
chave_pix,702433.16,2828258.15,2125824.99,6724.43,709157.59,20,False,True,True,0.751638,0.990518,0
pix_copia_e_cola,848165.02,3102235.03,2254070.01,11663.64,859828.66,14,True,False,False,0.726595,0.986435,0
chave_pix,1376984.69,9937839.81,8560855.12,38657.53,1415642.22,18,True,False,False,0.86144,0.972693,0
pix_copia_e_cola,869871.56,3426042.19,2556170.63,37346.32,907217.88,1,True,True,True,0.7461,0.958834,0
chave_pix,439888.85,1400974.28,961085.43,6549.29,446438.14,11,False,False,False,0.686012,0.98533,0
chave_pix,3387990.69,18551125.49,15163134.8,31780.51,3419771.2,12,False,False,False,0.81737,0.990707,0
chave_pix,695332.36,1857023.58,1161691.22,53781.75,749114.11,17,True,False,False,0.625566,0.928206,0
chave_pix,142287.93,648443.42,506155.49,5956.79,148244.72,18,True,False,False,0.78057,0.959818,0
dados_bancarios,8339109.7,41466067.0,33126957.3,38566.52,8377676.22,17,False,False,False,0.798893,0.995397,0
chave_pix,770556.41,3178172.85,2407616.44,11462.89,782019.3,10,True,False,False,0.757547,0.985342,0
chave_pix,1528120.08,6257535.15,4729415.07,25581.43,1553701.51,15,False,False,False,0.755795,0.983535,0
chave_pix,281065.15,2104181.23,1823116.08,9943.1,291008.25,23,False,True,True,0.866425,0.965832,0
dados_bancarios,1258986.36,1882310.81,623324.45,34967.44,1293953.8,23,True,True,True,0.331149,0.972976,0
chave_pix,306328.28,1296277.69,989949.41,16804.09,323132.37,16,False,False,False,0.763686,0.947996,0
chave_pix,838874.96,1730881.83,892006.87,31691.37,870566.33,9,True,False,False,0.515348,0.963597,0
chave_pix,752505.85,4071431.65,3318925.8,2133.61,754639.46,21,False,True,True,0.815174,0.997173,0
dados_bancarios,35739.28,35775.01927999999,35.74,43809.42,79548.7,18,True,False,False,0.000999,0.449275,0
chave_pix,76107.16,109983.08,33875.92,256.15,76363.31,0,True,True,True,0.30801,0.996646,1
dados_bancarios,410968.36,727977.11,317008.75,47046.21,458014.57,18,False,False,False,0.435465,0.897282,0
dados_bancarios,667822.01,1268411.49,600589.48,91342.22,759164.23,22,True,True,True,0.473497,0.879681,0
dados_bancarios,1532229.72,1777392.1,245162.38,59.27,1532288.99,4,True,True,True,0.137934,0.999961,1
chave_pix,0.01,1255688.57,1255688.56,13983.4,13983.41,22,False,True,False,1.0,1e-06,0
chave_pix,3326166.24,26915705.55,23589539.31,24388.91,3350555.15,20,False,True,True,0.876423,0.992721,0
chave_pix,831968.13,1364721.9,532753.77,58501.98,890470.11,19,False,False,False,0.390375,0.934302,0
dados_bancarios,550983.01,2955387.55,2404404.54,32372.83,583355.84,11,False,False,False,0.813567,0.944506,0
chave_pix,288275.0,1223892.96,935617.96,51899.11,340174.11,9,True,False,False,0.764461,0.847434,0
chave_pix,127018.14,127145.16,127.02,286.28,127304.42,6,True,False,False,0.000999,0.997751,1
dados_bancarios,126961.81,373269.0,246307.19,85392.32,212354.13,20,False,True,True,0.659865,0.597878,0
dados_bancarios,1321091.25,2371743.96,1050652.71,12405.43,1333496.68,6,True,False,False,0.442987,0.990697,1
chave_pix,367555.33,461709.68,94154.35,0.01,367555.34,3,True,True,True,0.203925,1.0,1
dados_bancarios,0.01,0.01001,0.0,20324.77,20324.78,14,True,False,False,0.0,0.0,0
dados_bancarios,2442977.69,2445420.6676899996,2442.98,0.01,2442977.7,13,False,False,False,0.000999,1.0,1
dados_bancarios,0.01,986942.06,986942.05,13665.49,13665.5,19,True,False,False,1.0,1e-06,0
chave_pix,23988003.29,265321187.35,241333184.06,30034.1,24018037.39,14,False,False,False,0.909589,0.99875,0
chave_pix,1245087.64,7826561.08,6581473.44,4648.76,1249736.4,11,True,False,False,0.840915,0.99628,0
chave_pix,299296.9,586110.98,286814.08,38275.83,337572.73,18,False,False,False,0.489351,0.886615,0
pix_copia_e_cola,418351.62,2205660.5,1787308.88,7598.22,425949.84,13,True,False,False,0.810328,0.982162,0
pix_copia_e_cola,72123.44,418163.22,346039.78,11170.43,83293.87,13,True,False,False,0.827523,0.865891,0
chave_pix,1234716.16,8044896.83,6810180.67,193300.15,1428016.31,17,False,False,False,0.846522,0.864637,0
pix_copia_e_cola,665387.66,4183710.08,3518322.42,2834.52,668222.18,19,True,False,False,0.840958,0.995758,0
chave_pix,380382.38,1397312.54,1016930.16,5752.13,386134.51,18,True,False,False,0.727776,0.985103,0
dados_bancarios,428128.85,428556.97884999996,428.13,45313.28,473442.13,11,True,False,False,0.000999,0.90429,0
pix_copia_e_cola,11424.36,13871.86,2447.5,297.08,11721.44,19,False,False,False,0.176436,0.974655,1
chave_pix,148755.19,1307918.61,1159163.42,149162.31,297917.5,18,False,False,False,0.886266,0.499317,0
chave_pix,33984.76,315688.54,281703.78,10842.18,44826.94,13,False,False,False,0.892347,0.758132,0
dados_bancarios,424846.33,2078999.63,1654153.3,26620.49,451466.82,12,True,False,False,0.795649,0.941036,0
chave_pix,671516.68,672188.2,671.52,299.77,671816.45,6,True,False,False,0.000999,0.999554,1
chave_pix,1071542.61,5133610.93,4062068.32,31279.57,1102822.18,19,False,False,False,0.791269,0.971637,0
dados_bancarios,0.01,803729.47,803729.46,5315.51,5315.52,20,True,True,False,1.0,2e-06,0
chave_pix,705798.77,4571230.04,3865431.27,18545.79,724344.56,23,True,True,True,0.8456,0.974396,0
pix_copia_e_cola,167806.93,167974.74,167.81,828.28,168635.21,2,False,True,True,0.000999,0.995088,1
chave_pix,560630.96,3197499.18,2636868.22,8443.72,569074.68,15,True,False,False,0.824666,0.985162,0
chave_pix,1161047.92,4786532.66,3625484.74,59740.28,1220788.2,10,True,False,False,0.757434,0.951064,0
chave_pix,464089.41,5949683.53,5485594.12,10407.43,474496.84,16,False,False,False,0.921998,0.978066,0
pix_copia_e_cola,2701102.24,6781918.86,4080816.62,38162.51,2739264.75,15,False,False,False,0.60172,0.986068,0
pix_copia_e_cola,730816.11,731546.9261099999,730.82,15462.84,746278.95,14,True,False,False,0.000999,0.97928,0
chave_pix,474883.3,861809.52,386926.22,159356.3,634239.6,16,False,False,False,0.44897,0.748744,0
chave_pix,118569.4,278306.76,159737.36,544.97,119114.37,0,False,True,True,0.573961,0.995425,1
pix_copia_e_cola,23120.69,104872.15,81751.46,9647.84,32768.53,9,True,False,False,0.779535,0.705576,0
chave_pix,5279633.09,21442008.12,16162375.03,54939.66,5334572.75,9,False,False,False,0.753772,0.989701,0
chave_pix,359032.8,1095916.03,736883.23,9823.88,368856.68,13,True,False,False,0.67239,0.973367,0
chave_pix,1370845.12,6396891.27,5026046.15,22815.85,1393660.97,12,True,False,False,0.785701,0.983629,0
pix_copia_e_cola,1764389.11,2556303.52,791914.41,288.03,1764677.14,7,True,False,False,0.309789,0.999837,1
chave_pix,202744.93,1581450.68,1378705.75,15785.27,218530.2,14,False,False,False,0.871798,0.927766,0
chave_pix,250948.91,1780498.12,1529549.21,7591.7,258540.61,14,True,False,False,0.859057,0.970636,0
chave_pix,108154.58,230403.19,122248.61,0.01,108154.59,20,False,True,True,0.530586,1.0,1
chave_pix,428344.14,3724064.79,3295720.65,6420.85,434764.99,8,True,False,False,0.884979,0.985231,0
chave_pix,1265341.31,3967110.84,2701769.53,20247.93,1285589.24,9,False,False,False,0.681042,0.98425,0
chave_pix,573932.75,1270150.06,696217.31,131946.92,705879.67,19,True,False,False,0.548138,0.813074,0
chave_pix,57122.7,726649.56,669526.86,7735.9,64858.6,18,False,False,False,0.921389,0.880727,0
pix_copia_e_cola,980015.14,2178892.6,1198877.46,41887.22,1021902.36,9,False,False,False,0.550223,0.959011,0
pix_copia_e_cola,455775.93,3495784.38,3040008.45,28283.55,484059.48,13,True,False,False,0.869621,0.94157,0
dados_bancarios,39630.98,1394313.03,1354682.05,17046.75,56677.73,12,False,False,False,0.971577,0.699234,0
dados_bancarios,516187.05,516703.23704999994,516.19,340.2,516527.25,4,True,True,True,0.000999,0.999341,1
chave_pix,2739465.85,4096787.66,1357321.81,725.78,2740191.63,5,False,True,True,0.331314,0.999735,1
dados_bancarios,597138.01,3591020.17,2993882.16,14292.84,611430.85,12,False,False,False,0.833714,0.976624,0
dados_bancarios,359268.85,1615552.36,1256283.51,38528.17,397797.02,10,True,False,False,0.777619,0.903146,0
chave_pix,1584569.96,1612443.59,27873.63,569.63,1585139.59,16,True,False,False,0.017287,0.999641,1
chave_pix,1100642.18,8958196.92,7857554.74,13710.11,1114352.29,15,True,False,False,0.877136,0.987697,0
pix_copia_e_cola,313706.0,2067171.32,1753465.32,30576.84,344282.84,9,True,False,False,0.848244,0.911187,0
chave_pix,318459.23,4578065.97,4259606.74,57139.38,375598.61,17,False,False,False,0.930438,0.847871,0
chave_pix,103973.99,516312.25,412338.26,2754.61,106728.6,21,True,True,True,0.798622,0.974191,0
chave_pix,25424.16,163945.32,138521.16,56936.32,82360.48,4,True,True,True,0.844923,0.308694,0
dados_bancarios,461604.8,532627.9,71023.1,60.53,461665.33,2,False,True,True,0.133345,0.999869,1
chave_pix,239386.18,239625.56617999997,239.39,83484.08,322870.26,23,False,True,True,0.000999,0.741431,0
chave_pix,360271.96,511536.35,151264.39,6285.1,366557.06,12,True,False,False,0.295706,0.982854,0
chave_pix,1449761.55,1451211.31155,1449.76,2924.92,1452686.47,13,True,False,False,0.000999,0.997987,1
chave_pix,238516.78,2128025.48,1889508.7,44009.77,282526.55,19,True,False,False,0.887916,0.844228,0
chave_pix,1559540.62,1997137.64,437597.02,447.59,1559988.21,14,False,False,False,0.219112,0.999713,1
dados_bancarios,136676.66,4045824.39,3909147.73,22065.46,158742.12,23,True,True,True,0.966218,0.860998,0
pix_copia_e_cola,370787.91,2279943.83,1909155.92,15335.78,386123.69,15,True,False,False,0.83737,0.960283,0
dados_bancarios,223257.91,1482158.41,1258900.5,8050.03,231307.94,9,True,False,False,0.84937,0.965198,0
dados_bancarios,310904.56,1968988.55,1658083.99,12078.27,322982.83,7,True,False,False,0.842099,0.962604,0
chave_pix,103574.03,279352.24,175778.21,35267.67,138841.7,20,False,True,True,0.629235,0.745986,0
dados_bancarios,859842.66,4674349.5,3814506.84,15767.57,875610.23,14,False,False,False,0.816051,0.981992,0
pix_copia_e_cola,1272081.08,4296669.09,3024588.01,12573.76,1284654.84,18,False,False,False,0.703938,0.990212,0
pix_copia_e_cola,463128.03,771038.84,307910.81,37029.48,500157.51,18,True,False,False,0.399345,0.925964,0
dados_bancarios,254101.4,1198494.07,944392.67,9244.76,263346.16,8,True,False,False,0.787983,0.964895,0
chave_pix,761090.77,4005668.66,3244577.89,11768.25,772859.02,16,True,False,False,0.809997,0.984773,0
chave_pix,219797.25,3428741.34,3208944.09,280702.71,500499.96,19,True,False,False,0.935896,0.439155,0
chave_pix,1176495.41,4172549.5,2996054.09,4942.29,1181437.7,12,False,False,False,0.718039,0.995817,0
chave_pix,669681.99,3851407.33,3181725.34,16941.11,686623.1,12,True,False,False,0.82612,0.975327,0
chave_pix,189533.95,2807156.28,2617622.33,26755.49,216289.44,18,False,False,False,0.932482,0.876298,0
dados_bancarios,835567.76,2406163.27,1570595.51,53569.33,889137.09,15,True,False,False,0.652739,0.939751,0
pix_copia_e_cola,534882.1,1647121.17,1112239.07,29390.62,564272.72,12,False,False,False,0.675262,0.947914,0
chave_pix,1453025.03,5929119.66,4476094.63,10555.19,1463580.22,12,True,False,False,0.754934,0.992788,0
chave_pix,34201.16,34235.36116,34.2,85285.23,119486.39,15,False,False,False,0.000999,0.286235,0
chave_pix,21819.57,21841.39,21.82,533.51,22353.08,6,False,False,False,0.000999,0.976133,1
dados_bancarios,731403.01,4074525.15,3343122.14,43587.66,774990.67,17,True,False,False,0.820494,0.943757,0
chave_pix,0.01,1491711.81,1491711.8,59133.65,59133.66,18,False,False,False,1.0,0.0,0
chave_pix,2562459.56,2565022.02,2562.46,1700.42,2564159.98,5,True,True,True,0.000999,0.999337,1
chave_pix,379879.63,2679576.58,2299696.95,82384.34,462263.97,19,False,False,False,0.858231,0.821781,0
chave_pix,573994.13,5531437.28,4957443.15,30160.46,604154.59,12,True,False,False,0.896231,0.950078,0
chave_pix,30693.24,190319.62,159626.38,127469.83,158163.07,12,True,False,False,0.838728,0.194061,0
chave_pix,345873.66,521694.5,175820.84,1733.24,347606.9,21,True,True,True,0.337019,0.995014,1
dados_bancarios,348843.39,1823934.61,1475091.22,29609.06,378452.45,14,True,False,False,0.808741,0.921763,0
chave_pix,543952.28,3178234.72,2634282.44,28730.43,572682.71,8,False,False,False,0.828851,0.949832,0
chave_pix,2601967.53,22039015.15,19437047.62,90690.32,2692657.85,22,True,True,True,0.881938,0.966319,0
chave_pix,540577.36,3558236.46,3017659.1,88857.58,629434.94,13,False,False,False,0.848077,0.85883,0
chave_pix,400350.8,1874323.95,1473973.15,26239.64,426590.44,10,True,False,False,0.786403,0.93849,0
chave_pix,213056.44,270004.84,56948.4,6843.09,219899.53,16,True,False,False,0.210916,0.968881,0
chave_pix,30933288.19,279237067.54,248303779.35,4652.98,30937941.17,14,False,False,False,0.889222,0.99985,0
chave_pix,368807.73,369176.5377299999,368.81,4399.21,373206.94,17,False,False,False,0.000999,0.988212,0
chave_pix,1648744.42,23330093.12,21681348.7,11727.69,1660472.11,11,True,False,False,0.92933,0.992937,0
chave_pix,103034.59,103137.62458999999,103.03,95198.06,198232.65,14,False,False,False,0.000999,0.519766,0
pix_copia_e_cola,2431812.36,7845373.06,5413560.7,1511.39,2433323.75,20,True,True,True,0.690032,0.999379,0
dados_bancarios,382139.51,1053448.36,671308.85,102650.43,484789.94,16,True,False,False,0.637249,0.788258,0
pix_copia_e_cola,4264478.78,22444352.99,18179874.21,21942.73,4286421.51,21,False,True,True,0.809998,0.994881,0
dados_bancarios,233430.25,5888952.01,5655521.76,37544.34,270974.59,22,True,True,True,0.960361,0.861447,0
chave_pix,591517.76,9441737.83,8850220.07,61123.1,652640.86,9,False,False,False,0.937351,0.906345,0
dados_bancarios,2369498.51,11743895.11,9374396.6,5547.35,2375045.86,11,False,False,False,0.798236,0.997664,0
pix_copia_e_cola,9989221.81,27508096.23,17518874.42,3881.8,9993103.61,18,False,False,False,0.636862,0.999612,0
chave_pix,0.01,0.01001,0.0,17492.11,17492.12,19,False,False,False,0.0,1e-06,0
chave_pix,1219261.1,11726181.06,10506919.96,33160.88,1252421.98,11,False,False,False,0.896022,0.973523,0
chave_pix,2843681.95,42018871.98,39175190.03,4989.7,2848671.65,11,False,False,False,0.932324,0.998248,0
chave_pix,336276.5,1524159.71,1187883.21,223374.21,559650.71,18,True,False,False,0.779369,0.600869,0
chave_pix,1215526.3,1655149.71,439623.41,7503.29,1223029.59,7,False,False,False,0.265609,0.993865,1
dados_bancarios,941133.13,8948963.62,8007830.49,77402.49,1018535.62,13,True,False,False,0.894833,0.924006,0
chave_pix,478649.04,2958840.34,2480191.3,16801.27,495450.31,18,True,False,False,0.838231,0.966089,0
chave_pix,1942488.11,2024620.42,82132.31,104.94,1942593.05,17,True,False,False,0.040567,0.999946,1
chave_pix,92832.07,189292.08,96460.01,12851.81,105683.88,13,True,False,False,0.509583,0.878394,0
chave_pix,1239083.89,6167846.66,4928762.77,4006.08,1243089.97,15,True,False,False,0.799106,0.996777,0
chave_pix,121667.24,121788.90723999999,121.67,22988.44,144655.68,11,True,False,False,0.000999,0.841082,0
chave_pix,92638.36,336850.18,244211.82,28797.34,121435.7,19,True,False,False,0.724986,0.762859,0
dados_bancarios,616223.06,4988153.55,4371930.49,51842.02,668065.08,16,False,False,False,0.876463,0.9224,0
chave_pix,1186725.39,1187912.12,1186.73,424.88,1187150.27,12,True,False,False,0.000999,0.999642,1
chave_pix,365087.81,1857090.21,1492002.4,6200.22,371288.03,8,True,False,False,0.803409,0.983301,0
chave_pix,13659.45,23887.41,10227.96,55.9,13715.35,7,True,False,False,0.428174,0.995924,1
pix_copia_e_cola,244799.74,1038576.12,793776.38,4563.92,249363.66,22,False,True,True,0.764293,0.981698,0
chave_pix,508506.88,1435921.46,927414.58,11097.34,519604.22,15,False,False,False,0.645867,0.978643,0
chave_pix,130840.93,130971.77092999998,130.84,64875.23,195716.16,7,True,False,False,0.000999,0.668524,0
chave_pix,543416.29,3598709.44,3055293.15,6021.69,549437.98,2,True,True,True,0.848997,0.98904,0
chave_pix,0.01,1012529.87,1012529.86,874.93,874.94,9,True,False,False,1.0,1.1e-05,0
chave_pix,68230.32,86259.64,18029.32,719.66,68949.98,22,True,True,True,0.209012,0.989563,1
chave_pix,238261.43,954820.85,716559.42,14018.64,252280.07,15,False,False,False,0.750465,0.944432,0
chave_pix,3874277.35,6763837.87,2889560.52,193.45,3874470.8,10,True,False,False,0.427207,0.99995,1
chave_pix,414291.09,598481.3,184190.21,352.64,414643.73,20,True,True,True,0.307763,0.99915,1
chave_pix,879941.53,1322830.1,442888.57,63060.72,943002.25,21,True,True,True,0.334804,0.933128,0
chave_pix,436752.2,863549.11,426796.91,4070.72,440822.92,14,True,False,False,0.494236,0.990766,0
chave_pix,1005972.11,8421978.74,7416006.63,118998.57,1124970.68,17,False,False,False,0.880554,0.894221,0
dados_bancarios,1208548.76,17187755.85,15979207.09,10699.89,1219248.65,11,False,False,False,0.929685,0.991224,0
chave_pix,0.01,0.01001,0.0,67422.42,67422.43,21,True,True,False,0.0,0.0,0
chave_pix,686086.95,2011051.72,1324964.77,0.01,686086.96,15,True,False,False,0.658842,1.0,0
chave_pix,10000000.0,50949099.26,40949099.26,33969.35,10033969.35,16,False,False,False,0.803726,0.996615,0
chave_pix,624148.29,9228644.3,8604496.01,16242.4,640390.69,20,True,True,True,0.932368,0.974637,0
chave_pix,328277.07,328605.34706999996,328.28,408.14,328685.21,5,True,True,True,0.000999,0.998758,1
chave_pix,0.01,642990.95,642990.94,17234.68,17234.69,19,True,False,False,1.0,1e-06,0
chave_pix,333894.43,1447417.45,1113523.02,20154.31,354048.74,9,False,False,False,0.769317,0.943075,0
chave_pix,239698.07,239937.76807,239.7,0.01,239698.08,5,False,True,True,0.000999,1.0,1
dados_bancarios,551812.61,3323495.01,2771682.4,76366.65,628179.26,13,True,False,False,0.833966,0.878432,0
chave_pix,937335.6,2059637.98,1122302.38,23016.11,960351.71,22,True,True,True,0.544903,0.976034,0
dados_bancarios,1016765.62,3458664.93,2441899.31,136035.0,1152800.62,16,True,False,False,0.706024,0.881996,0
chave_pix,503147.66,3425076.21,2921928.55,4791.63,507939.29,7,False,False,False,0.853099,0.990567,0
chave_pix,198494.98,745975.89,547480.91,156285.59,354780.57,19,False,False,False,0.733912,0.559487,0
pix_copia_e_cola,0.01,0.01001,0.0,1671.42,1671.43,1,True,True,False,0.0,6e-06,0
chave_pix,171279.83,1117332.96,946053.13,59950.5,231230.33,19,False,False,False,0.846707,0.740733,0
chave_pix,819159.82,3819679.91,3000520.09,80854.14,900013.96,13,False,False,False,0.785542,0.910163,0
pix_copia_e_cola,415543.62,415959.16361999995,415.54,15875.93,431419.55,8,True,False,False,0.000999,0.963201,0
pix_copia_e_cola,343307.72,3748405.07,3405097.35,11717.8,355025.52,15,False,False,False,0.908412,0.966994,0
chave_pix,44299.02,691090.46,646791.44,42109.64,86408.66,20,True,True,True,0.9359,0.512669,0
dados_bancarios,459596.64,2100656.03,1641059.39,182233.45,641830.09,15,False,False,False,0.781213,0.716072,0
chave_pix,907898.98,8220415.67,7312516.69,27379.01,935277.99,20,False,True,True,0.889556,0.970726,0
chave_pix,144541.0,1642211.43,1497670.43,19606.94,164147.94,12,True,False,False,0.911984,0.880553,0
dados_bancarios,0.01,715126.14,715126.13,51014.25,51014.26,20,True,True,False,1.0,0.0,0
chave_pix,1154850.99,7810324.75,6655473.76,8538.83,1163389.82,11,False,False,False,0.852138,0.99266,0
chave_pix,188249.17,208513.0,20263.83,86.1,188335.27,2,False,True,True,0.097183,0.999543,1
pix_copia_e_cola,936488.8,2481455.07,1544966.27,48930.78,985419.58,10,False,False,False,0.622605,0.950345,0
dados_bancarios,156853.83,903954.17,747100.34,19723.05,176576.88,17,True,False,False,0.82648,0.888303,0
chave_pix,393512.76,1133086.85,739574.09,16617.69,410130.45,18,True,False,False,0.652707,0.959482,0
dados_bancarios,8256415.1,32942919.06,24686503.96,15802.26,8272217.36,14,False,False,False,0.749372,0.99809,0
chave_pix,157643.33,279824.98,122181.65,0.01,157643.34,14,True,False,False,0.436636,1.0,1
chave_pix,246280.14,312132.67,65852.53,2079.54,248359.68,13,False,False,False,0.210976,0.991627,1
chave_pix,177731.79,177909.52179,177.73,22839.26,200571.05,10,True,False,False,0.000999,0.886129,0
chave_pix,705534.55,888281.55,182747.0,352.89,705887.44,23,False,True,True,0.205731,0.9995,1
chave_pix,230970.66,1250417.73,1019447.07,10453.85,241424.51,17,True,False,False,0.815285,0.956699,0
chave_pix,1055784.3,1601297.94,545513.64,50829.74,1106614.04,12,True,False,False,0.34067,0.954067,0
dados_bancarios,1111453.04,5577597.67,4466144.63,6097.05,1117550.09,11,True,False,False,0.800729,0.994544,0
chave_pix,8541.05,42443.17,33902.12,7719.92,16260.97,11,True,False,False,0.798765,0.525248,0
chave_pix,259139.06,703257.38,444118.32,184705.14,443844.2,15,False,False,False,0.631516,0.583851,0
chave_pix,647661.94,3980702.85,3333040.91,32874.46,680536.4,18,False,False,False,0.8373,0.951693,0
chave_pix,324940.84,638430.86,313490.02,13676.53,338617.37,10,True,False,False,0.491032,0.959611,0
chave_pix,541381.02,4849339.5,4307958.48,27011.33,568392.35,17,True,False,False,0.88836,0.952478,0
chave_pix,788947.01,4733911.06,3944964.05,21721.28,810668.29,13,False,False,False,0.833341,0.973206,0
dados_bancarios,596064.8,6466784.82,5870720.02,11621.03,607685.83,9,True,False,False,0.907827,0.980877,0
chave_pix,738490.75,3051742.76,2313252.01,11860.07,750350.82,11,False,False,False,0.75801,0.984194,0
chave_pix,1921501.97,8067428.67,6145926.7,18500.7,1940002.67,12,True,False,False,0.76182,0.990464,0
dados_bancarios,258943.02,749598.74,490655.72,60477.96,319420.98,9,False,False,False,0.654558,0.810664,0
pix_copia_e_cola,491707.05,893367.01,401659.96,25377.11,517084.16,19,True,False,False,0.449602,0.950923,0
chave_pix,368828.16,1366177.91,997349.75,90982.89,459811.05,13,False,False,False,0.730029,0.80213,0
dados_bancarios,418923.32,3671413.27,3252489.95,13190.92,432114.24,16,True,False,False,0.885896,0.969474,0
chave_pix,32728.11,303526.05,270797.94,12357.0,45085.11,20,True,True,True,0.892174,0.725918,0
dados_bancarios,136562.78,136699.34,136.56,681.02,137243.8,8,True,False,False,0.000999,0.995038,1
dados_bancarios,59785.45,59845.23544999999,59.79,6586.7,66372.15,21,True,True,True,0.000999,0.900761,0
chave_pix,344071.41,1559050.28,1214978.87,19400.41,363471.82,10,True,False,False,0.779307,0.946625,0
chave_pix,153152.17,506327.27,353175.1,34926.39,188078.56,18,True,False,False,0.697523,0.814299,0
chave_pix,2192136.81,14468222.08,12276085.27,27571.67,2219708.48,20,True,True,True,0.848486,0.987579,0
chave_pix,2134397.6,6959870.08,4825472.48,87213.11,2221610.71,8,True,False,False,0.693328,0.960743,0
chave_pix,1461635.0,4756735.33,3295100.33,8526.89,1470161.89,16,True,False,False,0.692723,0.9942,0
chave_pix,319988.6,1497752.01,1177763.41,21232.77,341221.37,20,False,True,True,0.786354,0.937774,0
chave_pix,184201.44,805161.48,620960.04,50955.31,235156.75,23,True,True,True,0.771224,0.783313,0
chave_pix,678779.87,1730261.26,1051481.39,8782.63,687562.5,17,False,False,False,0.607701,0.987226,0
dados_bancarios,1327195.62,8846065.88,7518870.26,62638.46,1389834.08,9,True,False,False,0.849968,0.954931,0
chave_pix,1635401.02,10523549.75,8888148.73,4494.07,1639895.09,1,False,True,True,0.844596,0.99726,0
chave_pix,629101.55,2950678.89,2321577.34,23885.34,652986.89,17,True,False,False,0.786794,0.963421,0
chave_pix,825597.76,3101393.74,2275795.98,0.01,825597.77,2,True,True,True,0.733798,1.0,0
pix_copia_e_cola,1146042.72,8940125.88,7794083.16,19718.31,1165761.03,12,True,False,False,0.871809,0.983085,0
dados_bancarios,240208.22,301143.93,60935.71,1079.29,241287.51,0,False,True,True,0.202347,0.995527,1
chave_pix,146703.67,146850.37367,146.7,10145.89,156849.56,20,True,True,True,0.000999,0.935315,0
chave_pix,197228.14,197425.36814,197.23,14179.94,211408.08,16,True,False,False,0.000999,0.932926,0
pix_copia_e_cola,209226.33,1806247.11,1597020.78,34391.82,243618.15,9,True,False,False,0.884165,0.858829,0
chave_pix,286607.93,3585102.3,3298494.37,138075.69,424683.62,11,True,False,False,0.920056,0.674874,0
pix_copia_e_cola,0.01,0.01001,0.0,3196.06,3196.07,1,True,True,False,0.0,3e-06,1
chave_pix,2024262.62,6853332.58,4829069.96,79436.74,2103699.36,19,True,False,False,0.704631,0.962239,0
pix_copia_e_cola,807835.45,2343707.65,1535872.2,44615.08,852450.53,6,True,False,False,0.655317,0.947663,0
dados_bancarios,394181.58,874774.37,480592.79,175692.99,569874.57,15,False,False,False,0.549391,0.691699,0
chave_pix,399895.99,2953042.77,2553146.78,86648.19,486544.18,19,True,False,False,0.864582,0.821911,0
pix_copia_e_cola,277289.17,492423.66,215134.49,7752.11,285041.28,19,True,False,False,0.436889,0.972804,0
dados_bancarios,296711.77,484834.14,188122.37,45619.69,342331.46,18,False,False,False,0.388014,0.866738,0
dados_bancarios,409680.75,2116521.46,1706840.71,4545.41,414226.16,15,True,False,False,0.806437,0.989027,0
pix_copia_e_cola,2085356.44,13126101.95,11040745.51,102409.1,2187765.54,16,True,False,False,0.841129,0.95319,0
pix_copia_e_cola,79076.14,79718.55,642.41,119.76,79195.9,8,True,False,False,0.008058,0.998488,1
chave_pix,903727.89,12821053.91,11917326.02,5461.06,909188.95,17,False,False,False,0.929512,0.993993,0
chave_pix,787515.32,5209431.68,4421916.36,24524.23,812039.55,12,False,False,False,0.848829,0.969799,0
chave_pix,95392.98,1248527.12,1153134.14,10409.34,105802.32,18,True,False,False,0.923596,0.901615,0
pix_copia_e_cola,90096.65,837789.83,747693.18,15728.83,105825.48,20,False,True,True,0.892459,0.85137,0
chave_pix,1588225.63,15288159.67,13699934.04,62667.0,1650892.63,10,False,False,False,0.896114,0.962041,0
chave_pix,186359.16,367089.26,180730.1,36577.42,222936.58,17,True,False,False,0.492333,0.835929,0
chave_pix,900390.74,3961106.55,3060715.81,32508.95,932899.69,15,True,False,False,0.772692,0.965153,0
chave_pix,155688.76,526360.48,370671.72,46486.56,202175.32,12,True,False,False,0.704216,0.770068,0
chave_pix,1034265.93,5655268.12,4621002.19,11338.89,1045604.82,20,False,True,True,0.817115,0.989156,0
chave_pix,511788.53,5129911.63,4618123.1,2954.43,514742.96,13,True,False,False,0.900234,0.99426,0
dados_bancarios,258347.08,2561120.13,2302773.05,1339.56,259686.64,19,False,False,False,0.899127,0.994842,0
dados_bancarios,2458906.83,12161644.31,9702737.48,11220.17,2470127.0,10,False,False,False,0.797815,0.995458,0
chave_pix,500690.47,1812316.54,1311626.07,185715.4,686405.87,21,True,True,True,0.723729,0.729438,0
chave_pix,355297.42,1496998.93,1141701.51,34363.45,389660.87,19,False,False,False,0.76266,0.911812,0
pix_copia_e_cola,454716.87,1216293.34,761576.47,21000.79,475717.66,10,True,False,False,0.626145,0.955855,0
chave_pix,237132.72,1327475.1,1090342.38,28134.63,265267.35,12,True,False,False,0.821366,0.893939,0
chave_pix,2324907.08,2354993.86,30086.78,3053.74,2327960.82,3,False,True,True,0.012776,0.998688,1
chave_pix,158665.16,1647059.9,1488394.74,13592.77,172257.93,20,True,True,True,0.903668,0.921091,0
chave_pix,1133365.11,2869467.02,1736101.91,6279.02,1139644.13,12,False,False,False,0.605026,0.99449,0
dados_bancarios,2597639.36,14195604.84,11597965.48,32620.86,2630260.22,11,False,False,False,0.817011,0.987598,0
pix_copia_e_cola,28995.26,219308.65,190313.39,12671.0,41666.26,20,True,True,True,0.867788,0.695893,0
pix_copia_e_cola,436161.28,2578014.44,2141853.16,49908.91,486070.19,23,False,True,True,0.830815,0.897322,0
chave_pix,3553704.95,4463270.7,909565.75,0.01,3553704.96,0,True,True,True,0.203789,1.0,1
chave_pix,0.01,548350.08,548350.07,11197.79,11197.8,21,False,True,False,1.0,1e-06,0
chave_pix,1389612.26,11003900.69,9614288.43,8412.19,1398024.45,16,True,False,False,0.873716,0.993983,0
chave_pix,63977.3,504553.72,440576.42,17256.7,81234.0,11,False,False,False,0.8732,0.787568,0
chave_pix,57543.34,66656.58,9113.24,569.57,58112.91,13,True,False,False,0.136719,0.990199,1
dados_bancarios,31141.13,31172.271129999997,31.14,12346.09,43487.22,11,True,False,False,0.000999,0.716098,0
chave_pix,575335.04,1566217.98,990882.94,13389.96,588725.0,14,False,False,False,0.63266,0.977256,0
pix_copia_e_cola,1493009.54,3426908.53,1933898.99,41428.43,1534437.97,10,False,False,False,0.564328,0.973001,0
pix_copia_e_cola,1035309.86,7706629.16,6671319.3,77306.14,1112616.0,9,True,False,False,0.86566,0.930519,0
chave_pix,212391.57,796356.45,583964.88,24511.48,236903.05,14,False,False,False,0.733296,0.896534,0
dados_bancarios,459672.56,5117362.2,4657689.64,76242.92,535915.48,11,False,False,False,0.910174,0.857733,0
chave_pix,594518.31,2836203.77,2241685.46,9734.73,604253.04,18,True,False,False,0.790382,0.98389,0
chave_pix,1037045.22,2027137.28,990092.06,34229.94,1071275.16,15,False,False,False,0.488419,0.968047,0
chave_pix,3665.45,26473.33,22807.88,78915.96,82581.41,10,True,False,False,0.861542,0.044386,0
pix_copia_e_cola,122874.86,1328375.08,1205500.22,812.54,123687.4,20,False,True,True,0.9075,0.993431,0
chave_pix,325316.72,756289.74,430973.02,39970.08,365286.8,9,True,False,False,0.569852,0.890579,0
chave_pix,860232.46,3971224.31,3110991.85,17102.14,877334.6,14,True,False,False,0.783384,0.980507,0
chave_pix,10000000.0,10010000.0,10000.0,1017.2,10001017.2,3,True,True,True,0.000999,0.999898,1
dados_bancarios,344673.46,345018.13,344.67,67.21,344740.67,11,False,False,False,0.000999,0.999805,1
chave_pix,730574.17,2790390.76,2059816.59,3058.09,733632.26,17,True,False,False,0.738182,0.995832,0
chave_pix,558188.54,4925160.67,4366972.13,28523.61,586712.15,14,True,False,False,0.886666,0.951384,0
chave_pix,545307.62,545852.92762,545.31,54417.47,599725.09,14,True,False,False,0.000999,0.909263,0
pix_copia_e_cola,9977424.07,10871201.82,893777.75,1093.71,9978517.78,10,True,False,False,0.082215,0.99989,1
dados_bancarios,401083.51,563226.21,162142.7,39478.75,440562.26,14,False,False,False,0.287882,0.91039,0
chave_pix,0.01,0.01001,0.0,63099.11,63099.12,0,True,True,False,0.0,0.0,0
dados_bancarios,343906.94,1694291.26,1350384.32,6707.57,350614.51,10,True,False,False,0.79702,0.980869,0
pix_copia_e_cola,178007.34,487482.51,309475.17,63017.35,241024.69,16,True,False,False,0.634844,0.738544,0
chave_pix,261644.57,261906.21456999998,261.64,3171.39,264815.96,11,True,False,False,0.000999,0.988024,1
chave_pix,190253.42,190443.67341999998,190.25,1438.07,191691.49,17,False,False,False,0.000999,0.992498,1
chave_pix,85017.99,86453.24,1435.25,481.32,85499.31,10,True,False,False,0.016601,0.99437,1
chave_pix,61276.15,540419.21,479143.06,16605.38,77881.53,23,True,True,True,0.886614,0.786787,0
pix_copia_e_cola,420956.96,475009.36,54052.4,166.51,421123.47,22,False,True,True,0.113792,0.999605,1
chave_pix,7948125.95,9860908.52,1912782.57,1756.44,7949882.39,20,True,True,True,0.193976,0.999779,1
chave_pix,1021858.03,1022879.8880299999,1021.86,0.01,1021858.04,5,False,True,True,0.000999,1.0,1
pix_copia_e_cola,281446.8,1665770.8,1384324.0,11364.99,292811.79,13,True,False,False,0.831041,0.961187,0
chave_pix,979573.09,6620745.44,5641172.35,26332.02,1005905.11,15,False,False,False,0.852045,0.973823,0
dados_bancarios,154594.44,154749.03444,154.59,29718.76,184313.2,21,True,True,True,0.000999,0.838759,0
chave_pix,550337.64,1294704.15,744366.51,13967.37,564305.01,17,True,False,False,0.574932,0.975249,0
chave_pix,1130419.7,1407853.09,277433.39,3573.26,1133992.96,23,True,True,True,0.197061,0.996849,1
chave_pix,876106.07,7631336.65,6755230.58,133422.09,1009528.16,13,False,False,False,0.885196,0.867837,0
dados_bancarios,832306.58,2822123.87,1989817.29,31121.53,863428.11,19,True,False,False,0.705078,0.963956,0
dados_bancarios,919578.21,10378243.12,9458664.91,127.34,919705.55,10,False,False,False,0.911394,0.999862,0
chave_pix,1749073.74,5630989.82,3881916.08,26501.8,1775575.54,18,False,False,False,0.689384,0.985074,0
pix_copia_e_cola,103119.79,958425.52,855305.73,66638.83,169758.62,16,False,False,False,0.892407,0.60745,0
chave_pix,386860.96,3787601.71,3400740.75,47009.13,433870.09,19,False,False,False,0.897861,0.891652,0
chave_pix,910533.74,3114647.36,2204113.62,4840.24,915373.98,11,True,False,False,0.707661,0.994712,0
pix_copia_e_cola,689595.31,3938211.18,3248615.87,24714.55,714309.86,10,True,False,False,0.824896,0.965401,0
dados_bancarios,188859.63,189048.48963,188.86,23900.63,212760.26,11,False,False,False,0.000999,0.887664,0
chave_pix,377198.05,1302512.05,925314.0,40708.33,417906.38,17,True,False,False,0.710407,0.90259,0
chave_pix,248946.56,1225697.43,976750.87,57277.84,306224.4,20,True,True,True,0.796894,0.812955,0
chave_pix,231121.75,1698247.25,1467125.5,8922.08,240043.83,22,False,True,True,0.863906,0.962831,0
chave_pix,55364.81,212900.72,157535.91,36538.1,91902.91,23,True,True,True,0.73995,0.602427,0
chave_pix,1964338.23,10795454.99,8831116.76,15999.66,1980337.89,14,True,False,False,0.81804,0.991921,0
pix_copia_e_cola,132140.09,1125869.71,993729.62,32130.51,164270.6,14,True,False,False,0.882633,0.804405,0
chave_pix,597470.69,5029518.69,4432048.0,11321.45,608792.14,12,False,False,False,0.881207,0.981403,0
chave_pix,0.01,295720.8,295720.79,13362.56,13362.57,10,False,False,False,1.0,1e-06,0
chave_pix,711667.94,3081205.56,2369537.62,3132.53,714800.47,12,True,False,False,0.769029,0.995618,0
chave_pix,610645.61,2859893.72,2249248.11,41872.36,652517.97,13,True,False,False,0.78648,0.93583,0
dados_bancarios,440491.06,2026701.56,1586210.5,33209.52,473700.58,19,True,False,False,0.782656,0.929893,0
chave_pix,1458991.88,4852273.64,3393281.76,11628.4,1470620.28,17,True,False,False,0.699318,0.992093,0
chave_pix,4389.27,755178.03,750788.76,2584.79,6974.06,19,True,False,False,0.994188,0.629371,0
chave_pix,677157.14,1626774.62,949617.48,7707.1,684864.24,7,True,False,False,0.583742,0.988747,0
chave_pix,252614.02,979534.19,726920.17,11379.71,263993.73,15,True,False,False,0.742108,0.956894,0
chave_pix,727301.57,6272945.11,5545643.54,32710.63,760012.2,16,True,False,False,0.884057,0.95696,0
chave_pix,2230120.68,19942289.75,17712169.07,41746.27,2271866.95,18,True,False,False,0.888171,0.981625,0
chave_pix,211685.64,1529692.77,1318007.13,12025.9,223711.54,20,False,True,True,0.861616,0.946244,0
chave_pix,270317.22,372705.37,102388.15,28370.73,298687.95,22,False,True,True,0.274716,0.905015,0
pix_copia_e_cola,245868.06,1478021.12,1232153.06,11344.23,257212.29,16,False,False,False,0.833651,0.955895,0
chave_pix,639849.42,3437967.52,2798118.1,6170.85,646020.27,9,True,False,False,0.813887,0.990448,0
dados_bancarios,785972.47,7569494.73,6783522.26,6249.13,792221.6,20,False,True,True,0.896166,0.992112,0
chave_pix,57342.7,57400.04269999999,57.34,0.01,57342.71,23,False,True,True,0.000999,1.0,1
chave_pix,196668.7,196865.3687,196.67,1648.4,198317.1,18,False,False,False,0.000999,0.991688,1
chave_pix,197912.89,1664411.79,1466498.9,60688.76,258601.65,12,False,False,False,0.881091,0.76532,0
chave_pix,1016625.87,1876668.03,860042.16,89777.86,1106403.73,18,False,False,False,0.458281,0.918856,0
dados_bancarios,241485.04,2007712.26,1766227.22,37230.7,278715.74,11,True,False,False,0.879721,0.866421,0
chave_pix,1332413.77,2641317.18,1308903.41,67033.33,1399447.1,12,False,False,False,0.49555,0.9521,0
chave_pix,1162672.01,1163834.68,1162.67,895.72,1163567.73,11,True,False,False,0.000999,0.99923,1
chave_pix,219457.21,1180508.22,961051.01,33340.07,252797.28,11,True,False,False,0.814099,0.868115,0
chave_pix,1002632.19,7470127.88,6467495.69,190443.38,1193075.57,10,True,False,False,0.865781,0.840376,0
dados_bancarios,398484.18,3926569.48,3528085.3,42310.97,440795.15,21,True,True,True,0.898516,0.904012,0
chave_pix,2973143.18,21306296.05,18333152.87,42155.11,3015298.29,9,False,False,False,0.860457,0.98602,0
chave_pix,644330.37,1756909.24,1112578.87,9771.04,654101.41,18,False,False,False,0.633259,0.985062,0
dados_bancarios,318229.97,318548.19996999996,318.23,5545.49,323775.46,16,False,False,False,0.000999,0.982872,0
chave_pix,803864.7,2601522.61,1797657.91,34389.38,838254.08,12,False,False,False,0.691002,0.958975,0
chave_pix,1131392.51,8188370.53,7056978.02,62230.2,1193622.71,9,False,False,False,0.861829,0.947864,0
dados_bancarios,253083.99,582391.78,329307.79,9074.73,262158.72,17,True,False,False,0.56544,0.965385,0
dados_bancarios,377047.2,1218891.51,841844.31,52561.71,429608.91,14,True,False,False,0.690664,0.877652,0
chave_pix,19096998.72,90015723.78,70918725.06,11296.54,19108295.26,11,False,False,False,0.787848,0.999409,0
chave_pix,408723.48,409132.2034799999,408.72,861.81,409585.29,6,False,False,False,0.000999,0.997896,1
pix_copia_e_cola,991308.04,9424809.01,8433500.97,11836.71,1003144.75,19,True,False,False,0.894819,0.9882,0
dados_bancarios,736283.73,9949933.69,9213649.96,27191.96,763475.69,13,False,False,False,0.926001,0.964384,0
dados_bancarios,78036.73,104966.2,26929.47,36557.42,114594.15,20,True,True,True,0.256554,0.680984,0
chave_pix,1147453.43,6970461.96,5823008.53,18771.11,1166224.54,15,True,False,False,0.835383,0.983904,0
chave_pix,68412.25,92892.03,24479.78,12933.01,81345.26,17,False,False,False,0.263529,0.841011,0
chave_pix,467185.6,490994.79,23809.19,8910.88,476096.48,6,True,False,False,0.048492,0.981283,1
chave_pix,1007801.8,2278924.97,1271123.17,25327.81,1033129.61,22,True,True,True,0.557773,0.975484,0
chave_pix,589452.86,1301169.93,711717.07,23019.19,612472.05,11,False,False,False,0.546982,0.962416,0
chave_pix,342652.52,2980231.12,2637578.6,22703.79,365356.31,19,False,False,False,0.885025,0.937858,0
chave_pix,318672.27,1479790.41,1161118.14,97857.62,416529.89,16,True,False,False,0.78465,0.765065,0
chave_pix,370001.07,419256.86,49255.79,71.44,370072.51,14,False,False,False,0.117484,0.999807,1
chave_pix,75178.3,559006.1,483827.8,28874.57,104052.87,13,False,False,False,0.865514,0.722501,0
dados_bancarios,1172700.63,1173873.33,1172.7,33.55,1172734.18,22,True,True,True,0.000999,0.999971,1
dados_bancarios,1572837.46,1741482.05,168644.59,7853.28,1580690.74,8,False,False,False,0.09684,0.995032,1
dados_bancarios,742764.66,836281.49,93516.83,168.17,742932.83,13,False,False,False,0.111825,0.999774,1
chave_pix,934336.04,7283205.68,6348869.64,24080.2,958416.24,16,True,False,False,0.871714,0.974875,0
chave_pix,981232.25,5536553.86,4555321.61,82621.88,1063854.13,10,False,False,False,0.822772,0.922337,0
chave_pix,5463209.24,17460735.22,11997525.98,21723.3,5484932.54,14,False,False,False,0.687115,0.996039,0
chave_pix,0.01,815632.87,815632.86,57411.22,57411.23,15,False,False,False,1.0,0.0,0
pix_copia_e_cola,984297.66,7273908.61,6289610.95,113165.33,1097462.99,13,True,False,False,0.864681,0.896885,0
chave_pix,145180.91,1950259.69,1805078.78,7006.7,152187.61,12,False,False,False,0.925558,0.95396,0
pix_copia_e_cola,293750.72,354587.27,60836.55,18853.44,312604.16,19,True,False,False,0.17157,0.939689,0
chave_pix,650469.72,5039968.65,4389498.93,22124.53,672594.25,16,False,False,False,0.870938,0.967106,0
chave_pix,73139.42,849856.38,776716.96,17720.32,90859.74,14,False,False,False,0.913939,0.804971,0
chave_pix,234538.64,234773.17864,234.54,6848.54,241387.18,14,False,False,False,0.000999,0.971628,0
chave_pix,219752.24,1363458.27,1143706.03,44564.99,264317.23,12,False,False,False,0.838827,0.831396,0
chave_pix,323960.46,499075.69,175115.23,42076.7,366037.16,12,False,False,False,0.350879,0.885048,0
chave_pix,230174.33,632364.2,402189.87,4317.92,234492.25,10,True,False,False,0.63601,0.981586,0
chave_pix,797863.39,5793146.51,4995283.12,97438.18,895301.57,18,False,False,False,0.862275,0.891167,0
chave_pix,0.01,89274.43,89274.42,41089.29,41089.3,11,False,False,False,1.0,0.0,0
chave_pix,2748096.32,15298177.21,12550080.89,17449.98,2765546.3,11,False,False,False,0.820364,0.99369,0
chave_pix,228858.26,229087.11826,228.86,30203.27,259061.53,18,True,False,False,0.000999,0.883413,0
chave_pix,234727.71,880423.21,645695.5,20294.26,255021.97,20,False,True,True,0.733392,0.920422,0
pix_copia_e_cola,1187773.81,1534816.2,347042.39,5190.75,1192964.56,2,True,True,True,0.226113,0.995649,1
chave_pix,2179305.57,11711901.92,9532596.35,6606.23,2185911.8,17,True,False,False,0.813924,0.996978,0
chave_pix,197352.09,2844975.6,2647623.51,14976.08,212328.17,21,True,True,True,0.930631,0.929467,0
dados_bancarios,2797614.82,19696541.62,16898926.8,3931.44,2801546.26,20,True,True,True,0.857964,0.998597,0
dados_bancarios,1377359.97,5385727.16,4008367.19,74513.58,1451873.55,20,True,True,True,0.744257,0.948678,0
chave_pix,141799.79,534281.38,392481.59,7444.9,149244.69,14,False,False,False,0.734597,0.950116,0
pix_copia_e_cola,89687.87,369361.85,279673.98,240162.63,329850.5,21,False,True,True,0.757182,0.271905,0
chave_pix,801902.81,4608448.7,3806545.89,15102.74,817005.55,19,True,False,False,0.825993,0.981515,0
dados_bancarios,603742.3,611518.94,7776.64,3996.66,607738.96,16,False,False,False,0.012717,0.993424,1
chave_pix,65390.42,343064.36,277673.94,38698.0,104088.42,12,False,False,False,0.809393,0.62822,0
chave_pix,628697.26,885597.71,256900.45,1606.15,630303.41,4,True,True,True,0.290087,0.997452,1
chave_pix,1212143.49,2478602.12,1266458.63,24020.97,1236164.46,21,True,True,True,0.510957,0.980568,0
chave_pix,597325.58,3733483.37,3136157.79,17503.54,614829.12,13,False,False,False,0.840009,0.971531,0
chave_pix,748573.32,1221155.95,472582.63,62280.81,810854.13,19,True,False,False,0.386996,0.923191,0
dados_bancarios,254980.11,466431.68,211451.57,5299.09,260279.2,16,False,False,False,0.453339,0.979641,1
chave_pix,138904.39,2557324.62,2418420.23,29829.3,168733.69,18,True,False,False,0.945684,0.823217,0
chave_pix,128255.7,489926.55,361670.85,19004.22,147259.92,14,False,False,False,0.738214,0.870948,0
dados_bancarios,1067074.4,4063605.22,2996530.82,24439.51,1091513.91,20,False,True,True,0.737407,0.97761,0
chave_pix,676407.0,962977.95,286570.95,350.13,676757.13,17,True,False,False,0.297588,0.999483,1
chave_pix,2331697.72,7173711.71,4842013.99,139454.45,2471152.17,17,True,False,False,0.674966,0.943567,0
chave_pix,973805.75,1055852.77,82047.02,50.16,973855.91,21,True,True,True,0.077707,0.999948,1
chave_pix,706861.54,2243814.45,1536952.91,11865.56,718727.1,10,False,False,False,0.684973,0.983491,0
chave_pix,115174.31,174901.42,59727.11,58951.25,174125.56,18,True,False,False,0.34149,0.661444,0
dados_bancarios,460519.41,6927947.43,6467428.02,13826.02,474345.43,8,True,False,False,0.933527,0.970852,0
pix_copia_e_cola,808969.13,3838419.9,3029450.77,51609.21,860578.34,16,True,False,False,0.789244,0.94003,0
chave_pix,140383.28,1636133.54,1495750.26,57580.03,197963.31,10,True,False,False,0.914198,0.709138,0
pix_copia_e_cola,398355.54,611433.86,213078.32,19179.0,417534.54,7,True,False,False,0.34849,0.954066,0
chave_pix,1007231.13,1834614.01,827382.88,12528.09,1019759.22,13,True,False,False,0.450985,0.987715,0
chave_pix,187417.88,1924040.14,1736622.26,46984.37,234402.25,0,True,True,True,0.902591,0.799557,0
chave_pix,576742.33,770520.12,193777.79,130471.1,707213.43,10,False,False,False,0.25149,0.815514,0
chave_pix,2798292.67,14538520.25,11740227.58,115365.27,2913657.94,9,False,False,False,0.807526,0.960405,0
dados_bancarios,1815964.81,5613472.77,3797507.96,4609.27,1820574.08,15,True,False,False,0.676499,0.997468,0
chave_pix,652881.86,2620808.23,1967926.37,23844.51,676726.37,23,True,True,True,0.750885,0.964765,0
pix_copia_e_cola,134861.82,218242.01,83380.19,558.69,135420.51,16,True,False,False,0.382054,0.995874,1
chave_pix,598110.59,598708.7005899999,598.11,5731.18,603841.77,18,False,False,False,0.000999,0.990509,0
chave_pix,656657.76,2200967.8,1544310.04,35501.93,692159.69,15,False,False,False,0.70165,0.948708,0
chave_pix,931165.9,2832518.55,1901352.65,13085.61,944251.51,17,False,False,False,0.671259,0.986142,0
chave_pix,2215551.8,8778292.79,6562740.99,35558.51,2251110.31,15,True,False,False,0.74761,0.984204,0
chave_pix,398401.5,403332.83,4931.33,34111.55,432513.05,17,True,False,False,0.012226,0.921132,0
dados_bancarios,600210.14,2303863.59,1703653.45,12370.71,612580.85,17,True,False,False,0.739477,0.979806,0
chave_pix,9336794.45,14914697.7,5577903.25,21352.53,9358146.98,15,False,False,False,0.373987,0.997718,0
chave_pix,271519.03,795405.06,523886.03,10614.9,282133.93,22,False,True,True,0.658641,0.962376,0
chave_pix,742521.24,5109020.39,4366499.15,227990.61,970511.85,21,False,True,True,0.854665,0.765082,0
chave_pix,86592.65,813737.25,727144.6,26991.49,113584.14,13,True,False,False,0.893586,0.762366,0
dados_bancarios,370678.2,1726282.57,1355604.37,42246.65,412924.85,19,True,False,False,0.785274,0.897689,0
chave_pix,177294.22,774904.4,597610.18,93747.46,271041.68,11,True,False,False,0.771205,0.654122,0
chave_pix,1051663.3,1556055.93,504392.63,18387.23,1070050.53,20,True,True,True,0.324148,0.982816,0
pix_copia_e_cola,632165.45,830988.15,198822.7,117206.45,749371.9,9,False,False,False,0.239261,0.843594,0
chave_pix,197486.74,744494.58,547007.84,140971.67,338458.41,11,True,False,False,0.734737,0.583489,0
chave_pix,930204.38,7461310.21,6531105.83,5995.24,936199.62,20,True,True,True,0.87533,0.993596,0
chave_pix,107950.55,674487.27,566536.72,11596.76,119547.31,15,True,False,False,0.839952,0.902994,0
chave_pix,41249.28,1022505.43,981256.15,20056.89,61306.17,14,False,False,False,0.959659,0.672841,0
chave_pix,3421313.34,51748936.11,48327622.77,42673.74,3463987.08,12,False,False,False,0.933886,0.987681,0
pix_copia_e_cola,2771626.57,9471104.42,6699477.85,20030.45,2791657.02,18,False,False,False,0.70736,0.992825,0
chave_pix,760838.1,1434469.12,673631.02,83675.56,844513.66,10,True,False,False,0.469603,0.900919,0
chave_pix,280745.34,2295287.4,2014542.06,12233.88,292979.22,8,True,False,False,0.877686,0.958243,0
chave_pix,702377.88,2589456.67,1887078.79,9439.95,711817.83,18,False,False,False,0.728755,0.986738,0
chave_pix,0.01,0.01001,0.0,126546.31,126546.32,16,True,False,False,0.0,0.0,0
dados_bancarios,2033731.25,15225455.22,13191723.97,29117.39,2062848.64,22,False,True,True,0.866426,0.985885,0
dados_bancarios,3605750.28,25597189.12,21991438.84,7637.59,3613387.87,15,True,False,False,0.859135,0.997886,0
chave_pix,8675.45,109151.16,100475.71,10889.84,19565.29,22,True,True,True,0.920519,0.44341,0
chave_pix,94572.44,567149.85,472577.41,9207.48,103779.92,9,True,False,False,0.83325,0.911279,0
chave_pix,0.01,0.01001,0.0,28751.92,28751.93,10,True,False,False,0.0,0.0,0
dados_bancarios,1639496.55,5813519.89,4174023.34,100101.32,1739597.87,22,False,True,True,0.717986,0.942457,0
chave_pix,10000000.0,10010000.0,10000.0,91.64,10000091.64,2,True,True,True,0.000999,0.999991,1
chave_pix,436846.91,437283.75690999994,436.85,5139.73,441986.64,6,True,False,False,0.000999,0.988371,1
chave_pix,543785.28,1885951.26,1342165.98,25219.67,569004.95,18,False,False,False,0.711665,0.955678,0
dados_bancarios,162476.08,1893224.58,1730748.5,1411.02,163887.1,18,False,False,False,0.91418,0.99139,0
chave_pix,98589.34,551286.15,452696.81,20440.71,119030.05,10,False,False,False,0.821165,0.828273,0
pix_copia_e_cola,419060.7,1120446.24,701385.54,37254.47,456315.17,16,True,False,False,0.625988,0.918358,0
chave_pix,850530.59,855287.52,4756.93,10427.06,860957.65,18,False,False,False,0.005562,0.987889,1
chave_pix,13444444.99,159605609.27,146161164.28,23684.53,13468129.52,15,False,False,False,0.915765,0.998241,0
chave_pix,784388.0,6193073.23,5408685.23,10172.08,794560.08,19,True,False,False,0.873344,0.987198,0
chave_pix,155121.58,204718.09,49596.51,206.99,155328.57,15,True,False,False,0.242267,0.998667,1
chave_pix,2041455.65,2751868.69,710413.04,2317.7,2043773.35,23,False,True,True,0.258157,0.998866,1
chave_pix,295665.25,622302.86,326637.61,23941.58,319606.83,10,True,False,False,0.524885,0.925091,0
dados_bancarios,563842.8,1001121.15,437278.35,44591.58,608434.38,13,True,False,False,0.436789,0.926711,0
chave_pix,1462901.51,3773746.36,2310844.85,35563.32,1498464.83,9,False,False,False,0.612348,0.976267,0
chave_pix,309022.3,570792.33,261770.03,37674.52,346696.82,0,False,True,True,0.458608,0.891333,0
chave_pix,1015136.97,3215256.97,2200120.0,17506.22,1032643.19,11,False,False,False,0.684275,0.983047,0
chave_pix,13814.2,63684.64,49870.44,27970.88,41785.08,15,True,False,False,0.783084,0.330601,0
chave_pix,606745.73,2543765.93,1937020.2,45109.88,651855.61,17,True,False,False,0.761477,0.930798,0
pix_copia_e_cola,138792.62,321853.08,183060.46,111.4,138904.02,17,True,False,False,0.56877,0.999198,1
chave_pix,1667287.62,4254575.35,2587287.73,73130.78,1740418.4,8,True,False,False,0.608119,0.957981,0
chave_pix,2010105.57,19336876.67,17326771.1,28877.11,2038982.68,10,True,False,False,0.896048,0.985837,0
pix_copia_e_cola,802550.12,3249672.71,2447122.59,40726.67,843276.79,10,False,False,False,0.753037,0.951704,0
chave_pix,714817.55,8123161.36,7408343.81,10815.89,725633.44,16,False,False,False,0.912003,0.985095,0
dados_bancarios,334940.54,3498064.54,3163124.0,28683.94,363624.48,21,True,True,True,0.90425,0.921117,0
chave_pix,904378.72,10062269.09,9157890.37,16717.08,921095.8,16,True,False,False,0.910122,0.981851,0
pix_copia_e_cola,683139.95,3711781.38,3028641.43,68534.92,751674.87,14,True,False,False,0.815954,0.908824,0
chave_pix,326264.74,1414855.65,1088590.91,18922.45,345187.19,20,False,True,True,0.769401,0.945182,0
dados_bancarios,405520.24,1064920.4,659400.16,9613.7,415133.94,13,True,False,False,0.619201,0.976842,0
chave_pix,148290.67,148438.96067,148.29,43301.36,191592.03,21,True,True,True,0.000999,0.773992,0
pix_copia_e_cola,101895.12,1154389.23,1052494.11,16358.26,118253.38,16,False,False,False,0.911732,0.861668,0
pix_copia_e_cola,1197457.94,2342687.84,1145229.9,17667.47,1215125.41,13,True,False,False,0.488853,0.98546,0
chave_pix,458180.22,1374298.56,916118.34,50117.61,508297.83,15,False,False,False,0.666608,0.901401,0
pix_copia_e_cola,285376.6,320767.13,35390.53,52.94,285429.54,4,True,True,True,0.110331,0.999815,1
pix_copia_e_cola,309825.38,360644.75,50819.37,3173.06,312998.44,13,False,False,False,0.140913,0.989862,1
chave_pix,3106.06,3109.1660599999996,3.11,10678.84,13784.9,18,False,False,False,0.001,0.225323,0
chave_pix,1139252.76,1341278.96,202026.2,8341.73,1147594.49,11,False,False,False,0.150622,0.992731,0
chave_pix,2435362.64,12184489.97,9749127.33,31550.49,2466913.13,12,False,False,False,0.800126,0.987211,0
chave_pix,0.01,630557.1,630557.09,14912.6,14912.61,12,False,False,False,1.0,1e-06,0
chave_pix,318821.37,1195633.66,876812.29,32841.24,351662.61,10,True,False,False,0.733345,0.906612,0
chave_pix,58268.61,2276752.77,2218484.16,16102.43,74371.04,21,False,True,True,0.974407,0.783485,0
chave_pix,366793.1,1730335.73,1363542.63,86915.6,453708.7,14,True,False,False,0.788022,0.808433,0
chave_pix,1474740.32,3844975.18,2370234.86,73152.22,1547892.54,14,True,False,False,0.61645,0.952741,0
chave_pix,9998062.34,10008060.402339999,9998.06,138.74,9998201.08,16,True,False,False,0.000999,0.999986,1
chave_pix,224506.11,862542.7,638036.59,52516.39,277022.5,21,False,True,True,0.739716,0.810426,0
dados_bancarios,29628.18,46545.96,16917.78,17523.43,47151.61,22,False,True,True,0.363464,0.62836,0
chave_pix,326105.13,2418657.66,2092552.53,5983.33,332088.46,14,False,False,False,0.865171,0.981983,0
chave_pix,88379.84,2012000.23,1923620.39,15123.02,103502.86,18,False,False,False,0.956074,0.853888,0
pix_copia_e_cola,1738738.69,13614676.1,11875937.41,2061.78,1740800.47,12,False,False,False,0.872289,0.998816,0
chave_pix,587914.45,8594355.33,8006440.88,15370.02,603284.47,12,True,False,False,0.931593,0.974523,0
chave_pix,261191.44,836011.84,574820.4,100627.65,361819.09,18,True,False,False,0.687574,0.721884,0
dados_bancarios,716688.14,823840.49,107152.35,179.16,716867.3,15,True,False,False,0.130064,0.99975,1
pix_copia_e_cola,727374.37,3676865.19,2949490.82,94583.13,821957.5,13,True,False,False,0.802175,0.884929,0
chave_pix,1137151.52,1138288.6715199999,1137.15,0.01,1137151.53,6,True,False,False,0.000999,1.0,1
chave_pix,441648.68,3492072.55,3050423.87,63197.49,504846.17,9,True,False,False,0.873528,0.874818,0
chave_pix,554434.59,1737212.14,1182777.55,3510.22,557944.81,9,True,False,False,0.680848,0.993709,0
pix_copia_e_cola,554357.17,2536559.71,1982202.54,1163.98,555521.15,23,False,True,True,0.781453,0.997905,0
chave_pix,1803200.59,1805003.7905899999,1803.2,162.52,1803363.11,19,True,False,False,0.000999,0.99991,1
pix_copia_e_cola,442065.34,3048178.66,2606113.32,14881.86,456947.2,14,True,False,False,0.854974,0.967432,0
chave_pix,1083658.35,7985607.57,6901949.22,31172.55,1114830.9,20,True,True,True,0.864299,0.972038,0
chave_pix,0.01,1931379.73,1931379.72,31741.34,31741.35,20,False,True,False,1.0,0.0,0
dados_bancarios,54013.79,591038.1,537024.31,33643.55,87657.34,18,True,False,False,0.908612,0.616192,0
dados_bancarios,340198.41,348238.46,8040.05,316.79,340515.2,5,True,True,True,0.023088,0.99907,1
chave_pix,430054.2,4099456.89,3669402.69,37111.19,467165.39,14,False,False,False,0.895095,0.920561,0
chave_pix,177969.16,2607156.36,2429187.2,32148.26,210117.42,17,True,False,False,0.931738,0.846999,0
pix_copia_e_cola,1354235.42,6296023.91,4941788.49,44192.32,1398427.74,18,False,False,False,0.784906,0.968399,0
chave_pix,674051.77,2901249.15,2227197.38,8499.52,682551.29,16,False,False,False,0.767668,0.987547,0
dados_bancarios,479639.58,1262029.56,782389.98,7435.73,487075.31,22,True,True,True,0.619946,0.984734,0
chave_pix,236660.77,754318.94,517658.17,20214.71,256875.48,16,True,False,False,0.686259,0.921305,0
chave_pix,585983.65,1984969.28,1398985.63,116609.21,702592.86,21,False,True,True,0.70479,0.83403,0
chave_pix,1639992.77,27900511.51,26260518.74,11448.98,1651441.75,8,True,False,False,0.94122,0.993067,0
chave_pix,32830.82,32863.65,32.83,4092.36,36923.18,21,True,True,True,0.000999,0.889166,1
chave_pix,177048.35,1115419.78,938371.43,19907.93,196956.28,22,False,True,True,0.841272,0.898922,0
dados_bancarios,390749.08,2004536.25,1613787.17,15658.19,406407.27,11,True,False,False,0.805068,0.961472,0
chave_pix,2304156.15,4005410.39,1701254.24,15085.42,2319241.57,11,False,False,False,0.424739,0.993496,0
chave_pix,559834.99,2787938.05,2228103.06,16598.92,576433.91,20,True,True,True,0.799194,0.971204,0
chave_pix,22807.81,74070.31,51262.5,9040.03,31847.84,17,True,False,False,0.692079,0.716149,0
dados_bancarios,359643.42,1918990.88,1559347.46,101877.31,461520.73,15,True,False,False,0.812587,0.779257,0
chave_pix,554501.15,555055.65,554.5,239.77,554740.92,22,False,True,True,0.000999,0.999568,1
chave_pix,2096134.35,4308522.99,2212388.64,33311.87,2129446.22,14,False,False,False,0.513491,0.984357,0
chave_pix,0.01,0.01001,0.0,2867.38,2867.39,0,False,True,False,0.0,3e-06,1
pix_copia_e_cola,840955.03,11375376.65,10534421.62,81484.49,922439.52,7,True,False,False,0.926072,0.911664,0
pix_copia_e_cola,359135.16,359689.86,554.7,58553.71,417688.87,23,True,True,True,0.001542,0.859815,0
chave_pix,200882.98,1010576.6,809693.62,79702.03,280585.01,13,True,False,False,0.801219,0.715943,0
chave_pix,171620.66,1803261.22,1631640.56,9114.75,180735.41,16,True,False,False,0.904828,0.949569,0
chave_pix,304075.37,2317934.41,2013859.04,31170.66,335246.03,16,True,False,False,0.868816,0.907022,0
pix_copia_e_cola,853915.9,854769.8158999999,853.92,5813.69,859729.59,11,True,False,False,0.000999,0.993238,1
dados_bancarios,1058829.41,3004398.85,1945569.44,16710.11,1075539.52,9,True,False,False,0.647574,0.984464,0
chave_pix,1083590.4,3237626.39,2154035.99,165739.98,1249330.38,23,True,True,True,0.665313,0.867337,0
dados_bancarios,130900.48,1088128.79,957228.31,43375.93,174276.41,11,False,False,False,0.879701,0.751108,0
pix_copia_e_cola,444914.55,2084964.41,1640049.86,16245.72,461160.27,15,True,False,False,0.786608,0.964772,0
chave_pix,962117.71,9444787.92,8482670.21,29952.09,992069.8,9,True,False,False,0.898132,0.969808,0
chave_pix,603277.5,1348276.74,744999.24,25551.6,628829.1,19,False,False,False,0.552557,0.959366,0
chave_pix,670834.11,2843913.83,2173079.72,11792.37,682626.48,16,False,False,False,0.764116,0.982725,0
chave_pix,440716.97,441157.6869699999,440.72,28527.53,469244.5,19,True,False,False,0.000999,0.939205,0
dados_bancarios,21657.38,21679.037379999998,21.66,57215.73,78873.11,13,False,False,False,0.000999,0.274585,0
chave_pix,587003.26,4326145.65,3739142.39,15266.58,602269.84,19,True,False,False,0.864313,0.974652,0
chave_pix,1084789.72,11583043.35,10498253.63,19408.96,1104198.68,11,True,False,False,0.906347,0.982423,0
dados_bancarios,1067058.47,2667878.23,1600819.76,20908.73,1087967.2,14,False,False,False,0.600035,0.980782,0
chave_pix,2013736.69,4311567.59,2297830.9,99031.24,2112767.93,17,False,False,False,0.532946,0.953127,0
chave_pix,171485.28,547296.31,375811.03,19285.36,190770.64,17,True,False,False,0.686668,0.898908,0
chave_pix,73658.41,685036.45,611378.04,60313.47,133971.88,13,True,False,False,0.892475,0.549805,0
chave_pix,184884.84,185069.72483999998,184.88,9720.28,194605.12,11,False,False,False,0.000999,0.950051,0
chave_pix,1165418.95,10612581.85,9447162.9,6428.53,1171847.48,9,True,False,False,0.890185,0.994514,0
pix_copia_e_cola,1567626.74,23300126.28,21732499.54,17892.99,1585519.73,4,False,True,True,0.93272,0.988715,0
chave_pix,408621.03,1726367.75,1317746.72,31729.58,440350.61,12,False,False,False,0.763306,0.927945,0
chave_pix,662326.22,1576702.17,914375.95,4066.9,666393.12,18,False,False,False,0.579929,0.993897,0
chave_pix,153985.26,1475955.18,1321969.92,29298.06,183283.32,17,False,False,False,0.895671,0.840149,0
chave_pix,337727.1,338064.82709999994,337.73,50499.95,388227.05,23,True,True,True,0.000999,0.869922,0
pix_copia_e_cola,1390332.39,1391722.72,1390.33,845.32,1391177.71,6,True,False,False,0.000999,0.999392,1
chave_pix,50333.01,181370.48,131037.47,28612.34,78945.35,2,True,True,True,0.722485,0.637568,0
dados_bancarios,98321.77,541676.79,443355.02,23626.84,121948.61,20,True,True,True,0.818486,0.806256,0
pix_copia_e_cola,994453.2,1627674.55,633221.35,7718.23,1002171.43,9,True,False,False,0.389034,0.992298,1
chave_pix,489866.38,806253.13,316386.75,1135.5,491001.88,22,True,True,True,0.392416,0.997687,1
pix_copia_e_cola,84645.05,1523401.44,1438756.39,17195.8,101840.85,17,True,False,False,0.944437,0.83115,0
dados_bancarios,2269090.81,8640806.62,6371715.81,8680.14,2277770.95,14,True,False,False,0.737398,0.996189,0
chave_pix,2197948.73,17062882.28,14864933.55,108010.09,2305958.82,23,True,True,True,0.871185,0.95316,0
chave_pix,9875100.44,10910136.36,1035035.92,216.99,9875317.43,18,True,False,False,0.094869,0.999978,1
pix_copia_e_cola,209378.93,844370.21,634991.28,6978.21,216357.14,18,False,False,False,0.752029,0.967747,0
dados_bancarios,160864.95,161025.81495,160.86,37317.06,198182.01,10,True,False,False,0.000999,0.811703,0
dados_bancarios,875834.94,1658412.52,782577.58,60890.79,936725.73,9,False,False,False,0.471884,0.934996,0
dados_bancarios,302661.85,1788884.2,1486222.35,157214.21,459876.06,20,False,True,True,0.83081,0.658138,0
chave_pix,1201753.85,3919174.79,2717420.94,52009.0,1253762.85,12,False,False,False,0.693366,0.958518,0
chave_pix,71688.61,175248.04,103559.43,0.01,71688.62,18,True,False,False,0.590931,1.0,1
chave_pix,1293238.64,12792378.75,11499140.11,6517.13,1299755.77,14,False,False,False,0.898906,0.994986,0
chave_pix,70125.14,99739.25,29614.11,341.55,70466.69,20,True,True,True,0.296915,0.995153,1
dados_bancarios,698586.9,2844982.28,2146395.38,11739.39,710326.29,19,True,False,False,0.754449,0.983473,0
dados_bancarios,249765.21,2856913.96,2607148.75,28996.14,278761.35,18,True,False,False,0.912575,0.895982,0
dados_bancarios,1682244.3,10890482.62,9208238.32,38201.71,1720446.01,17,True,False,False,0.845531,0.977795,0
dados_bancarios,874622.29,2381426.42,1506804.13,6889.06,881511.35,10,True,False,False,0.632732,0.992185,0
dados_bancarios,151046.64,1063221.19,912174.55,3756.7,154803.34,18,True,False,False,0.857935,0.975732,0
pix_copia_e_cola,791903.94,3581058.16,2789154.22,25202.78,817106.72,11,False,False,False,0.778863,0.969156,0
chave_pix,348873.58,1600221.58,1251348.0,9643.84,358517.42,18,True,False,False,0.781984,0.973101,0
dados_bancarios,0.01,245052.67,245052.66,19477.6,19477.61,8,False,False,False,1.0,1e-06,0
pix_copia_e_cola,431500.17,1494799.61,1063299.44,24338.86,455839.03,18,True,False,False,0.711332,0.946606,0
chave_pix,64167.97,288942.85,224774.88,914.64,65082.61,2,False,True,True,0.777922,0.985946,1
dados_bancarios,1115124.39,1229200.01,114075.62,23356.78,1138481.17,18,True,False,False,0.092805,0.979484,0
chave_pix,0.01,207598.4,207598.39,13299.11,13299.12,14,True,False,False,1.0,1e-06,0
chave_pix,61899.28,1598427.29,1536528.01,12485.81,74385.09,14,True,False,False,0.961275,0.832146,0
chave_pix,2267565.16,6069792.75,3802227.59,27227.51,2294792.67,18,True,False,False,0.626418,0.988135,0
pix_copia_e_cola,52645.08,614756.35,562111.27,61335.68,113980.76,9,True,False,False,0.914364,0.461877,0
chave_pix,1397889.09,11658055.9,10260166.81,9021.81,1406910.9,13,False,False,False,0.880092,0.993588,0
pix_copia_e_cola,198363.11,1120283.07,921919.96,12912.74,211275.85,12,False,False,False,0.822935,0.938882,0
dados_bancarios,7121.77,7426.61,304.84,22153.0,29274.77,14,True,False,False,0.041047,0.243273,0
dados_bancarios,267966.06,1254887.06,986921.0,18494.47,286460.53,17,True,False,False,0.786462,0.935438,0
chave_pix,99338.67,585058.9,485720.23,61624.0,160962.67,15,True,False,False,0.830207,0.617153,0
chave_pix,535392.29,2351691.3,1816299.01,5943.89,541336.18,15,False,False,False,0.772337,0.98902,0
chave_pix,9039246.82,10902995.56,1863748.74,2882.53,9042129.35,5,True,True,True,0.170939,0.999681,1
chave_pix,363358.85,1712148.49,1348789.64,53554.65,416913.5,19,True,False,False,0.787776,0.871545,0
chave_pix,560391.93,560952.32193,560.39,0.01,560391.94,23,False,True,True,0.000999,1.0,1
chave_pix,976162.06,7744860.55,6768698.49,21107.61,997269.67,16,False,False,False,0.87396,0.978835,0
pix_copia_e_cola,517709.22,2306328.0,1788618.78,26524.38,544233.6,17,True,False,False,0.775527,0.951263,0
chave_pix,224384.27,1222634.97,998250.7,19156.32,243540.59,15,False,False,False,0.816475,0.921342,0
chave_pix,57421.18,613895.68,556474.5,34519.56,91940.74,18,True,False,False,0.906464,0.624546,0
dados_bancarios,412457.88,3985857.01,3573399.13,5588.3,418046.18,22,True,True,True,0.89652,0.986632,0
chave_pix,1546275.74,14405781.69,12859505.95,11127.58,1557403.32,10,True,False,False,0.892663,0.992855,0
chave_pix,115190.17,3489902.65,3374712.48,5608.22,120798.39,20,True,True,True,0.966993,0.953574,0
pix_copia_e_cola,96686.8,96783.4868,96.69,4981.59,101668.39,11,False,False,False,0.000999,0.951002,0
dados_bancarios,1078476.82,4526103.78,3447626.96,46166.69,1124643.51,20,True,True,True,0.761721,0.95895,0
chave_pix,190317.72,1775416.61,1585098.89,65256.94,255574.66,22,True,True,True,0.892804,0.744666,0
chave_pix,798047.77,6043395.61,5245347.84,36437.15,834484.92,20,True,True,True,0.867947,0.956336,0
chave_pix,224925.74,2100760.03,1875834.29,12702.49,237628.23,22,True,True,True,0.892931,0.946545,0
chave_pix,760904.7,4308046.25,3547141.55,137014.99,897919.69,22,True,True,True,0.823376,0.847408,0
dados_bancarios,45275.1,433409.49,388134.39,16607.82,61882.92,17,True,False,False,0.895537,0.731625,0
chave_pix,135438.91,230570.26,95131.35,15621.63,151060.54,18,False,False,False,0.412592,0.896587,0
chave_pix,299821.02,3602795.0,3302973.98,8843.32,308664.34,18,True,False,False,0.916781,0.97135,0
chave_pix,3974329.4,3978303.7293999996,3974.33,31.86,3974361.26,21,True,True,True,0.000999,0.999992,1
dados_bancarios,1183021.43,3808878.32,2625856.89,59249.19,1242270.62,11,True,False,False,0.689404,0.952306,0
chave_pix,1758822.48,4802451.49,3043629.01,15289.78,1774112.26,22,True,True,True,0.633766,0.991382,0
chave_pix,318501.97,318820.47196999996,318.5,192.87,318694.84,14,True,False,False,0.000999,0.999395,1
chave_pix,92295.67,195222.61,102926.94,118971.06,211266.73,11,False,False,False,0.527229,0.436868,0
chave_pix,816394.47,9324227.65,8507833.18,21653.4,838047.87,13,False,False,False,0.912444,0.974162,0
chave_pix,1994608.34,8804007.83,6809399.49,73479.38,2068087.72,21,False,True,True,0.773443,0.96447,0
chave_pix,253864.18,1240962.87,987098.69,52285.54,306149.72,16,False,False,False,0.79543,0.829216,0
dados_bancarios,1257156.5,1456007.48,198850.98,41575.56,1298732.06,14,True,False,False,0.136573,0.967988,0
chave_pix,239132.5,301739.91,62607.41,17274.09,256406.59,17,False,False,False,0.207488,0.93263,0
chave_pix,165142.74,975878.23,810735.49,34028.61,199171.35,23,False,True,True,0.830775,0.829149,0
chave_pix,55083.88,885003.37,829919.49,22289.16,77373.04,21,False,True,True,0.937759,0.711926,0
chave_pix,64374.87,220146.51,155771.64,15825.96,80200.83,22,False,True,True,0.707582,0.802671,0
chave_pix,585376.17,5570592.19,4985216.02,24662.6,610038.77,17,False,False,False,0.894917,0.959572,0
chave_pix,9436328.15,49376817.82,39940489.67,63296.52,9499624.67,17,False,False,False,0.808892,0.993337,0
pix_copia_e_cola,570584.04,10389786.85,9819202.81,18952.02,589536.06,17,True,False,False,0.945082,0.967853,0
chave_pix,614092.83,4413048.97,3798956.14,2722.42,616815.25,13,True,False,False,0.860846,0.995586,0
chave_pix,548300.22,1658650.14,1110349.92,37058.27,585358.49,7,False,False,False,0.66943,0.936691,0
chave_pix,51022.69,883262.95,832240.26,12708.69,63731.38,10,True,False,False,0.942234,0.80059,0
chave_pix,427115.12,1121921.54,694806.42,10204.21,437319.33,21,False,True,True,0.6193,0.976666,0
chave_pix,88917.84,318484.88,229567.04,29579.28,118497.12,14,False,False,False,0.72081,0.75038,0
chave_pix,3696859.08,3932637.89,235778.81,523.6,3697382.68,10,True,False,False,0.059954,0.999858,1
pix_copia_e_cola,414262.51,830497.26,416234.75,26536.11,440798.62,11,True,False,False,0.501187,0.9398,0
chave_pix,117974.44,558952.75,440978.31,6571.03,124545.47,11,True,False,False,0.788937,0.94724,0
chave_pix,11731600.85,51963604.86,40232004.01,28713.91,11760314.76,14,False,False,False,0.774234,0.997558,0
dados_bancarios,9960382.4,10888895.25,928512.85,615.42,9960997.82,10,True,False,False,0.085272,0.999938,1
chave_pix,136495.49,368827.7,232332.21,5658.93,142154.42,16,True,False,False,0.629921,0.960192,0
chave_pix,1721916.89,8488799.93,6766883.04,57815.7,1779732.59,13,False,False,False,0.797154,0.967514,0
dados_bancarios,1261930.08,5342667.46,4080737.38,2396.45,1264326.53,10,True,False,False,0.763801,0.998105,0
pix_copia_e_cola,837323.79,2852999.37,2015675.58,15937.79,853261.58,18,False,False,False,0.706511,0.981321,0
chave_pix,2322909.69,2325232.6,2322.91,340.37,2323250.06,18,True,False,False,0.000999,0.999853,1
chave_pix,236738.39,236975.12839,236.74,19013.59,255751.98,20,False,True,True,0.000999,0.925656,0
chave_pix,1804754.18,8108618.64,6303864.46,15910.21,1820664.39,12,True,False,False,0.777428,0.991261,0
dados_bancarios,494414.87,3903540.82,3409125.95,13654.8,508069.67,17,False,False,False,0.873342,0.973124,0
chave_pix,616039.55,3756183.65,3140144.1,123838.85,739878.4,17,True,False,False,0.835993,0.832623,0
chave_pix,0.01,0.01001,0.0,3643.16,3643.17,12,True,False,False,0.0,3e-06,1
chave_pix,443484.65,6741694.56,6298209.91,19931.96,463416.61,21,True,True,True,0.934218,0.956989,0
chave_pix,1239452.65,3182417.12,1942964.47,28570.16,1268022.81,10,True,False,False,0.610531,0.977469,0
chave_pix,248994.48,4668424.44,4419429.96,6807.59,255802.07,12,True,False,False,0.946664,0.973387,0
dados_bancarios,13670.07,481841.99,468171.92,19962.75,33632.82,19,False,False,False,0.97163,0.40645,0
chave_pix,1312532.46,4759648.07,3447115.61,9073.19,1321605.65,11,False,False,False,0.724237,0.993135,0
chave_pix,301668.13,838351.2,536683.07,18624.66,320292.79,20,True,True,True,0.640165,0.941851,0
chave_pix,5950.36,86992.83,81042.47,6396.6,12346.96,20,True,True,True,0.931599,0.481929,0
dados_bancarios,132593.16,192879.05,60285.89,84554.46,217147.62,19,True,False,False,0.312558,0.610613,0
chave_pix,264283.86,1297864.71,1033580.85,19383.37,283667.23,14,False,False,False,0.79637,0.931669,0
chave_pix,202048.92,930667.63,728618.71,8688.65,210737.57,13,True,False,False,0.782899,0.95877,0
chave_pix,304491.73,1929712.86,1625221.13,18703.39,323195.12,15,True,False,False,0.842209,0.94213,0
chave_pix,284103.42,1067491.66,783388.24,27328.25,311431.67,12,False,False,False,0.733859,0.91225,0
chave_pix,995126.9,996122.0268999999,995.13,59611.72,1054738.62,11,True,False,False,0.000999,0.943482,0
dados_bancarios,342884.88,8314538.2,7971653.32,24028.09,366912.97,19,False,False,False,0.958761,0.934513,0
chave_pix,368885.08,2006070.69,1637185.61,12622.54,381507.62,20,False,True,True,0.816116,0.966914,0
chave_pix,4365277.65,34885799.36,30520521.71,7872.13,4373149.78,1,True,True,True,0.874869,0.9982,0
chave_pix,807232.55,4252873.37,3445640.82,8817.77,816050.32,16,True,False,False,0.810191,0.989195,0
chave_pix,806698.08,3090896.79,2284198.71,6305.86,813003.94,20,True,True,True,0.739008,0.992244,0
pix_copia_e_cola,601311.74,1873613.53,1272301.79,25795.9,627107.64,19,True,False,False,0.679063,0.958865,0
chave_pix,365356.89,1333492.12,968135.23,38192.54,403549.43,17,True,False,False,0.726015,0.905358,0
chave_pix,229098.95,502231.67,273132.72,182.31,229281.26,7,True,False,False,0.543838,0.999205,1
dados_bancarios,1152671.53,7866371.6,6713700.07,6856.79,1159528.32,12,True,False,False,0.853468,0.994087,0
chave_pix,174702.89,1010444.34,835741.45,72553.39,247256.28,12,False,False,False,0.827103,0.706566,0
pix_copia_e_cola,30168.83,30198.998829999997,30.17,321.92,30490.75,17,True,False,False,0.000999,0.989442,1
dados_bancarios,24853.41,25348.95,495.54,261.49,25114.9,9,False,False,False,0.019549,0.989588,1
chave_pix,445976.29,4274182.83,3828206.54,40608.95,486585.24,14,False,False,False,0.895658,0.916543,0
chave_pix,334040.52,1133395.36,799354.84,41235.64,375276.16,21,False,True,True,0.705274,0.890119,0
chave_pix,596011.79,596607.8017899999,596.01,0.01,596011.8,2,True,True,True,0.000999,1.0,1
chave_pix,1057627.45,4373587.99,3315960.54,10903.78,1068531.23,10,True,False,False,0.758179,0.989796,0
chave_pix,501559.73,3312118.76,2810559.03,47988.29,549548.02,22,True,True,True,0.848568,0.912677,0
chave_pix,1081627.55,1082709.17755,1081.63,1652.05,1083279.6,23,True,True,True,0.000999,0.998475,1
chave_pix,3477438.49,4560792.96,1083354.47,953.29,3478391.78,19,True,False,False,0.237536,0.999726,1
dados_bancarios,1520979.37,1783709.65,262730.28,4352.8,1525332.17,22,False,True,True,0.147294,0.997146,1
dados_bancarios,86583.05,1446130.77,1359547.72,43848.32,130431.37,15,True,False,False,0.940128,0.663821,0
chave_pix,223572.96,223796.53295999995,223.57,16731.15,240304.11,13,True,False,False,0.000999,0.930375,0
pix_copia_e_cola,459102.04,5521897.39,5062795.35,32298.38,491400.42,13,True,False,False,0.916858,0.934273,0
chave_pix,337899.41,338237.3094099999,337.9,26831.97,364731.38,12,False,False,False,0.000999,0.926434,0
dados_bancarios,68588.94,68657.52893999999,68.59,39981.79,108570.73,18,True,False,False,0.000999,0.631744,0
chave_pix,46634.45,46681.084449999995,46.63,12350.52,58984.97,12,False,False,False,0.000999,0.790616,0
dados_bancarios,56028.92,250583.23,194554.31,8032.69,64061.61,18,False,False,False,0.776406,0.87461,0
chave_pix,772379.36,1111031.28,338651.92,929.15,773308.51,21,False,True,True,0.304809,0.998798,1
chave_pix,721997.58,7138971.43,6416973.85,20155.47,742153.05,14,True,False,False,0.898865,0.972842,0
chave_pix,278162.41,325123.32,46960.91,2683.05,280845.46,22,True,True,True,0.14444,0.990447,0
chave_pix,169324.33,587206.79,417882.46,20015.5,189339.83,13,True,False,False,0.711644,0.894288,0
chave_pix,1545647.76,10762122.65,9216474.89,15750.23,1561397.99,12,True,False,False,0.856381,0.989913,0
chave_pix,624565.61,3058454.38,2433888.77,12312.45,636878.06,16,False,False,False,0.79579,0.980667,0
pix_copia_e_cola,1333025.14,4193810.55,2860785.41,25079.85,1358104.99,13,True,False,False,0.682145,0.981533,0
chave_pix,335212.47,2627087.39,2291874.92,28689.01,363901.48,21,False,True,True,0.872401,0.921163,0
dados_bancarios,2024540.15,2916161.82,891621.67,5030.6,2029570.75,9,False,False,False,0.305752,0.997521,0
dados_bancarios,70179.74,240325.0,170145.26,20165.77,90345.51,21,False,True,True,0.70798,0.776793,0
chave_pix,305531.13,981420.44,675889.31,8148.34,313679.47,14,True,False,False,0.688685,0.974023,0
chave_pix,617140.42,3806063.79,3188923.37,10969.42,628109.84,14,True,False,False,0.837853,0.982536,0
dados_bancarios,265356.76,1762566.19,1497209.43,21914.01,287270.77,11,False,False,False,0.849449,0.923717,0
chave_pix,2173248.27,5067429.38,2894181.11,12647.38,2185895.65,11,False,False,False,0.571134,0.994214,0
chave_pix,594061.54,1919287.36,1325225.82,3629.6,597691.14,18,True,False,False,0.690478,0.993927,0
chave_pix,161387.74,161549.12773999997,161.39,4940.86,166328.6,13,False,False,False,0.000999,0.970295,0
chave_pix,143172.43,1974995.15,1831822.72,20942.41,164114.84,21,False,True,True,0.927507,0.872392,0
chave_pix,27206.75,1127741.44,1100534.69,92725.1,119931.85,15,True,False,False,0.975875,0.226852,0
pix_copia_e_cola,488664.15,4193658.01,3704993.86,75662.87,564327.02,17,True,False,False,0.883475,0.865924,0
chave_pix,491105.73,5651844.07,5160738.34,54516.82,545622.55,15,True,False,False,0.913107,0.900083,0
chave_pix,2925859.58,2928785.44,2925.86,183.81,2926043.39,18,True,False,False,0.000999,0.999937,1
dados_bancarios,5635766.56,19874304.84,14238538.28,8532.23,5644298.79,10,False,False,False,0.71643,0.998488,0
chave_pix,144044.35,284517.86,140473.51,4232.74,148277.09,15,True,False,False,0.493725,0.971454,1
chave_pix,719384.83,10896757.09,10177372.26,15237.64,734622.47,12,True,False,False,0.933982,0.979258,0
dados_bancarios,3017273.06,3310380.88,293107.82,451.55,3017724.61,10,False,False,False,0.088542,0.99985,1
chave_pix,3751616.02,67049608.2,63297992.18,2061.42,3753677.44,9,True,False,False,0.944047,0.999451,0
chave_pix,1525880.35,7879871.79,6353991.44,20889.2,1546769.55,10,True,False,False,0.806357,0.986495,0
chave_pix,546424.26,6836455.4,6290031.14,36466.35,582890.61,8,False,False,False,0.920072,0.937439,0
dados_bancarios,810321.7,3677707.97,2867386.27,25748.95,836070.65,14,False,False,False,0.779667,0.969202,0
chave_pix,824995.97,4229099.09,3404103.12,37386.01,862381.98,19,False,False,False,0.804924,0.956648,0
dados_bancarios,926328.95,1425163.85,498834.9,8383.21,934712.16,9,True,False,False,0.350019,0.991031,0
dados_bancarios,301408.92,811387.97,509979.05,43901.2,345310.12,23,False,True,True,0.628527,0.872864,0
pix_copia_e_cola,537922.65,856458.9,318536.25,46123.42,584046.07,20,False,True,True,0.371922,0.921028,0
chave_pix,1052585.85,11193575.66,10140989.81,16991.95,1069577.8,15,True,False,False,0.905965,0.984113,0
chave_pix,275218.37,528463.49,253245.12,11402.37,286620.74,11,True,False,False,0.47921,0.960218,0
chave_pix,361506.33,1255244.13,893737.8,13545.84,375052.17,13,False,False,False,0.712003,0.963883,0
dados_bancarios,0.01,0.01001,0.0,1759.5,1759.51,13,False,False,False,0.0,6e-06,0
chave_pix,162785.94,751442.75,588656.81,472700.49,635486.43,20,True,True,True,0.783369,0.25616,0
pix_copia_e_cola,312361.9,1057100.0,744738.1,15180.6,327542.5,21,False,True,True,0.704511,0.953653,0
dados_bancarios,1379025.51,7890432.89,6511407.38,19740.1,1398765.61,19,True,False,False,0.825228,0.985887,0
chave_pix,113738.97,270886.57,157147.6,37301.14,151040.11,1,False,True,True,0.580123,0.753038,0
chave_pix,21850.78,21872.630779999996,21.85,45837.68,67688.46,12,False,False,False,0.000999,0.322814,0
chave_pix,2573826.48,6710142.45,4136315.97,95064.84,2668891.32,12,False,False,False,0.616427,0.96438,0
chave_pix,1365182.84,2347762.86,982580.02,34109.58,1399292.42,10,True,False,False,0.418518,0.975624,0
pix_copia_e_cola,543645.44,2814039.35,2270393.91,47465.66,591111.1,1,False,True,True,0.80681,0.919701,0
chave_pix,314127.4,853959.54,539832.14,113898.63,428026.03,12,True,False,False,0.632152,0.733898,0
chave_pix,1639403.97,6537285.61,4897881.64,22376.61,1661780.58,23,True,True,True,0.749223,0.986535,0
chave_pix,850286.19,3663100.06,2812813.87,20850.84,871137.03,23,False,True,True,0.767878,0.976065,0
chave_pix,227040.29,1341646.94,1114606.65,9660.89,236701.18,13,True,False,False,0.830775,0.959185,0
chave_pix,753504.19,2885583.39,2132079.2,22053.5,775557.69,17,False,False,False,0.738873,0.971564,0
chave_pix,101186.99,1965649.02,1864462.03,110316.41,211503.4,19,False,False,False,0.948522,0.478418,0
chave_pix,1887783.74,4603242.52,2715458.78,10833.43,1898617.17,19,True,False,False,0.589901,0.994294,0
chave_pix,39607.46,39647.06746,39.61,19211.27,58818.73,12,False,False,False,0.000999,0.673382,0
chave_pix,155042.26,547729.39,392687.13,13591.5,168633.76,14,True,False,False,0.716936,0.919402,0
chave_pix,443020.48,3015777.53,2572757.05,10920.13,453940.61,18,True,False,False,0.853099,0.975944,0
dados_bancarios,545199.25,4474168.25,3928969.0,59005.71,604204.96,17,True,False,False,0.878145,0.902342,0
dados_bancarios,2128128.26,7760978.49,5632850.23,9520.62,2137648.88,13,True,False,False,0.725791,0.995546,0
chave_pix,1702478.39,12142112.14,10439633.75,6460.0,1708938.39,13,True,False,False,0.859787,0.99622,0
pix_copia_e_cola,16816064.92,68530878.08,51714813.16,3543.79,16819608.71,13,False,False,False,0.754621,0.999789,0
chave_pix,583896.09,3013711.0,2429814.91,11790.76,595686.85,19,False,False,False,0.806253,0.980206,0
pix_copia_e_cola,97874.55,1315195.27,1217320.72,15500.44,113374.99,12,True,False,False,0.925582,0.863282,0
dados_bancarios,1744436.57,3338335.26,1593898.69,17508.64,1761945.21,17,False,False,False,0.477453,0.990063,0
dados_bancarios,193075.41,706486.93,513411.52,3769.37,196844.78,16,False,False,False,0.726711,0.980851,0
chave_pix,4337715.71,4342053.425709999,4337.72,1529.21,4339244.92,6,True,False,False,0.000999,0.999648,1
dados_bancarios,294133.8,4195658.57,3901524.77,22903.01,317036.81,12,True,False,False,0.929896,0.927759,0
pix_copia_e_cola,272081.06,819486.08,547405.02,33551.96,305633.02,0,True,True,True,0.667986,0.890221,0
chave_pix,534931.29,1650071.47,1115140.18,38049.41,572980.7,14,True,False,False,0.675813,0.933594,0
dados_bancarios,900955.54,5345499.25,4444543.71,290673.06,1191628.6,22,True,True,True,0.831455,0.756071,0
chave_pix,1082020.15,3278417.56,2196397.41,35406.4,1117426.55,22,False,True,True,0.669957,0.968314,0
pix_copia_e_cola,727076.59,5057596.38,4330519.79,9722.27,736798.86,12,True,False,False,0.856241,0.986805,0
chave_pix,1518239.28,7836563.74,6318324.46,41349.05,1559588.33,12,True,False,False,0.806262,0.973487,0
chave_pix,226398.03,707849.3,481451.27,13535.02,239933.05,21,True,True,True,0.680161,0.943588,0
chave_pix,298513.34,470096.61,171583.27,263.96,298777.3,20,True,True,True,0.364996,0.999117,1
chave_pix,958123.88,3373382.19,2415258.31,21988.01,980111.89,13,True,False,False,0.715975,0.977566,0
chave_pix,1270514.11,19665751.72,18395237.61,7078.73,1277592.84,20,False,True,True,0.935395,0.994459,0
chave_pix,535909.48,1780338.3,1244428.82,10355.23,546264.71,8,True,False,False,0.698984,0.981044,0
dados_bancarios,180289.56,561417.04,381127.48,5580.8,185870.36,14,False,False,False,0.678867,0.969975,1
chave_pix,2863605.42,12384382.06,9520776.64,5575.47,2869180.89,10,True,False,False,0.768773,0.998057,0
chave_pix,644314.18,5013468.12,4369153.94,14262.68,658576.86,17,False,False,False,0.871483,0.978343,0
dados_bancarios,236560.69,908531.29,671970.6,35672.91,272233.6,12,True,False,False,0.739623,0.868962,0
pix_copia_e_cola,20950.14,70575.63,49625.49,39212.77,60162.91,22,True,True,True,0.703153,0.348224,0
chave_pix,332675.96,707987.44,375311.48,18119.13,350795.09,16,False,False,False,0.53011,0.948348,0
chave_pix,351934.51,1357962.89,1006028.38,15975.69,367910.2,21,True,True,True,0.740836,0.956577,0
pix_copia_e_cola,167938.64,1519597.29,1351658.65,30464.99,198403.63,18,True,False,False,0.889485,0.846449,0
pix_copia_e_cola,157990.86,469248.42,311257.56,0.01,157990.87,12,False,False,False,0.663311,1.0,1
chave_pix,445213.89,690888.79,245674.9,1063.7,446277.59,17,True,False,False,0.355593,0.997617,1
dados_bancarios,1003034.85,7642392.19,6639357.34,44203.49,1047238.34,20,True,True,True,0.868754,0.95779,0
chave_pix,161797.87,1358746.26,1196948.39,61344.59,223142.46,11,False,False,False,0.880921,0.725088,0
chave_pix,266635.35,3466948.06,3200312.71,15923.56,282558.91,19,False,False,False,0.923092,0.943645,0
dados_bancarios,2806.0,2808.81,2.81,5851.96,8657.96,1,True,True,True,0.001,0.324095,1
pix_copia_e_cola,205129.12,205334.25,205.13,118.32,205247.44,0,True,True,True,0.000999,0.999424,1
dados_bancarios,6865896.27,31098862.93,24232966.66,7455.44,6873351.71,19,False,False,False,0.779224,0.998915,0
chave_pix,182525.11,1915832.54,1733307.43,21257.37,203782.48,9,False,False,False,0.904728,0.895686,0
chave_pix,1494683.93,2024803.06,530119.13,216264.64,1710948.57,10,True,False,False,0.261813,0.8736,0
chave_pix,221294.49,2312182.44,2090887.95,19543.39,240837.88,20,False,True,True,0.904292,0.918853,0
dados_bancarios,1509915.55,1915179.84,405264.29,122.38,1510037.93,3,True,True,True,0.211606,0.999919,1
chave_pix,380285.66,2598574.13,2218288.47,47443.49,427729.15,14,True,False,False,0.853656,0.889081,0
dados_bancarios,148640.2,853374.67,704734.47,15244.73,163884.93,21,True,True,True,0.825821,0.906979,0
pix_copia_e_cola,85706.91,619933.27,534226.36,28875.52,114582.43,16,False,False,False,0.861748,0.747993,0
dados_bancarios,209829.57,322871.79,113042.22,56.4,209885.97,6,True,False,False,0.350115,0.999731,1
dados_bancarios,0.01,644405.84,644405.83,1469.02,1469.03,4,False,True,False,1.0,7e-06,1
chave_pix,54444.41,2573284.15,2518839.74,8560.63,63005.04,12,True,False,False,0.978842,0.864128,0
chave_pix,1769890.65,10824428.05,9054537.4,98844.27,1868734.92,13,True,False,False,0.836491,0.947106,0
chave_pix,333748.23,2817999.56,2484251.33,21813.11,355561.34,16,False,False,False,0.881566,0.938652,0
dados_bancarios,0.01,62384.16,62384.15,564.94,564.95,5,True,True,False,1.0,1.8e-05,1
dados_bancarios,2063669.09,3979316.78,1915647.69,10402.24,2074071.33,11,True,False,False,0.481401,0.994985,0
chave_pix,1464344.83,7950207.54,6485862.71,8158.48,1472503.31,0,False,True,True,0.81581,0.994459,0
dados_bancarios,994195.67,6419559.36,5425363.69,44214.62,1038410.29,15,False,False,False,0.84513,0.957421,0
chave_pix,158230.98,158389.21098,158.23,8274.58,166505.56,20,True,True,True,0.000999,0.950304,0
pix_copia_e_cola,266752.49,1535182.28,1268429.79,94056.23,360808.72,15,True,False,False,0.826241,0.739318,0
chave_pix,1013486.08,1893861.24,880375.16,12199.69,1025685.77,5,True,True,True,0.464857,0.988106,0
dados_bancarios,193688.76,749197.61,555508.85,16000.26,209689.02,10,True,False,False,0.741472,0.923695,0
chave_pix,597840.31,2352724.41,1754884.1,30434.16,628274.47,17,False,False,False,0.745894,0.951559,0
chave_pix,682618.33,2370823.43,1688205.1,42065.94,724684.27,22,True,True,True,0.712075,0.941953,0
chave_pix,214719.32,370184.4,155465.08,105579.56,320298.88,21,False,True,True,0.419967,0.670372,0
chave_pix,747205.17,2176560.82,1429355.65,8769.15,755974.32,14,True,False,False,0.656704,0.9884,0
pix_copia_e_cola,180651.69,180832.34168999997,180.65,435.34,181087.03,19,True,False,False,0.000999,0.997596,1
chave_pix,61911.61,708960.28,647048.67,37006.53,98918.14,16,True,False,False,0.912673,0.625887,0
chave_pix,811544.78,2145295.78,1333751.0,16013.66,827558.44,23,True,True,True,0.62171,0.98065,0
chave_pix,303550.11,303853.66010999994,303.55,18436.86,321986.97,20,False,True,True,0.000999,0.94274,0
pix_copia_e_cola,1098084.45,1140168.82,42084.37,527.23,1098611.68,13,False,False,False,0.036911,0.99952,1
chave_pix,100390.42,1462959.92,1362569.5,12401.02,112791.44,12,True,False,False,0.931379,0.890054,0
chave_pix,573196.65,1677900.2,1104703.55,12961.61,586158.26,9,False,False,False,0.658385,0.977887,0
chave_pix,2456151.92,5168520.06,2712368.14,22613.01,2478764.93,12,True,False,False,0.524786,0.990877,0
chave_pix,1698019.25,9313876.53,7615857.28,20740.94,1718760.19,20,True,True,True,0.817689,0.987933,0
chave_pix,385413.89,477176.77,91762.88,2171.88,387585.77,23,True,True,True,0.192304,0.994396,0
chave_pix,1584863.03,2101731.52,516868.49,222.72,1585085.75,16,False,False,False,0.245925,0.999859,1
chave_pix,559025.0,4047060.43,3488035.43,35359.22,594384.22,12,False,False,False,0.861869,0.940511,0
chave_pix,457126.83,1218266.4,761139.57,23489.76,480616.59,20,False,True,True,0.624773,0.951126,0
chave_pix,274927.26,2579310.05,2304382.79,79047.61,353974.87,18,True,False,False,0.893411,0.776686,0
pix_copia_e_cola,1757696.14,11495795.57,9738099.43,23708.65,1781404.79,13,False,False,False,0.847101,0.986691,0
dados_bancarios,218928.38,609566.35,390637.97,1557.74,220486.12,18,False,False,False,0.640846,0.992935,0
chave_pix,269938.71,928812.81,658874.1,53429.9,323368.61,12,False,False,False,0.709372,0.834771,0
chave_pix,608919.59,3939313.29,3330393.7,12523.1,621442.69,12,False,False,False,0.845425,0.979848,0
dados_bancarios,2969596.1,20418092.97,17448496.87,34604.01,3004200.11,11,True,False,False,0.854561,0.988481,0
chave_pix,10155824.6,10682688.56,526863.96,532.89,10156357.49,17,True,False,False,0.049319,0.999948,1
pix_copia_e_cola,1787601.09,6140853.75,4353252.66,33166.85,1820767.94,12,False,False,False,0.7089,0.981784,0
chave_pix,103913.09,538185.75,434272.66,224126.77,328039.86,17,True,False,False,0.80692,0.31677,0
pix_copia_e_cola,154570.28,737464.87,582894.59,9126.39,163696.67,10,True,False,False,0.790403,0.944248,0
dados_bancarios,0.01,75997.77,75997.76,354.86,354.87,14,True,False,False,1.0,2.8e-05,1
pix_copia_e_cola,124441.83,2392133.5,2267691.67,26009.47,150451.3,18,False,False,False,0.947979,0.827124,0
chave_pix,277307.62,1627934.8,1350627.18,8547.63,285855.25,15,True,False,False,0.829657,0.970098,0
dados_bancarios,417299.91,1373088.74,955788.83,2456.26,419756.17,11,False,False,False,0.696087,0.994148,0
chave_pix,13738.16,76586.97,62848.81,20430.52,34168.68,21,False,True,True,0.82062,0.402069,0
chave_pix,9706915.83,11672916.66,1966000.83,3202.41,9710118.24,0,False,True,True,0.168424,0.99967,1
dados_bancarios,678268.17,974517.22,296249.05,46216.6,724484.77,14,False,False,False,0.303996,0.936208,0
chave_pix,3599785.1,8816818.54,5217033.44,70459.88,3670244.98,16,True,False,False,0.591714,0.980802,0
chave_pix,2525410.4,9059404.29,6533993.89,53255.23,2578665.63,10,True,False,False,0.721239,0.979348,0
chave_pix,480404.03,741311.07,260907.04,160.86,480564.89,8,False,False,False,0.351954,0.999665,1
pix_copia_e_cola,607102.97,2812053.64,2204950.67,45813.72,652916.69,13,False,False,False,0.784107,0.929832,0
pix_copia_e_cola,1152453.6,11786491.59,10634037.99,242494.59,1394948.19,16,False,False,False,0.902223,0.826162,0
chave_pix,471562.01,2282549.23,1810987.22,21353.37,492915.38,21,True,True,True,0.793406,0.956679,0
dados_bancarios,1847299.49,8056775.43,6209475.94,9405.42,1856704.91,13,True,False,False,0.770715,0.994934,0
chave_pix,159225.76,767168.49,607942.73,22279.33,181505.09,14,True,False,False,0.79245,0.877252,0
chave_pix,162843.16,591064.95,428221.79,42719.11,205562.27,19,True,False,False,0.724492,0.792184,0
chave_pix,425520.27,845400.06,419879.79,75118.36,500638.63,11,False,False,False,0.496664,0.849955,0
chave_pix,1050745.53,4391953.57,3341208.04,101142.46,1151887.99,18,True,False,False,0.760757,0.912194,0
chave_pix,0.01,0.01001,0.0,1289.06,1289.07,20,False,True,False,0.0,8e-06,0
chave_pix,333390.18,393131.48,59741.3,67.37,333457.55,7,True,False,False,0.151963,0.999798,1
pix_copia_e_cola,385680.27,829046.46,443366.19,16985.97,402666.24,18,True,False,False,0.534791,0.957816,0
chave_pix,116839.47,171531.69,54692.22,15539.62,132379.09,17,True,False,False,0.318846,0.882613,0
dados_bancarios,108317.24,640679.77,532362.53,3135.15,111452.39,19,False,False,False,0.830934,0.97187,1
chave_pix,537991.61,2437177.88,1899186.27,742.61,538734.22,10,False,False,False,0.779256,0.998622,0
chave_pix,1288882.71,3816075.37,2527192.66,52823.05,1341705.76,19,False,False,False,0.662249,0.96063,0
pix_copia_e_cola,530402.98,4995589.88,4465186.9,31756.16,562159.14,21,False,True,True,0.893826,0.94351,0
chave_pix,509340.6,4699972.55,4190631.95,87091.53,596432.13,14,False,False,False,0.891629,0.853979,0
chave_pix,1329807.84,1567837.59,238029.75,119.48,1329927.32,16,True,False,False,0.15182,0.99991,1
dados_bancarios,314651.13,1955612.01,1640960.88,12703.83,327354.96,12,True,False,False,0.839103,0.961192,0
dados_bancarios,191849.22,192041.06921999998,191.85,17.78,191867.0,18,True,False,False,0.000999,0.999907,1
chave_pix,2052796.96,22256018.4,20203221.44,3507.44,2056304.4,12,True,False,False,0.907764,0.998294,0
dados_bancarios,2384013.12,8306389.42,5922376.3,55584.35,2439597.47,14,False,False,False,0.71299,0.977216,0
chave_pix,1279108.11,1280387.21811,1279.11,1656.06,1280764.17,21,True,True,True,0.000999,0.998707,1
chave_pix,804677.32,6759472.97,5954795.65,23979.81,828657.13,11,True,False,False,0.880956,0.971062,0
dados_bancarios,315712.36,355424.3,39711.94,12.74,315725.1,21,True,True,True,0.111731,0.99996,1
chave_pix,48925.66,389294.66,340369.0,31874.24,80799.9,3,False,True,True,0.874322,0.605516,0
dados_bancarios,10047335.52,23995330.4,13947994.88,602.03,10047937.55,10,True,False,False,0.58128,0.99994,1
chave_pix,223959.53,717595.31,493635.78,38434.81,262394.34,14,True,False,False,0.687903,0.853523,0
dados_bancarios,329149.09,2790223.87,2461074.78,13446.91,342596.0,23,False,True,True,0.882035,0.96075,0
pix_copia_e_cola,1439899.41,7068552.22,5628652.81,8942.54,1448841.95,11,True,False,False,0.796295,0.993828,0
chave_pix,375220.38,1886573.04,1511352.66,30371.75,405592.13,18,False,False,False,0.80111,0.925118,0
chave_pix,428959.72,2368940.56,1939980.84,36353.56,465313.28,14,False,False,False,0.818923,0.921873,0
dados_bancarios,351931.08,573909.5,221978.42,18750.63,370681.71,20,True,True,True,0.386783,0.949416,0
chave_pix,257967.08,2223275.09,1965308.01,11789.06,269756.14,15,False,False,False,0.88397,0.956297,0
dados_bancarios,803285.64,877383.28,74097.64,90523.91,893809.55,15,True,False,False,0.084453,0.898721,0
chave_pix,1479132.84,6911092.21,5431959.37,133045.6,1612178.44,10,False,False,False,0.785977,0.917475,0
dados_bancarios,27326.05,27353.376049999995,27.33,99.28,27425.33,1,True,True,True,0.000999,0.99638,1
chave_pix,0.01,0.01001,0.0,17822.47,17822.48,10,False,False,False,0.0,1e-06,0
dados_bancarios,1102338.82,2028280.99,925942.17,103063.9,1205402.72,14,True,False,False,0.456516,0.914498,0
dados_bancarios,1477874.75,13290966.19,11813091.44,233938.22,1711812.97,15,True,False,False,0.888806,0.863339,0
dados_bancarios,404534.68,2737510.56,2332975.88,21539.11,426073.79,13,True,False,False,0.852225,0.949447,0
dados_bancarios,57022.43,57079.45243,57.02,521.02,57543.45,10,True,False,False,0.000999,0.990946,1
chave_pix,1058301.01,1616538.82,558237.81,2152.33,1060453.34,15,True,False,False,0.345329,0.99797,0
chave_pix,1561798.3,10498151.25,8936352.95,118206.79,1680005.09,9,True,False,False,0.851231,0.929639,0
chave_pix,47767.15,218347.82,170580.67,70728.83,118495.98,20,False,True,True,0.781234,0.403112,0
chave_pix,384973.85,879556.55,494582.7,246.05,385219.9,7,True,False,False,0.562309,0.999361,1
chave_pix,545663.72,2099384.72,1553721.0,14178.93,559842.65,10,True,False,False,0.740084,0.974673,0
chave_pix,3724115.34,4985695.41,1261580.07,653.84,3724769.18,18,True,False,False,0.25304,0.999824,1
pix_copia_e_cola,422419.04,763595.97,341176.93,630.44,423049.48,16,False,False,False,0.446803,0.99851,0
chave_pix,262170.36,4488410.55,4226240.19,20580.51,282750.87,14,True,False,False,0.941589,0.927213,0
pix_copia_e_cola,1530378.45,1805054.27,274675.82,943.93,1531322.38,9,True,False,False,0.15217,0.999384,1
dados_bancarios,100590.71,845574.17,744983.46,13371.23,113961.94,16,True,False,False,0.881039,0.882669,0
dados_bancarios,748044.9,4886024.59,4137979.69,25615.12,773660.02,18,False,False,False,0.846901,0.966891,0
pix_copia_e_cola,228040.98,228269.02097999997,228.04,48999.14,277040.12,13,True,False,False,0.000999,0.823133,0
chave_pix,164410.96,929456.67,765045.71,33654.25,198065.21,21,True,True,True,0.823111,0.830085,0
chave_pix,797742.28,6069068.19,5271325.91,34724.36,832466.64,12,False,False,False,0.868556,0.958287,0
chave_pix,1050856.72,1060680.14,9823.42,622.14,1051478.86,20,True,True,True,0.009261,0.999408,1
dados_bancarios,24778.93,105274.69,80495.76,39425.63,64204.56,19,True,False,False,0.764626,0.385937,0
dados_bancarios,703153.68,7234608.56,6531454.88,8037.63,711191.31,11,True,False,False,0.902807,0.988698,0
chave_pix,558654.91,5398614.46,4839959.55,6729.87,565384.78,17,False,False,False,0.896519,0.988097,0
chave_pix,963874.57,1578345.44,614470.87,197775.53,1161650.1,19,True,False,False,0.389313,0.829746,0
chave_pix,1616549.75,6998144.19,5381594.44,26478.89,1643028.64,23,False,True,True,0.769003,0.983884,0
dados_bancarios,78207.76,726325.47,648117.71,9334.09,87541.85,2,True,True,True,0.892324,0.893376,0
chave_pix,231742.93,2221591.85,1989848.92,7907.93,239650.86,12,True,False,False,0.895686,0.967002,0
chave_pix,785699.12,1572970.48,787271.36,13189.98,798889.1,12,True,False,False,0.5005,0.98349,0
chave_pix,576909.02,2211977.09,1635068.07,27479.78,604388.8,14,False,False,False,0.739189,0.954533,0
pix_copia_e_cola,105510.29,105615.80028999998,105.51,70240.34,175750.63,14,True,False,False,0.000999,0.600341,0
chave_pix,191603.9,891683.96,700080.06,9038.55,200642.45,15,False,False,False,0.785121,0.954952,0
chave_pix,262803.35,1601141.32,1338337.97,56329.54,319132.89,18,False,False,False,0.835865,0.823492,0
chave_pix,885365.43,2012231.45,1126866.02,49303.88,934669.31,17,True,False,False,0.560008,0.94725,0
chave_pix,799517.33,800316.85,799.52,1397.42,800914.75,23,False,True,True,0.000999,0.998255,1
chave_pix,980601.1,2396886.08,1416284.98,107402.59,1088003.69,20,False,True,True,0.590885,0.901285,0
chave_pix,3356226.02,4352279.82,996053.8,6.98,3356233.0,4,True,True,True,0.228858,0.999998,1
dados_bancarios,279938.02,2822114.02,2542176.0,12566.17,292504.19,12,False,False,False,0.900806,0.957039,0
chave_pix,10000000.0,32274965.39,22274965.39,8707.39,10008707.39,15,False,False,False,0.690162,0.99913,0
chave_pix,1773784.36,4308860.96,2535076.6,44577.78,1818362.14,23,False,True,True,0.58834,0.975485,0
chave_pix,311149.57,1353783.13,1042633.56,639.02,311788.59,20,False,True,True,0.770163,0.99795,0
chave_pix,436933.03,3040935.19,2604002.16,26147.99,463081.02,15,True,False,False,0.856316,0.943535,0
dados_bancarios,1074792.45,3935405.52,2860613.07,14844.51,1089636.96,12,False,False,False,0.726892,0.986377,0
dados_bancarios,154946.67,451297.32,296350.65,8115.84,163062.51,21,True,True,True,0.656664,0.950229,0
dados_bancarios,306409.64,1562267.4,1255857.76,25250.51,331660.15,11,False,False,False,0.803869,0.923866,0
chave_pix,80885.48,135998.05,55112.57,327.16,81212.64,7,True,False,False,0.405245,0.995972,1
chave_pix,545470.21,4674582.03,4129111.82,36379.78,581849.99,18,False,False,False,0.883311,0.937476,0
pix_copia_e_cola,491877.34,863698.49,371821.15,6532.86,498410.2,19,True,False,False,0.430499,0.986893,0
chave_pix,2008699.79,13157689.88,11148990.09,11796.88,2020496.67,14,False,False,False,0.847336,0.994161,0
chave_pix,1994285.14,1996279.43,1994.29,238.53,1994523.67,6,False,False,False,0.000999,0.99988,1
chave_pix,102908.81,755697.58,652788.77,41579.15,144487.96,22,True,True,True,0.863823,0.712231,0
chave_pix,213027.39,1377715.84,1164688.45,20717.42,233744.81,16,True,False,False,0.845376,0.911367,0
chave_pix,201106.31,1058618.58,857512.27,18828.21,219934.52,15,False,False,False,0.810029,0.914392,0
chave_pix,404534.98,505863.44,101328.46,16327.04,420862.02,17,True,False,False,0.200308,0.961206,0
chave_pix,2413319.09,7711906.06,5298586.97,39329.96,2452649.05,12,True,False,False,0.687066,0.983964,0
chave_pix,1005481.5,3014969.47,2009487.97,4868.61,1010350.11,11,True,False,False,0.666504,0.995181,0
pix_copia_e_cola,299490.86,1146287.56,846796.7,18430.54,317921.4,12,True,False,False,0.73873,0.942028,0
chave_pix,1345795.72,12887377.25,11541581.53,103931.67,1449727.39,15,False,False,False,0.895573,0.92831,0
chave_pix,428952.77,4377083.15,3948130.38,9509.44,438462.21,21,True,True,True,0.902,0.978312,0
chave_pix,508210.47,508718.6804699999,508.21,142747.69,650958.16,16,True,False,False,0.000999,0.780711,0
chave_pix,280994.48,1184017.73,903023.25,13370.27,294364.75,18,True,False,False,0.762677,0.954579,0
chave_pix,1524305.73,19922058.94,18397753.21,30793.57,1555099.3,21,True,True,True,0.923487,0.980198,0
dados_bancarios,494700.77,508904.12,14203.35,21692.69,516393.46,0,False,True,True,0.02791,0.957992,0
dados_bancarios,315707.69,2321097.75,2005390.06,6237.21,321944.9,8,False,False,False,0.863983,0.980626,0
chave_pix,739904.27,1261090.64,521186.37,15203.69,755107.96,0,True,True,True,0.413282,0.979866,0
dados_bancarios,193986.17,464104.11,270117.94,46145.82,240131.99,12,False,False,False,0.58202,0.807831,0
dados_bancarios,1489935.44,11568118.59,10078183.15,17522.49,1507457.93,13,True,False,False,0.871203,0.988376,0
chave_pix,11624.51,150744.7,139120.19,3146.69,14771.2,13,True,False,False,0.922886,0.786971,0
pix_copia_e_cola,292429.64,1693339.69,1400910.05,34754.48,327184.12,17,True,False,False,0.827306,0.893777,0
pix_copia_e_cola,105151.11,542655.85,437504.74,10832.45,115983.56,18,False,False,False,0.806229,0.906604,0
chave_pix,198592.33,198790.92232999997,198.59,16632.45,215224.78,17,False,False,False,0.000999,0.922721,0
dados_bancarios,73821.88,640253.12,566431.24,20692.09,94513.97,21,True,True,True,0.884699,0.781068,0
chave_pix,406285.89,754449.81,348163.92,8786.39,415072.28,18,True,False,False,0.461481,0.978832,0
chave_pix,977778.98,6664428.94,5686649.96,54137.24,1031916.22,18,True,False,False,0.853284,0.947537,0
chave_pix,107480.08,913251.85,805771.77,5859.51,113339.59,18,False,False,False,0.882311,0.948301,0
dados_bancarios,233399.45,740614.78,507215.33,19489.64,252889.09,20,True,True,True,0.684857,0.922932,0
chave_pix,870940.15,1447219.58,576279.43,0.01,870940.16,3,True,True,True,0.398198,1.0,1
dados_bancarios,767662.98,768430.6429799999,767.66,0.01,767662.99,6,True,False,False,0.000999,1.0,1
pix_copia_e_cola,522404.69,4025722.98,3503318.29,24781.07,547185.76,12,True,False,False,0.870233,0.954712,0
chave_pix,280226.08,984214.69,703988.61,20771.04,300997.12,20,True,True,True,0.71528,0.930993,0
chave_pix,1084181.1,5155590.27,4071409.17,60226.57,1144407.67,14,True,False,False,0.789708,0.947373,0
chave_pix,166336.42,3456189.49,3289853.07,20640.64,186977.06,14,True,False,False,0.951873,0.889609,0
chave_pix,384352.89,2818462.18,2434109.29,22105.54,406458.43,15,True,False,False,0.86363,0.945614,0
dados_bancarios,426479.94,2367641.82,1941161.88,5383.33,431863.27,17,False,False,False,0.819871,0.987535,0
chave_pix,830918.04,14539209.56,13708291.52,11749.28,842667.32,19,False,False,False,0.94285,0.986057,0
chave_pix,213464.27,880758.94,667294.67,46702.26,260166.53,15,True,False,False,0.757636,0.820491,0
chave_pix,296603.4,3162248.25,2865644.85,14357.79,310961.19,17,True,False,False,0.906205,0.953828,0
chave_pix,2590909.54,6285366.46,3694456.92,1648.69,2592558.23,9,True,False,False,0.587787,0.999364,0
chave_pix,4286260.19,6426351.51,2140091.32,27.0,4286287.19,9,True,False,False,0.333018,0.999994,1
chave_pix,766193.0,4323878.03,3557685.03,41499.48,807692.48,19,False,False,False,0.8228,0.94862,0
dados_bancarios,498482.15,1863862.32,1365380.17,33098.2,531580.35,18,True,False,False,0.732554,0.937736,0
chave_pix,205815.64,733678.68,527863.04,1663.14,207478.78,19,True,False,False,0.719474,0.991984,0
chave_pix,303315.22,1302608.44,999293.22,21152.21,324467.43,14,True,False,False,0.767148,0.934809,0
chave_pix,10232918.28,10243151.198279997,10232.92,10.03,10232928.31,2,True,True,True,0.000999,0.999999,1
chave_pix,1002819.29,11845887.46,10843068.17,59692.62,1062511.91,10,False,False,False,0.915345,0.943819,0
dados_bancarios,279258.53,1158372.35,879113.82,114985.53,394244.06,18,True,False,False,0.758922,0.708339,0
chave_pix,435924.58,3729349.51,3293424.93,17999.13,453923.71,19,False,False,False,0.88311,0.960348,0
dados_bancarios,159257.27,468913.2,309655.93,77042.66,236299.93,22,True,True,True,0.660369,0.673962,0
dados_bancarios,490046.07,589504.38,99458.31,81.85,490127.92,15,True,False,False,0.168715,0.999833,1
chave_pix,864898.75,3341540.27,2476641.52,17740.73,882639.48,18,True,False,False,0.741168,0.9799,0
chave_pix,228022.86,446118.94,218096.08,18232.55,246255.41,19,True,False,False,0.488874,0.925961,0
chave_pix,1564996.11,9790511.49,8225515.38,13106.47,1578102.58,10,False,False,False,0.840152,0.991695,0
chave_pix,3116597.95,8858820.78,5742222.83,105180.68,3221778.63,21,True,True,True,0.648193,0.967353,0
pix_copia_e_cola,28159546.32,50149754.67,21990208.35,5446.58,28164992.9,13,False,False,False,0.438491,0.999807,0
chave_pix,10000000.0,67251154.21,57251154.21,49625.83,10049625.83,16,False,False,False,0.851304,0.995062,0
pix_copia_e_cola,134610.71,273000.16,138389.45,0.01,134610.72,4,True,True,True,0.506921,1.0,1
chave_pix,345167.57,1201673.86,856506.29,25606.32,370773.89,15,True,False,False,0.712761,0.930938,0
dados_bancarios,1029575.5,9413059.18,8383483.68,20193.99,1049769.49,13,False,False,False,0.890623,0.980763,0
dados_bancarios,1302564.09,1342266.96,39702.87,0.01,1302564.1,18,True,False,False,0.029579,1.0,1
dados_bancarios,21979.65,771949.84,749970.19,92246.52,114226.17,9,False,False,False,0.971527,0.192422,0
dados_bancarios,388449.36,1977509.32,1589059.96,88516.13,476965.49,17,True,False,False,0.803566,0.814418,0
pix_copia_e_cola,203403.26,709994.33,506591.07,54697.36,258100.62,18,True,False,False,0.713514,0.788077,0
chave_pix,5338162.8,6057351.71,719188.91,5298.82,5343461.62,19,True,False,False,0.11873,0.999008,1
chave_pix,895065.01,9582438.01,8687373.0,53925.4,948990.41,19,True,False,False,0.906593,0.943176,0
chave_pix,7792986.62,35879155.71,28086169.09,14824.72,7807811.34,15,False,False,False,0.782799,0.998101,0
chave_pix,575351.56,2095801.5,1520449.94,10339.19,585690.75,10,True,False,False,0.725474,0.982347,0
dados_bancarios,204089.81,204293.89980999997,204.09,2542.48,206632.29,17,True,False,False,0.000999,0.987696,1
dados_bancarios,342056.13,1601154.97,1259098.84,333536.7,675592.83,16,False,False,False,0.786369,0.506305,0
chave_pix,331416.16,3271647.13,2940230.97,30229.96,361646.12,10,True,False,False,0.898701,0.91641,0
dados_bancarios,2330468.68,7314332.44,4983863.76,14560.34,2345029.02,9,False,False,False,0.681383,0.993791,0
chave_pix,363355.98,582035.0,218679.02,1696.34,365052.32,11,False,False,False,0.375715,0.995353,0
chave_pix,330225.82,1410768.45,1080542.63,6487.52,336713.34,15,True,False,False,0.765925,0.980733,0
chave_pix,827136.85,7421692.86,6594556.01,25739.07,852875.92,9,False,False,False,0.888551,0.969821,0
chave_pix,1904881.07,11244398.35,9339517.28,30302.1,1935183.17,19,False,False,False,0.830593,0.984341,0
chave_pix,793813.76,5970832.76,5177019.0,83268.99,877082.75,7,True,False,False,0.867051,0.905061,0
chave_pix,386187.92,1936325.16,1550137.24,69907.82,456095.74,12,False,False,False,0.800556,0.846726,0
pix_copia_e_cola,104125.79,1782712.95,1678587.16,7370.69,111496.48,19,True,False,False,0.941591,0.933893,0
chave_pix,71329.73,71401.06,71.33,3679.45,75009.18,10,False,False,False,0.000999,0.950947,1
chave_pix,762515.55,3576666.54,2814150.99,33759.59,796275.14,13,False,False,False,0.786808,0.957603,0
chave_pix,253521.94,742683.58,489161.64,53375.84,306897.78,16,True,False,False,0.658641,0.826079,0
chave_pix,776417.36,7866783.89,7090366.53,5981.77,782399.13,11,True,False,False,0.901304,0.992355,0
chave_pix,281610.97,2927241.6,2645630.63,12889.94,294500.91,12,True,False,False,0.903796,0.956231,0
chave_pix,227554.65,227782.20464999997,227.55,0.01,227554.66,8,True,False,False,0.000999,1.0,1
dados_bancarios,556757.11,6449783.18,5893026.07,22052.53,578809.64,20,True,True,True,0.913678,0.9619,0
chave_pix,689905.76,3079418.14,2389512.38,11647.76,701553.52,11,True,False,False,0.775962,0.983397,0
chave_pix,862907.82,3212955.95,2350048.13,31961.25,894869.07,15,True,False,False,0.731429,0.964284,0
chave_pix,15893.52,15909.413519999998,15.89,12470.05,28363.57,14,True,False,False,0.000999,0.56035,0
chave_pix,436364.19,1174765.19,738401.0,5744.14,442108.33,20,False,True,True,0.628552,0.987007,0
chave_pix,413769.59,2362125.26,1948355.67,63055.39,476824.98,20,False,True,True,0.824832,0.86776,0
chave_pix,49190.8,634192.71,585001.91,3436.7,52627.5,12,False,False,False,0.922436,0.934698,0
chave_pix,93683.91,699034.97,605351.06,11127.61,104811.52,16,True,False,False,0.865981,0.893832,0
dados_bancarios,329959.41,330289.3694099999,329.96,113800.63,443760.04,21,True,True,True,0.000999,0.743554,0
chave_pix,1571488.9,1573060.39,1571.49,7064.49,1578553.39,20,False,True,True,0.000999,0.995525,0
chave_pix,188168.5,1224452.01,1036283.51,16678.92,204847.42,12,False,False,False,0.846324,0.918579,0
chave_pix,156232.74,1147550.73,991317.99,18070.55,174303.29,1,True,True,True,0.863855,0.896327,0
dados_bancarios,213070.94,1141323.69,928252.75,39702.92,252773.86,13,False,False,False,0.813312,0.842931,0
dados_bancarios,8176544.16,71806861.18,63630317.02,11850.79,8188394.95,15,False,False,False,0.886131,0.998553,0
chave_pix,1162721.4,4828477.86,3665756.46,6819.86,1169541.26,13,True,False,False,0.759195,0.994169,0
chave_pix,284776.12,353517.87,68741.75,20278.61,305054.73,13,False,False,False,0.194451,0.933525,0
pix_copia_e_cola,612284.34,9261808.39,8649524.05,9234.73,621519.07,10,True,False,False,0.933891,0.985142,0
chave_pix,36117.81,240361.58,204243.77,25967.97,62085.78,17,True,False,False,0.849736,0.58174,0
chave_pix,231995.34,232227.33533999996,232.0,927.6,232922.94,5,False,True,True,0.000999,0.996018,1
chave_pix,521944.0,2714808.76,2192864.76,32800.65,554744.65,14,False,False,False,0.807742,0.940873,0
dados_bancarios,287587.65,1468634.06,1181046.41,44734.14,332321.79,20,True,True,True,0.80418,0.865389,0
dados_bancarios,1671285.09,6200810.14,4529525.05,32820.9,1704105.99,17,True,False,False,0.730473,0.98074,0
pix_copia_e_cola,1386731.13,3947175.47,2560444.34,52328.83,1439059.96,9,False,False,False,0.648678,0.963637,0
chave_pix,1564475.81,4570007.89,3005532.08,8706.2,1573182.01,10,True,False,False,0.657665,0.994466,0
pix_copia_e_cola,765499.68,2784797.33,2019297.65,32817.66,798317.34,10,False,False,False,0.725115,0.958891,0
pix_copia_e_cola,371638.3,1225437.94,853799.64,6021.95,377660.25,21,False,True,True,0.69673,0.984055,0
chave_pix,407320.01,542306.44,134986.43,60.17,407380.18,5,True,True,True,0.248912,0.999852,1
chave_pix,1174146.62,11329889.05,10155742.43,9167.68,1183314.3,13,True,False,False,0.896367,0.992253,0
chave_pix,400518.17,604877.48,204359.31,7528.4,408046.57,15,True,False,False,0.337852,0.98155,0
chave_pix,2403507.31,8317733.87,5914226.56,5798.27,2409305.58,17,True,False,False,0.711038,0.997593,0
chave_pix,913525.87,7535839.78,6622313.91,6392.27,919918.14,14,True,False,False,0.878776,0.993051,0
chave_pix,1994641.91,1996636.5519099997,1994.64,9925.9,2004567.81,12,True,False,False,0.000999,0.995048,0
chave_pix,671957.8,4371013.1,3699055.3,15459.92,687417.72,18,False,False,False,0.84627,0.97751,0
chave_pix,868416.24,7292994.06,6424577.82,37478.04,905894.28,12,True,False,False,0.880925,0.958629,0
dados_bancarios,670849.61,6237255.98,5566406.37,34013.7,704863.31,13,False,False,False,0.892445,0.951744,0
pix_copia_e_cola,310083.75,1305185.79,995102.04,11050.12,321133.87,16,True,False,False,0.762422,0.96559,0
dados_bancarios,1031524.36,5866851.98,4835327.62,71651.37,1103175.73,14,False,False,False,0.824178,0.93505,0
dados_bancarios,131920.03,132051.95002999998,131.92,64672.42,196592.45,19,True,False,False,0.000999,0.671033,0
chave_pix,289201.44,2324648.98,2035447.54,22743.89,311945.33,18,False,False,False,0.875594,0.92709,0
pix_copia_e_cola,659410.49,3318095.64,2658685.15,30688.94,690099.43,0,True,True,True,0.801268,0.95553,0
chave_pix,1133435.51,7711277.98,6577842.47,3616.89,1137052.4,16,True,False,False,0.853016,0.996819,0
chave_pix,519502.56,582093.48,62590.92,6239.16,525741.72,20,False,True,True,0.107527,0.988133,0
chave_pix,365284.99,1311546.81,946261.82,16456.29,381741.28,11,False,False,False,0.721485,0.956892,0
dados_bancarios,367383.58,4702369.14,4334985.56,7157.82,374541.4,11,True,False,False,0.921873,0.980889,0
pix_copia_e_cola,424528.78,3213912.82,2789384.04,16230.64,440759.42,18,True,False,False,0.867909,0.963176,0
chave_pix,421607.26,925504.81,503897.55,62030.88,483638.14,10,False,False,False,0.544457,0.871741,0
pix_copia_e_cola,1494373.05,4559671.14,3065298.09,63419.36,1557792.41,17,True,False,False,0.672263,0.959289,0
dados_bancarios,212465.52,477330.26,264864.74,77348.08,289813.6,21,False,True,True,0.554888,0.733111,0
chave_pix,440600.94,3583949.89,3143348.95,36204.94,476805.88,20,False,True,True,0.877063,0.924068,0
dados_bancarios,281471.57,1628925.51,1347453.94,28700.68,310172.25,21,True,True,True,0.827204,0.907469,0
chave_pix,279758.88,756764.02,477005.14,31695.88,311454.76,9,False,False,False,0.630322,0.898233,0
chave_pix,554071.43,1680807.63,1126736.2,13040.93,567112.36,10,False,False,False,0.670354,0.977005,0
chave_pix,699433.4,6214124.08,5514690.68,9028.68,708462.08,14,False,False,False,0.887445,0.987256,0
chave_pix,292431.12,716555.39,424124.27,40439.29,332870.41,19,False,False,False,0.591893,0.878513,0
chave_pix,1041186.47,9671373.58,8630187.11,50103.53,1091290.0,8,False,False,False,0.892343,0.954088,0
chave_pix,986351.01,4081217.39,3094866.38,11723.26,998074.27,10,True,False,False,0.758319,0.988254,0
chave_pix,1161499.01,4261754.96,3100255.95,17414.45,1178913.46,21,False,True,True,0.72746,0.985228,0
chave_pix,2302967.73,9016023.59,6713055.86,6218.55,2309186.28,9,False,False,False,0.744569,0.997307,0
chave_pix,1722800.88,19719175.45,17996374.57,8302.62,1731103.5,9,False,False,False,0.912633,0.995204,0
chave_pix,102841.94,459044.32,356202.38,11444.92,114286.86,18,False,False,False,0.775965,0.899858,0
pix_copia_e_cola,765200.48,9356497.5,8591297.02,12374.05,777574.53,12,False,False,False,0.918217,0.984086,0
chave_pix,64751.15,252390.57,187639.42,14693.41,79444.56,15,True,False,False,0.743449,0.815048,0
pix_copia_e_cola,2344176.06,9415083.2,7070907.14,16975.73,2361151.79,12,False,False,False,0.751019,0.99281,0
chave_pix,761761.85,762523.6118499999,761.76,32.23,761794.08,6,True,False,False,0.000999,0.999958,1
pix_copia_e_cola,226360.69,723574.49,497213.8,50133.64,276494.33,17,False,False,False,0.687163,0.818681,0
chave_pix,723915.85,866322.25,142406.4,1765.3,725681.15,23,False,True,True,0.16438,0.997567,1
chave_pix,1095875.71,6047402.51,4951526.8,11223.99,1107099.7,12,True,False,False,0.818786,0.989862,0
dados_bancarios,226647.62,2035331.25,1808683.63,29694.16,256341.78,20,True,True,True,0.888643,0.884162,0
pix_copia_e_cola,4677358.76,4682036.12,4677.36,661.07,4678019.83,4,True,True,True,0.000999,0.999859,1
chave_pix,1748752.67,6084407.1,4335654.43,16861.97,1765614.64,14,False,False,False,0.712585,0.99045,0
chave_pix,103949.5,104053.45,103.95,403.25,104352.75,0,True,True,True,0.000999,0.996136,1
chave_pix,214184.91,318354.56,104169.65,35986.73,250171.64,23,False,True,True,0.327213,0.856152,0
dados_bancarios,2740879.15,2825254.16,84375.01,771.12,2741650.27,21,True,True,True,0.029865,0.999719,1
pix_copia_e_cola,56074.57,1190756.56,1134681.99,33492.59,89567.16,19,False,False,False,0.952908,0.626062,0
chave_pix,1318855.69,8669968.2,7351112.51,53379.31,1372235.0,14,True,False,False,0.847882,0.9611,0
chave_pix,877116.5,8413131.33,7536014.83,17347.37,894463.87,12,True,False,False,0.895744,0.980606,0
dados_bancarios,486538.12,1260389.94,773851.82,16259.72,502797.84,10,True,False,False,0.613978,0.967662,0
chave_pix,105686.11,516401.74,410715.63,16098.47,121784.58,19,False,False,False,0.795341,0.867812,0
chave_pix,0.01,151637.64,151637.63,22804.65,22804.66,14,True,False,False,1.0,0.0,0
chave_pix,1045022.47,6346266.09,5301243.62,13246.9,1058269.37,21,True,True,True,0.835333,0.987482,0
chave_pix,579207.61,4229701.52,3650493.91,33563.25,612770.86,17,False,False,False,0.863062,0.945227,0
chave_pix,175876.88,176052.75687999997,175.88,0.01,175876.89,18,True,False,False,0.000999,1.0,1
chave_pix,0.01,291856.37,291856.36,24682.51,24682.52,13,True,False,False,1.0,0.0,0
chave_pix,241121.76,1854419.84,1613298.08,29417.76,270539.52,8,True,False,False,0.869975,0.891263,0
chave_pix,90584.21,469134.64,378550.43,18044.28,108628.49,20,True,True,True,0.806912,0.83389,0
chave_pix,1442618.25,9476955.65,8034337.4,17498.95,1460117.2,12,False,False,False,0.847776,0.988015,0
chave_pix,5566640.29,35841764.83,30275124.54,49940.19,5616580.48,14,True,False,False,0.844688,0.991108,0
chave_pix,1123511.16,5132066.26,4008555.1,57284.6,1180795.76,17,True,False,False,0.78108,0.951486,0
chave_pix,4644693.12,7649920.05,3005226.93,145.73,4644838.85,11,True,False,False,0.392844,0.999969,1
dados_bancarios,47193.75,57074.15,9880.4,10930.11,58123.86,18,False,False,False,0.173115,0.811951,0
chave_pix,204602.11,204806.71210999996,204.6,182446.57,387048.68,23,True,True,True,0.000999,0.528621,0
dados_bancarios,223525.0,3136912.25,2913387.25,51803.03,275328.03,15,True,False,False,0.928744,0.81185,0
chave_pix,415237.01,2302835.15,1887598.14,46046.23,461283.24,15,True,False,False,0.819684,0.900178,0
chave_pix,898350.17,9516506.78,8618156.61,18680.45,917030.62,11,False,False,False,0.905601,0.979629,0
chave_pix,2311697.18,4044650.68,1732953.5,58008.94,2369706.12,13,False,False,False,0.428456,0.975521,0
pix_copia_e_cola,245960.04,246206.00003999998,245.96,391.71,246351.75,11,True,False,False,0.000999,0.99841,1
chave_pix,323331.94,554454.37,231122.43,16595.78,339927.72,1,True,True,True,0.416847,0.951179,0
chave_pix,2662300.31,35878115.97,33215815.66,35523.71,2697824.02,16,True,False,False,0.925796,0.986832,0
chave_pix,11197218.23,23810941.9,12613723.67,7565.47,11204783.7,15,False,False,False,0.529745,0.999325,0
chave_pix,0.01,277513.41,277513.4,156504.02,156504.03,21,True,True,False,1.0,0.0,0
pix_copia_e_cola,170081.19,2467126.11,2297044.92,14889.14,184970.33,19,False,False,False,0.931061,0.919505,0
dados_bancarios,3723732.51,33350829.63,29627097.12,7776.22,3731508.73,10,False,False,False,0.888347,0.997916,0
dados_bancarios,367527.08,3571707.17,3204180.09,26830.61,394357.69,21,True,True,True,0.8971,0.931964,0
chave_pix,30406.46,322075.57,291669.11,31376.79,61783.25,21,True,True,True,0.905592,0.492147,0
dados_bancarios,321465.0,349046.02,27581.02,734.92,322199.92,12,True,False,False,0.079018,0.997719,1
chave_pix,439386.13,868751.33,429365.2,12208.56,451594.69,17,True,False,False,0.494233,0.972966,0
chave_pix,122774.5,356827.97,234053.47,12599.49,135373.99,22,True,True,True,0.655928,0.906928,0
chave_pix,252798.79,504671.58,251872.79,5991.57,258790.36,12,True,False,False,0.499083,0.976848,0
dados_bancarios,0.01,87144.81,87144.8,604.86,604.87,11,False,False,False,1.0,1.7e-05,1
chave_pix,353313.55,353666.86,353.31,32.13,353345.68,21,True,True,True,0.000999,0.999909,1
chave_pix,535303.18,4436861.49,3901558.31,514.26,535817.44,23,False,True,True,0.879351,0.99904,0
chave_pix,66609.56,94046.1,27436.54,53189.75,119799.31,15,True,False,False,0.291735,0.55601,0
chave_pix,337471.74,337809.21173999994,337.47,24759.03,362230.77,16,True,False,False,0.000999,0.931648,0
chave_pix,563161.66,1971530.85,1408369.19,22576.48,585738.14,23,False,True,True,0.714353,0.961456,0
chave_pix,1068952.42,1070021.37,1068.95,285.48,1069237.9,20,True,True,True,0.000999,0.999733,1
chave_pix,1539262.67,1999005.66,459742.99,49.53,1539312.2,14,False,False,False,0.229986,0.999968,1
dados_bancarios,644030.88,1123982.74,479951.86,15696.26,659727.14,14,True,False,False,0.42701,0.976208,0
chave_pix,248176.91,465233.33,217056.42,76722.43,324899.34,18,True,False,False,0.466554,0.763858,0
chave_pix,1258129.23,6386792.57,5128663.34,14605.99,1272735.22,15,False,False,False,0.803011,0.988524,0
chave_pix,53035.59,183451.45,130415.86,18126.03,71161.62,14,True,False,False,0.710901,0.745284,0
dados_bancarios,35949.62,177119.26,141169.64,47956.92,83906.54,17,False,False,False,0.797032,0.428448,0
pix_copia_e_cola,612494.0,2674760.51,2062266.51,66583.9,679077.9,21,False,True,True,0.77101,0.90195,0
chave_pix,79720.37,375016.44,295296.07,192.76,79913.13,20,True,True,True,0.787422,0.997588,1
chave_pix,292801.89,549577.49,256775.6,186417.11,479219.0,14,False,False,False,0.467224,0.610998,0
chave_pix,821542.97,3758723.49,2937180.52,68870.45,890413.42,22,True,True,True,0.78143,0.922653,0
dados_bancarios,2274766.1,2707314.98,432548.88,203.1,2274969.2,10,False,False,False,0.15977,0.999911,1
chave_pix,520666.95,2360799.7,1840132.75,23867.0,544533.95,16,False,False,False,0.779453,0.95617,0
pix_copia_e_cola,544627.32,2468225.15,1923597.83,13840.19,558467.51,15,False,False,False,0.779345,0.975218,0
dados_bancarios,56984.45,404179.2,347194.75,105273.42,162257.87,18,False,False,False,0.859012,0.351197,0
dados_bancarios,167898.51,168066.40850999998,167.9,28217.42,196115.93,20,False,True,True,0.000999,0.856119,0
chave_pix,27772.56,42599.93,14827.37,10278.31,38050.87,13,True,False,False,0.348061,0.72988,0
dados_bancarios,2253531.27,4932346.49,2678815.22,5498.13,2259029.4,13,True,False,False,0.543112,0.997566,0
chave_pix,4859.31,4864.16931,4.86,42341.37,47200.68,15,False,False,False,0.000999,0.10295,0
chave_pix,770998.82,861082.86,90084.04,11418.58,782417.4,21,True,True,True,0.104617,0.985406,0
chave_pix,429799.02,430228.81902,429.8,29911.69,459710.71,11,False,False,False,0.000999,0.934934,0
chave_pix,167302.28,652599.94,485297.66,9435.05,176737.33,20,False,True,True,0.743637,0.946615,0
chave_pix,319720.16,3120868.28,2801148.12,19295.18,339015.34,16,True,False,False,0.897554,0.943085,0
chave_pix,972660.45,1510936.64,538276.19,32451.61,1005112.06,13,False,False,False,0.356253,0.967713,0
chave_pix,424988.02,1503481.0,1078492.98,30688.86,455676.88,13,True,False,False,0.717331,0.932652,0
chave_pix,276903.11,397192.47,120289.36,462.14,277365.25,9,False,False,False,0.302849,0.998334,1
chave_pix,895770.72,3478674.86,2582904.14,3266.01,899036.73,14,True,False,False,0.742497,0.996367,0
chave_pix,169941.73,176056.63,6114.9,64.72,170006.45,4,True,True,True,0.034733,0.999619,1
chave_pix,62563.63,318624.29,256060.66,9561.13,72124.76,10,True,False,False,0.803645,0.867436,0
chave_pix,217580.6,1037466.21,819885.61,15476.53,233057.13,19,False,False,False,0.790277,0.933593,0
dados_bancarios,1003754.9,6687883.26,5684128.36,68827.07,1072581.97,19,True,False,False,0.849914,0.93583,0
chave_pix,682833.79,5988853.81,5306020.02,19503.14,702336.93,11,True,False,False,0.885983,0.972231,0
pix_copia_e_cola,219015.95,2424989.98,2205974.03,15489.22,234505.17,17,False,False,False,0.909684,0.933949,0
chave_pix,212972.59,1629887.87,1416915.28,17543.58,230516.17,11,True,False,False,0.869333,0.923894,0
chave_pix,250395.9,1993747.48,1743351.58,56981.47,307377.37,11,True,False,False,0.874409,0.81462,0
chave_pix,394442.77,394837.21277,394.44,1376.03,395818.8,14,True,False,False,0.000999,0.996524,1
chave_pix,921028.41,4074600.39,3153571.98,4886.56,925914.97,15,True,False,False,0.773959,0.994722,0
chave_pix,985068.71,4729799.62,3744730.91,13024.57,998093.28,17,True,False,False,0.791731,0.986951,0
chave_pix,1153771.68,1154925.4516799997,1153.77,708.41,1154480.09,4,True,True,True,0.000999,0.999386,1
pix_copia_e_cola,425437.5,1204828.64,779391.14,2769.65,428207.15,23,False,True,True,0.64689,0.993532,0
chave_pix,816837.72,3917616.99,3100779.27,8091.48,824929.2,10,False,False,False,0.791496,0.990191,0
chave_pix,2067699.72,9844319.49,7776619.77,16096.25,2083795.97,11,True,False,False,0.78996,0.992276,0
chave_pix,112956.66,113069.61665999999,112.96,0.01,112956.67,11,True,False,False,0.000999,1.0,1
chave_pix,491525.74,1368367.73,876841.99,62173.05,553698.79,19,True,False,False,0.640794,0.887713,0
dados_bancarios,635672.35,2091252.66,1455580.31,27529.85,663202.2,23,True,True,True,0.696033,0.95849,0
dados_bancarios,442448.75,1296758.61,854309.86,5600.67,448049.42,21,True,True,True,0.658804,0.9875,0
chave_pix,423889.45,471138.81,47249.36,87034.83,510924.28,20,True,True,True,0.100288,0.829652,0
chave_pix,944656.1,7402154.34,6457498.24,6349.04,951005.14,10,True,False,False,0.872381,0.993324,0
chave_pix,542027.56,1284387.25,742359.69,8038.79,550066.35,15,True,False,False,0.577987,0.985386,0
chave_pix,469282.32,1639403.59,1170121.27,7691.76,476974.08,14,False,False,False,0.713748,0.983874,0
chave_pix,111535.02,1734218.03,1622683.01,9266.48,120801.5,16,False,False,False,0.935686,0.923292,0
pix_copia_e_cola,730022.25,2957567.08,2227544.83,10701.1,740723.35,18,False,False,False,0.753168,0.985553,0
chave_pix,111033.79,111144.82,111.03,1004.23,112038.02,21,False,True,True,0.000999,0.991037,1
dados_bancarios,6717658.24,40198762.16,33481103.92,12555.3,6730213.54,15,False,False,False,0.832889,0.998134,0
chave_pix,400517.07,400917.59,400.52,751.4,401268.47,5,True,True,True,0.000999,0.998127,1
dados_bancarios,377773.62,1983251.13,1605477.51,1616.98,379390.6,10,True,False,False,0.809518,0.995738,0
chave_pix,339516.72,1418823.04,1079306.32,99766.7,439283.42,13,False,False,False,0.760705,0.772888,0
chave_pix,220802.27,221023.07226999998,220.8,9670.23,230472.5,13,False,False,False,0.000999,0.958042,0
chave_pix,2455481.91,3885822.97,1430341.06,87391.18,2542873.09,15,True,False,False,0.368092,0.965633,0
chave_pix,157079.81,157236.88981,157.08,966.27,158046.08,21,True,True,True,0.000999,0.993886,1
chave_pix,593219.04,2243117.86,1649898.82,90705.21,683924.25,22,False,True,True,0.735538,0.867375,0
chave_pix,498317.91,2136728.56,1638410.65,4691.4,503009.31,21,False,True,True,0.766785,0.990673,0
dados_bancarios,1555600.31,4551604.66,2996004.35,5920.61,1561520.92,17,True,False,False,0.65823,0.996208,0
chave_pix,484825.85,2350078.9,1865253.05,14553.81,499379.66,21,True,True,True,0.793698,0.970856,0
chave_pix,162366.54,898603.53,736236.99,4743.41,167109.95,8,True,False,False,0.819312,0.971615,0
chave_pix,1869444.88,11892430.08,10022985.2,16967.93,1886412.81,17,False,False,False,0.842804,0.991005,0
chave_pix,714237.06,1906741.37,1192504.31,17674.34,731911.4,1,True,True,True,0.625415,0.975852,0
chave_pix,41285.49,313097.77,271812.28,271405.78,312691.27,16,True,False,False,0.868139,0.132033,0
chave_pix,150830.02,278831.39,128001.37,8480.45,159310.47,12,True,False,False,0.459064,0.946768,0
chave_pix,102380.56,248895.43,146514.87,13122.5,115503.06,19,True,False,False,0.58866,0.886388,0
pix_copia_e_cola,679579.51,2390755.35,1711175.84,65268.89,744848.4,13,True,False,False,0.715747,0.912373,0
chave_pix,655410.13,736159.73,80749.6,347.13,655757.26,4,True,True,True,0.10969,0.999471,1
chave_pix,1688381.81,4090123.68,2401741.87,2723.22,1691105.03,18,False,False,False,0.587205,0.99839,0
chave_pix,117127.3,393185.15,276057.85,50.53,117177.83,0,False,True,True,0.702107,0.999569,1
chave_pix,29873.78,29903.653779999997,29.87,23638.63,53512.41,21,False,True,True,0.000999,0.558259,0
dados_bancarios,761520.6,2292718.94,1531198.34,14051.15,775571.75,20,False,True,True,0.667853,0.981883,0
pix_copia_e_cola,291915.88,1055667.09,763751.21,32461.29,324377.17,10,False,False,False,0.723477,0.899927,0
dados_bancarios,215768.17,215983.93816999998,215.77,14474.05,230242.22,18,True,False,False,0.000999,0.937136,0
chave_pix,111344.3,111455.64429999999,111.34,5447.69,116791.99,20,True,True,True,0.000999,0.953356,0
chave_pix,260901.69,261162.59168999997,260.9,19156.59,280058.28,20,False,True,True,0.000999,0.931598,0
chave_pix,5936692.45,6364603.26,427910.81,4631.38,5941323.83,12,True,False,False,0.067233,0.99922,1
chave_pix,865392.96,7164275.34,6298882.38,5021.96,870414.92,18,True,False,False,0.879207,0.99423,0
chave_pix,826447.86,7146727.72,6320279.86,35326.03,861773.89,18,True,False,False,0.88436,0.959008,0
dados_bancarios,6364503.42,14137775.0,7773271.58,9818.1,6374321.52,11,False,False,False,0.549823,0.99846,0
pix_copia_e_cola,2384953.68,32308209.7,29923256.02,23204.86,2408158.54,9,True,False,False,0.926181,0.990364,0
chave_pix,3003169.08,36401442.48,33398273.4,54684.69,3057853.77,17,True,False,False,0.917499,0.982117,0
pix_copia_e_cola,1689773.78,11151146.49,9461372.71,43405.1,1733178.88,17,False,False,False,0.848466,0.974956,0
chave_pix,19404.34,383009.99,363605.65,46.9,19451.24,22,True,True,True,0.949337,0.997589,1
